YEAR,COUNTYFIP,STATEICP,avg_digital_index,n_households,METRO
2013,0,2,0.3440462085308058,1688,0
2013,0,3,0.22981110547667302,7888,0
2013,0,4,0.2898003237992443,1853,0
2013,0,5,0.1307692307692308,195,0
2013,0,6,0.279970760233918,1026,0
2013,0,12,0.2589771490750815,919,0
2013,0,13,0.30184319833852585,9630,0
2013,0,14,0.29046798356091835,7543,0
2013,0,21,0.418767507002801,7497,0
2013,0,22,0.4076688129437017,6057,0
2013,0,23,0.4492399302865996,10328,0
2013,0,24,0.35278286761337646,8732,0
2013,0,25,0.4601083296735474,6831,0
2013,0,31,0.3787698775360996,5471,0
2013,0,32,0.37024442082890535,4705,0
2013,0,33,0.4620567839853457,7643,0
2013,0,34,0.3633585041352029,8343,0
2013,0,35,0.39191207853179677,2343,0
2013,0,36,0.33112582781456956,1057,0
2013,0,37,0.3486494421608924,1703,0
2013,0,40,0.3515595816212183,10708,0
2013,0,41,0.3627724070129447,6103,0
2013,0,42,0.3615431846090872,4886,0
2013,0,43,0.280357550833904,8754,0
2013,0,44,0.3203102625298325,10475,0
2013,0,45,0.3270537368746139,4857,0
2013,0,46,0.3380964012375838,6141,0
2013,0,47,0.33368827365899084,7513,0
2013,0,48,0.32435469837586967,6896,0
2013,0,49,0.3964107005388772,15588,0
2013,0,51,0.3302824753763239,5381,0
2013,0,52,0.3333901773533418,1466,0
2013,0,53,0.3980232711886818,7563,0
2013,0,54,0.3870458689858322,7129,0
2013,0,56,0.2846237731733914,2751,0
2013,0,61,0.31421446384039914,2807,0
2013,0,62,0.3944596784245295,8023,0
2013,0,63,0.46300484652665586,3095,0
2013,0,64,0.3768022657054583,1942,0
2013,0,65,0.42377666248431617,797,0
2013,0,66,0.361071807569862,2827,0
2013,0,67,0.4335652750165671,1509,0
2013,0,68,0.43931005110732546,1174,0
2013,0,71,0.3552429274292747,3252,0
2013,0,72,0.3600936100936099,2457,0
2013,0,73,0.390545505935557,3538,0
2013,0,81,0.35591836734693877,1225,0
2013,0,82,0.3374613003095974,323,0
2013,1,1,0.24707943925233647,856,4
2013,1,2,0.1951754385964912,114,4
2013,1,11,0.35603112840466944,257,4
2013,1,13,0.16269083969465647,524,4
2013,1,43,0.20891783567134267,499,4
2013,1,47,0.32470414201183434,338,4
2013,1,71,0.3326369545032495,2154,4
2013,1,82,0.33823529411764713,238,4
2013,1,98,0.21811945117029838,1239,4
2013,3,1,0.24873949579831942,1190,3
2013,3,3,0.274122807017544,342,3
2013,3,5,0.316793893129771,131,3
2013,3,11,0.24958471760797338,602,3
2013,3,12,0.265625,688,3
2013,3,14,0.2600849256900211,1413,3
2013,3,22,0.3229961832061068,524,3
2013,3,24,0.26616915422885573,201,3
2013,3,33,0.38977635782747605,313,3
2013,3,41,0.3578244274809161,262,3
2013,3,52,0.2539964476021313,563,3
2013,3,65,0.43314296967309984,2539,3
2013,3,82,0.2649082568807341,1526,3
2013,5,1,0.30000000000000004,220,3
2013,5,11,0.36671924290220814,317,3
2013,5,12,0.32780847145488035,543,3
2013,5,13,0.1902628434886499,1674,3
2013,5,23,0.5286885245901639,305,3
2013,5,45,0.3380681818181819,88,3
2013,5,52,0.28428725701943847,926,3
2013,5,61,0.2716666666666667,450,3
2013,5,72,0.42172211350293526,511,3
2013,7,1,0.16457286432160806,199,4
2013,7,5,0.19982394366197173,852,4
2013,7,12,0.3141025641025642,429,4
2013,7,24,0.28910614525139666,179,4
2013,7,42,0.31286266924564793,517,4
2013,7,48,0.3910505836575876,257,4
2013,7,71,0.34597156398104256,422,4
2013,9,1,0.22517271157167545,1158,3
2013,9,5,0.17211055276381906,199,3
2013,9,25,0.3838797814207651,366,3
2013,9,43,0.33100328947368424,608,3
2013,9,54,0.3797169811320755,212,3
2013,11,1,0.2130044843049328,446,3
2013,11,2,0.25,161,3
2013,11,14,0.301615798922801,557,3
2013,11,43,0.3760869565217392,1955,3
2013,11,67,0.5498554913294798,346,3
2013,11,73,0.44303278688524594,610,3
2013,13,1,0.078804347826087,368,3
2013,13,12,0.23791540785498494,993,3
2013,13,13,0.2894366197183099,355,3
2013,13,31,0.29119318181818193,176,3
2013,13,40,0.3396464646464647,198,3
2013,13,52,0.42426710097719883,307,3
2013,13,61,0.35188733473845557,5219,3
2013,13,66,0.35185185185185186,297,3
2013,13,71,0.3828786453433678,1063,3
2013,15,1,0.2389502762430939,181,3
2013,15,12,0.24155405405405403,296,3
2013,15,41,0.3145161290322581,186,3
2013,15,43,0.351461038961039,308,3
2013,15,44,0.38551401869158874,107,3
2013,15,51,0.3267045454545455,88,3
2013,15,52,0.43019480519480513,154,3
2013,17,12,0.3434256055363323,578,3
2013,17,14,0.2854872881355931,472,3
2013,17,24,0.25536062378167634,513,3
2013,17,36,0.37666666666666665,225,3
2013,17,43,0.3485294117647058,170,3
2013,17,45,0.32837837837837847,370,3
2013,17,52,0.40731707317073174,205,3
2013,17,53,0.3795180722891566,166,3
2013,17,71,0.437719298245614,285,3
2013,17,72,0.4684065934065934,182,3
2013,19,2,0.33958333333333324,360,4
2013,19,12,0.19972067039106162,179,4
2013,19,14,0.3040254237288136,236,4
2013,19,21,0.3085867620751342,559,4
2013,19,22,0.3625,140,4
2013,19,34,0.21557377049180326,305,4
2013,19,43,0.4959677419354838,248,4
2013,19,47,0.4375,196,4
2013,19,61,0.2924941588785047,1712,4
2013,19,63,0.5013440860215055,186,4
2013,19,71,0.3938275251033667,1693,4
2013,19,72,0.3469101123595506,178,4
2013,20,81,0.21643109540636044,283,2
2013,21,12,0.20049019607843138,510,4
2013,21,14,0.257645259938838,327,4
2013,21,23,0.3653846153846154,338,4
2013,21,43,0.4206249999999999,400,4
2013,21,44,0.22,350,4
2013,21,47,0.28954423592493295,373,4
2013,21,52,0.3929577464788732,355,4
2013,23,12,0.19599303135888507,861,4
2013,23,24,0.29545454545454547,220,4
2013,23,71,0.37919463087248323,298,4
2013,25,3,0.19595035924232532,1531,4
2013,25,12,0.25649350649350644,539,4
2013,25,25,0.35646687697160845,634,4
2013,25,52,0.3796296296296296,216,4
2013,25,61,0.3655405405405405,370,4
2013,25,71,0.25301810865191154,497,4
2013,27,12,0.21851851851851867,405,4
2013,27,13,0.1425097276264592,514,4
2013,27,14,0.16195372750642648,389,4
2013,27,49,0.3970019342359767,517,4
2013,27,52,0.34027777777777785,180,4
2013,27,53,0.24595842956120106,433,4
2013,27,61,0.32999999999999996,425,4
2013,29,12,0.26535714285714285,700,4
2013,29,13,0.26894223555888996,1333,4
2013,29,14,0.20203488372093023,516,4
2013,29,24,0.34311224489795916,196,4
2013,29,49,0.41299185888738166,2948,4
2013,29,71,0.27355425601039646,1539,4
2013,29,72,0.3225190839694656,262,4
2013,31,12,0.2378167641325536,513,2
2013,31,21,0.3491981581454422,6298,2
2013,31,43,0.3476764199655765,1162,2
2013,31,52,0.3450829383886257,844,2
2013,31,65,0.37759924385633287,529,2
2013,31,71,0.23151125401929276,622,2
2013,33,43,0.2026654411764706,544,4
2013,33,45,0.2846299810246679,527,4
2013,33,46,0.43604651162790703,215,4
2013,33,52,0.2945098039215685,1275,4
2013,33,73,0.35694444444444456,2520,4
2013,35,12,0.27824267782426776,239,3
2013,35,22,0.28846153846153855,286,3
2013,35,24,0.3143825301204815,1992,3
2013,35,47,0.27260638297872336,188,3
2013,35,67,0.3775331935709293,1431,3
2013,35,73,0.3645833333333333,384,3
2013,37,12,0.31179775280898875,178,3
2013,37,21,0.4166666666666667,222,3
2013,37,33,0.4272076372315036,419,3
2013,37,54,0.29817833173537867,1043,3
2013,37,71,0.3331437104458508,14063,3
2013,39,12,0.28824626865671643,536,3
2013,39,22,0.3775100401606426,249,3
2013,39,49,0.3540322580645164,620,3
2013,39,71,0.260230179028133,391,3
2013,39,72,0.41105769230769224,624,3
2013,41,12,0.3502994011976048,167,4
2013,41,24,0.43879668049792514,241,4
2013,41,40,0.31751336898395727,374,4
2013,41,49,0.27455357142857145,560,4
2013,41,71,0.316923076923077,325,4
2013,43,14,0.31295620437956206,274,3
2013,43,21,0.3769513314967861,1089,3
2013,43,52,0.2365591397849464,279,3
2013,43,66,0.42025089605734767,279,3
2013,45,14,0.16726618705035973,695,3
2013,45,24,0.4510676156583632,281,3
2013,45,32,0.17307692307692307,234,3
2013,45,44,0.3333333333333333,147,3
2013,47,13,0.31965488215488197,3564,2
2013,47,46,0.3471337579617834,314,2
2013,47,71,0.4458917835671342,499,2
2013,47,72,0.33712121212121215,660,2
2013,49,14,0.2936000000000002,625,4
2013,49,24,0.3225504861630517,1337,4
2013,49,47,0.3418367346938774,196,4
2013,49,66,0.43973747016706444,419,4
2013,49,67,0.4222457627118644,1180,4
2013,51,14,0.3163265306122449,245,4
2013,51,44,0.32136524822695045,564,4
2013,51,47,0.29952185792349734,732,4
2013,51,48,0.39766839378238356,386,4
2013,51,72,0.31975772765246446,1197,4
2013,53,33,0.30600981193785787,1223,4
2013,53,43,0.3773809523809524,210,4
2013,53,67,0.4630350194552528,257,4
2013,53,73,0.31009174311926596,1090,4
2013,55,13,0.2409255898366607,1102,4
2013,55,35,0.251470588235294,510,4
2013,55,41,0.37195121951219506,205,4
2013,55,45,0.24077868852459017,244,4
2013,55,71,0.42228464419475653,267,4
2013,57,24,0.2685439560439559,364,4
2013,57,43,0.3200123915737297,1614,4
2013,57,44,0.4196428571428571,140,4
2013,57,47,0.31818181818181823,187,4
2013,57,67,0.46616972477064206,436,4
2013,59,13,0.24634565778159914,1163,4
2013,59,25,0.2692307692307692,182,4
2013,59,44,0.21336206896551715,232,4
2013,59,46,0.36764705882352944,153,4
2013,59,71,0.34622017821213036,3479,4
2013,61,13,0.20705521472392652,1630,4
2013,61,24,0.32570262919310966,1103,4
2013,61,43,0.3360927152317881,151,4
2013,61,49,0.4307971014492751,690,4
2013,61,71,0.4957627118644069,590,4
2013,61,73,0.4300341296928328,879,4
2013,63,13,0.2844827586206897,290,4
2013,63,22,0.4150717703349282,209,4
2013,63,25,0.26073619631901834,163,4
2013,63,44,0.35477453580901863,377,4
2013,63,47,0.19954128440366978,436,4
2013,63,73,0.36275055679287294,898,4
2013,65,23,0.3145285935085009,647,3
2013,65,54,0.2623595505617977,445,3
2013,65,71,0.3581338883107874,2883,3
2013,67,44,0.3959156785243742,759,4
2013,67,47,0.2704081632653062,490,4
2013,67,51,0.2574200913242008,438,4
2013,67,71,0.3534992607195664,2029,4
2013,67,72,0.39878234398782364,657,4
2013,67,73,0.33868243243243246,296,4
2013,69,62,0.4072878228782288,542,4
2013,71,13,0.19216867469879517,415,4
2013,71,14,0.20994475138121552,543,4
2013,71,34,0.45422535211267606,213,4
2013,71,43,0.3800294406280667,1019,4
2013,71,45,0.28884093711467324,811,4
2013,71,47,0.4084595959595959,396,4
2013,71,71,0.3087532180948878,2719,4
2013,73,25,0.55859375,384,4
2013,73,41,0.2809938524590165,976,4
2013,73,43,0.22276264591439682,514,4
2013,73,44,0.40892857142857136,140,4
2013,73,45,0.1920152091254752,263,4
2013,73,71,0.2995893479342962,4018,4
2013,73,73,0.30368589743589747,312,4
2013,75,13,0.3361774744027303,293,2
2013,75,14,0.29464285714285726,196,2
2013,75,23,0.2997382198952879,382,2
2013,75,71,0.31003480278422263,862,2
2013,77,23,0.3707081545064377,466,4
2013,77,44,0.4030054644808743,183,4
2013,77,71,0.3928866832092638,1209,4
2013,77,73,0.3864155251141553,438,4
2013,79,25,0.28330206378986883,1066,4
2013,79,71,0.24709864603481635,517,4
2013,81,13,0.3142699115044245,2260,4
2013,81,22,0.33455882352941174,136,4
2013,81,23,0.3661417322834644,762,4
2013,81,41,0.255,250,4
2013,81,43,0.2962138084632516,449,4
2013,81,47,0.27991452991453,819,4
2013,81,71,0.3405698778833107,737,4
2013,83,13,0.2536231884057971,276,4
2013,83,43,0.3070652173913043,552,4
2013,83,48,0.3704379562043796,548,4
2013,83,71,0.23637071651090363,642,4
2013,85,13,0.25592672413793105,464,2
2013,85,14,0.24676724137931028,232,2
2013,85,43,0.26216216216216226,185,2
2013,85,47,0.35799319727891155,294,2
2013,85,49,0.5266323024054983,873,2
2013,85,71,0.3370503597122308,2085,2
2013,87,13,0.21767676767676775,495,3
2013,87,25,0.3606194690265487,226,3
2013,87,40,0.3837386018237081,329,3
2013,87,71,0.2639784946236561,465,3
2013,89,13,0.24890590809628027,457,4
2013,89,14,0.32954545454545453,110,4
2013,89,21,0.408,500,4
2013,89,22,0.3623417721518988,632,4
2013,89,24,0.2955607476635513,214,4
2013,89,71,0.36829652996845424,317,4
2013,91,13,0.2899659863945579,294,3
2013,91,14,0.21845637583892633,745,3
2013,91,21,0.3525390625,256,3
2013,91,22,0.24678456591639863,311,3
2013,91,32,0.4159292035398229,452,3
2013,91,43,0.3052434456928838,267,3
2013,91,48,0.3580729166666667,384,3
2013,91,49,0.40524193548387094,124,3
2013,93,13,0.27893518518518523,216,3
2013,93,23,0.47555205047318616,317,3
2013,93,24,0.35364583333333344,480,3
2013,95,22,0.24499999999999994,350,4
2013,95,34,0.3620129870129871,924,4
2013,95,43,0.2648870636550308,1461,4
2013,95,71,0.36840228245363765,701,4
2013,97,21,0.34822485207100595,845,4
2013,97,22,0.29849039341262573,1093,4
2013,97,41,0.2928816466552316,583,4
2013,97,43,0.34375,296,4
2013,97,44,0.349609375,128,4
2013,97,71,0.44256756756756754,666,4
2013,99,21,0.455078125,256,3
2013,99,23,0.3560939794419969,681,3
2013,99,34,0.48124999999999996,360,3
2013,99,43,0.3472920156337242,1791,3
2013,99,71,0.44751693002257364,886,3
2013,101,14,0.21866594943518017,1859,2
2013,101,25,0.31585365853658537,205,2
2013,101,43,0.35575364667747167,617,2
2013,101,47,0.3923267326732672,202,2
2013,103,13,0.18713768115942025,1380,3
2013,103,24,0.48023255813953486,215,3
2013,103,31,0.18333333333333338,180,3
2013,103,43,0.30640243902439007,1148,3
2013,103,45,0.3851351351351352,222,3
2013,105,22,0.13157894736842102,323,4
2013,105,25,0.4432565789473685,304,4
2013,105,43,0.318615257048093,1206,4
2013,107,14,0.23884758364312253,269,3
2013,107,40,0.5127118644067798,413,3
2013,107,71,0.47836938435940135,1202,3
2013,109,13,0.10734870317002877,347,4
2013,109,24,0.42156862745098034,153,4
2013,109,33,0.47402597402597413,231,4
2013,109,35,0.2560386473429951,414,4
2013,109,45,0.45860927152317876,151,4
2013,109,53,0.3107502799552071,893,4
2013,111,21,0.512668918918919,296,4
2013,111,43,0.35755813953488375,258,4
2013,111,51,0.3538461538461538,975,4
2013,111,71,0.337197580645161,992,4
2013,113,21,0.34714673913043476,368,4
2013,113,24,0.3321656050955413,785,4
2013,113,31,0.28649635036496357,274,4
2013,113,43,0.27490421455938696,261,4
2013,113,44,0.484375,80,4
2013,113,49,0.40257504819608914,3631,4
2013,113,71,0.3288409703504044,371,4
2013,115,21,0.38988095238095233,252,4
2013,115,23,0.4745762711864407,236,4
2013,115,43,0.35124760076775424,521,4
2013,117,25,0.4228110599078341,217,4
2013,117,41,0.4041666666666666,240,4
2013,117,43,0.40410958904109584,365,4
2013,117,44,0.5,194,4
2013,117,51,0.4367346938775511,245,4
2013,119,21,0.41620111731843573,358,4
2013,119,42,0.40081799591002054,489,4
2013,119,47,0.38141025641025644,1170,4
2013,121,23,0.3226047904191616,334,4
2013,121,49,0.4256613756613757,945,4
2013,123,33,0.25589970501474935,678,2
2013,125,23,0.38535173642030285,1123,3
2013,125,42,0.4459745762711863,236,3
2013,127,22,0.32443820224719094,178,1
2013,127,25,0.3636363636363636,187,1
2013,129,14,0.29116465863453816,498,3
2013,133,14,0.3639078498293516,586,4
2013,133,24,0.2524834437086093,302,4
2013,133,25,0.36967213114754094,305,4
2013,135,44,0.38330924855491333,692,3
2013,135,47,0.22818181818181815,275,3
2013,135,49,0.5412087912087913,273,3
2013,139,23,0.34837962962962954,432,4
2013,139,24,0.32716049382716045,243,4
2013,139,25,0.32734375,320,4
2013,139,44,0.33995815899581594,239,4
2013,139,49,0.538517441860465,344,4
2013,141,22,0.2959821428571428,560,4
2013,141,49,0.41961651917404136,1356,4
2013,143,21,0.37052341597796146,363,4
2013,143,42,0.2390965732087228,321,4
2013,145,23,0.4018987341772152,395,4
2013,145,33,0.35532687651331724,413,4
2013,147,23,0.5169902912621358,412,3
2013,147,47,0.24034749034749023,259,3
2013,149,54,0.3364864864864865,370,4
2013,151,44,0.4614361702127659,188,3
2013,151,47,0.35069444444444436,144,3
2013,153,24,0.3334627329192546,644,4
2013,153,35,0.3776595744680851,141,4
2013,157,22,0.23067632850241554,414,4
2013,157,49,0.45643322475570036,614,4
2013,157,54,0.34854694485842025,1342,4
2013,159,47,0.22311827956989244,186,3
2013,161,21,0.3823529411764705,289,4
2013,161,23,0.3253803596127248,723,4
2013,163,21,0.4090236686390532,338,4
2013,163,22,0.28092783505154645,291,4
2013,163,23,0.2935110663983903,1988,4
2013,163,31,0.33982683982684,231,4
2013,163,33,0.3687500000000001,200,4
2013,165,24,0.22409909909909917,222,3
2013,165,54,0.5010775862068965,232,3
2013,167,21,0.41588050314465413,318,4
2013,167,22,0.23003802281368818,263,4
2013,167,49,0.4083129584352078,409,4
2013,169,24,0.35668103448275856,232,1
2013,171,33,0.42556179775280917,178,3
2013,179,21,0.4292635658914728,258,3
2013,179,54,0.29611650485436886,206,3
2013,183,34,0.3965517241379311,348,4
2013,183,47,0.2795957651588066,1039,4
2013,183,49,0.31126482213438733,253,4
2013,185,44,0.24038461538461556,208,4
2013,187,49,0.4739776951672864,269,4
2013,187,54,0.46808510638297873,141,4
2013,189,34,0.35539215686274506,1224,3
2013,189,54,0.4832214765100671,149,3
2013,191,47,0.33047945205479456,146,4
2013,197,21,0.4298561151079138,695,3
2013,201,49,0.43529688972667285,5305,4
2013,209,32,0.38645418326693226,251,3
2013,209,49,0.30581761006289315,318,3
2013,215,49,0.40692821368948234,1198,4
2013,223,44,0.416058394160584,137,3
2013,227,51,0.3178137651821863,247,4
2013,245,44,0.2015151515151515,330,4
2013,245,49,0.24910554561717357,559,4
2013,251,49,0.5258810572687226,454,3
2013,257,49,0.48151408450704236,284,3
2013,303,49,0.3345588235294118,612,4
2013,309,49,0.3745519713261649,558,4
2013,313,44,0.36479591836734687,98,4
2013,329,49,0.35051546391752575,194,4
2013,339,49,0.41350210970464146,474,4
2013,355,49,0.382396449704142,676,2
2013,367,49,0.5272058823529411,340,3
2013,375,49,0.3308823529411764,306,4
2013,381,49,0.41,225,4
2013,423,49,0.41957605985037405,401,4
2013,439,49,0.425196850393701,2413,4
2013,441,49,0.35063897763578294,313,4
2013,451,49,0.28734439834024905,241,4
2013,453,49,0.3878224355128974,1667,4
2013,479,49,0.3071142284569137,499,4
2013,485,49,0.2905727923627685,419,4
2013,491,49,0.5237037037037038,675,3
2013,510,34,0.2555658627087199,539,2
2013,510,40,0.3706896551724138,145,2
2013,510,52,0.2912087912087911,1183,2
2013,550,40,0.2707509881422925,253,3
2013,650,40,0.2549751243781094,201,2
2013,700,40,0.22565543071161046,267,2
2013,760,40,0.24449339207048446,454,2
2013,810,40,0.2782426778242678,478,2
2014,0,2,0.33918406072106266,1581,0
2014,0,3,0.23172130041818362,7413,0
2014,0,4,0.2871301775147928,1690,0
2014,0,5,0.26150627615062766,239,0
2014,0,6,0.3014856557377049,976,0
2014,0,12,0.23520531400966202,828,0
2014,0,13,0.29324088228870915,9158,0
2014,0,14,0.2975331321348902,7621,0
2014,0,21,0.4146087680355162,7208,0
2014,0,22,0.4234948486799737,6212,0
2014,0,23,0.46090170762182403,9604,0
2014,0,24,0.3688103864734298,8280,0
2014,0,25,0.4723035439137131,6490,0
2014,0,31,0.3883912079793128,5414,0
2014,0,32,0.38201226436520574,4403,0
2014,0,33,0.47008248287431853,7153,0
2014,0,34,0.37902739230119487,8287,0
2014,0,35,0.4221524469467304,2309,0
2014,0,36,0.33741905642923214,1081,0
2014,0,37,0.3506765463917524,1552,0
2014,0,40,0.36605972664295067,10682,0
2014,0,41,0.3825372628726285,5904,0
2014,0,42,0.38443156396176514,4917,0
2014,0,43,0.29608416130917636,8555,0
2014,0,44,0.3277040030792919,10392,0
2014,0,45,0.35663457513603924,4778,0
2014,0,46,0.33473951507208405,6104,0
2014,0,47,0.3362886597938144,7275,0
2014,0,48,0.31971480307831585,6627,0
2014,0,49,0.40827733264409327,15476,0
2014,0,51,0.34936078210189814,5319,0
2014,0,52,0.34518828451882855,1434,0
2014,0,53,0.4179355881956609,7421,0
2014,0,54,0.39070158241142694,7141,0
2014,0,56,0.3021060275962233,2754,0
2014,0,61,0.32384751773049664,2820,0
2014,0,62,0.40731847867844784,7809,0
2014,0,63,0.4688019966722134,3005,0
2014,0,64,0.40332244008714596,1836,0
2014,0,65,0.5012610340479191,793,0
2014,0,66,0.39538685070831836,2753,0
2014,0,67,0.44395604395604404,1365,0
2014,0,68,0.4025096525096525,1036,0
2014,0,71,0.3759168704156482,3272,0
2014,0,72,0.3809780267126238,2321,0
2014,0,73,0.4150587880615017,3317,0
2014,0,81,0.39429133858267695,1270,0
2014,0,82,0.32862190812720854,283,0
2014,1,1,0.24813200498131988,803,4
2014,1,2,0.23425196850393698,127,4
2014,1,11,0.3492217898832684,257,4
2014,1,13,0.1534552845528456,492,4
2014,1,43,0.1953740157480315,508,4
2014,1,47,0.36912225705329155,319,4
2014,1,71,0.34244246861924704,1912,4
2014,1,82,0.2904676258992806,278,4
2014,1,98,0.23007246376811594,1242,4
2014,3,1,0.2765817223198595,1138,3
2014,3,3,0.33092105263157884,380,3
2014,3,5,0.3326923076923077,130,3
2014,3,11,0.30350877192982445,570,3
2014,3,12,0.2870813397129186,627,3
2014,3,14,0.26264245014245,1404,3
2014,3,22,0.3556263269639066,471,3
2014,3,24,0.21217105263157898,152,3
2014,3,33,0.4127155172413793,232,3
2014,3,41,0.4352226720647773,247,3
2014,3,52,0.2653917910447763,536,3
2014,3,65,0.422313336210617,2317,3
2014,3,82,0.27331887201735366,1383,3
2014,5,1,0.30675675675675673,185,3
2014,5,11,0.4383012820512821,312,3
2014,5,12,0.31963470319634696,438,3
2014,5,13,0.22038060159607126,1629,3
2014,5,23,0.5710431654676259,278,3
2014,5,45,0.25,50,3
2014,5,52,0.268041237113402,873,3
2014,5,61,0.35365853658536595,492,3
2014,5,72,0.4467391304347825,460,3
2014,7,1,0.19186046511627916,172,4
2014,7,5,0.18678160919540227,870,4
2014,7,12,0.2993273542600897,446,4
2014,7,24,0.2580645161290323,155,4
2014,7,42,0.3588007736943907,517,4
2014,7,48,0.41932270916334663,251,4
2014,7,71,0.35760517799352753,309,4
2014,9,1,0.19389763779527538,1016,3
2014,9,5,0.20915841584158415,202,3
2014,9,25,0.32059585492227993,386,3
2014,9,43,0.31675627240143367,558,3
2014,9,54,0.39268292682926836,205,3
2014,11,1,0.19794188861985468,413,3
2014,11,2,0.2486111111111112,180,3
2014,11,14,0.2719216417910447,536,3
2014,11,43,0.4055760126249345,1901,3
2014,11,67,0.5495129870129871,308,3
2014,11,73,0.46788617886178824,615,3
2014,13,1,0.08213256484149856,347,3
2014,13,12,0.22558268590455066,901,3
2014,13,13,0.33773087071240104,379,3
2014,13,31,0.2767857142857142,196,3
2014,13,40,0.3960843373493976,166,3
2014,13,52,0.4143356643356643,286,3
2014,13,61,0.37669683257918574,4641,3
2014,13,66,0.36268656716417913,335,3
2014,13,71,0.45061188811188807,1144,3
2014,15,1,0.18979057591623036,191,3
2014,15,12,0.23645833333333338,240,3
2014,15,41,0.34886363636363643,220,3
2014,15,43,0.39008620689655177,232,3
2014,15,44,0.46428571428571425,105,3
2014,15,51,0.4747706422018349,109,3
2014,15,52,0.3024475524475524,143,3
2014,17,12,0.3362708719851577,539,3
2014,17,14,0.251918158567775,391,3
2014,17,24,0.3128834355828221,489,3
2014,17,36,0.3796728971962617,214,3
2014,17,43,0.3303030303030303,165,3
2014,17,45,0.3851706036745407,381,3
2014,17,52,0.4435897435897435,195,3
2014,17,53,0.39935064935064934,154,3
2014,17,71,0.5018315018315018,273,3
2014,17,72,0.4702868852459016,244,3
2014,19,2,0.27739726027397255,292,4
2014,19,12,0.212797619047619,168,4
2014,19,14,0.2919776119402985,268,4
2014,19,21,0.2955426356589146,516,4
2014,19,22,0.3725165562913907,151,4
2014,19,34,0.19542772861356936,339,4
2014,19,43,0.4741035856573705,251,4
2014,19,47,0.40760869565217395,184,4
2014,19,61,0.33575778078484464,1478,4
2014,19,63,0.5083892617449666,149,4
2014,19,71,0.422957746478873,1775,4
2014,19,72,0.4162303664921467,191,4
2014,20,81,0.2625482625482626,259,2
2014,21,12,0.13963963963963957,444,4
2014,21,14,0.3328651685393259,356,4
2014,21,23,0.34596774193548396,310,4
2014,21,43,0.36992385786802034,394,4
2014,21,44,0.19948630136986295,292,4
2014,21,47,0.284235668789809,314,4
2014,21,52,0.39191419141914197,303,4
2014,23,12,0.18770764119601333,903,4
2014,23,24,0.336111111111111,270,4
2014,23,71,0.40871710526315796,304,4
2014,25,3,0.19577666428060134,1397,4
2014,25,12,0.28140703517587934,398,4
2014,25,25,0.34831460674157305,534,4
2014,25,52,0.3340425531914894,235,4
2014,25,61,0.40982404692082103,341,4
2014,25,71,0.20197044334975367,406,4
2014,27,12,0.19914040114613177,349,4
2014,27,13,0.13581952117863738,543,4
2014,27,14,0.13333333333333325,375,4
2014,27,49,0.378640776699029,515,4
2014,27,52,0.3516949152542373,177,4
2014,27,53,0.2874423963133639,434,4
2014,27,61,0.3340517241379312,348,4
2014,29,12,0.26305970149253743,670,4
2014,29,13,0.2736430921052628,1216,4
2014,29,14,0.17801339285714282,448,4
2014,29,24,0.4191176470588236,204,4
2014,29,49,0.3803335919317298,2578,4
2014,29,71,0.28678623718887275,1366,4
2014,29,72,0.34351851851851867,270,4
2014,31,12,0.2571059431524548,387,2
2014,31,21,0.33291190864600295,6130,2
2014,31,43,0.369488536155203,1134,2
2014,31,52,0.33095854922279805,772,2
2014,31,65,0.4314744801512288,529,2
2014,31,71,0.211730449251248,601,2
2014,33,43,0.2194244604316547,556,4
2014,33,45,0.27673267326732637,505,4
2014,33,46,0.43315508021390375,187,4
2014,33,52,0.30072773972602745,1168,4
2014,33,73,0.3445136007376673,2169,4
2014,35,12,0.2610441767068274,249,3
2014,35,22,0.21810699588477372,243,3
2014,35,24,0.3291824580400649,1847,3
2014,35,47,0.25,156,3
2014,35,67,0.41791633780584075,1267,3
2014,35,73,0.39571428571428563,350,3
2014,37,12,0.32012195121951215,164,2
2014,37,21,0.3177570093457944,214,2
2014,37,33,0.4762611275964391,337,2
2014,37,54,0.28090172239108413,987,2
2014,37,71,0.3705457746478875,14200,2
2014,39,12,0.3061797752808989,445,3
2014,39,22,0.4439252336448597,321,3
2014,39,49,0.4086700336700338,594,3
2014,39,71,0.3147138964577657,367,3
2014,39,72,0.41627543035993736,639,3
2014,41,12,0.3400735294117647,136,4
2014,41,24,0.41352201257861637,159,4
2014,41,40,0.36198738170347,317,4
2014,41,49,0.25,465,4
2014,41,71,0.30662020905923343,287,4
2014,43,14,0.34098360655737703,305,3
2014,43,21,0.4019323671497585,1035,3
2014,43,52,0.20397111913357394,277,3
2014,43,66,0.41098484848484845,264,3
2014,45,14,0.18629807692307707,624,3
2014,45,24,0.43555555555555553,225,3
2014,45,32,0.13888888888888887,207,3
2014,45,44,0.29733727810650884,169,3
2014,47,13,0.3031770045385779,3305,2
2014,47,46,0.3196308724832215,298,2
2014,47,71,0.4178719008264463,484,2
2014,47,72,0.3527607361963187,652,2
2014,49,14,0.27509652509652516,518,4
2014,49,24,0.3189457601222307,1309,4
2014,49,47,0.3380102040816326,196,4
2014,49,66,0.45561357702349864,383,4
2014,49,67,0.44929718875502,996,4
2014,51,14,0.3406113537117903,229,4
2014,51,44,0.2571564885496182,524,4
2014,51,47,0.31326219512195114,656,4
2014,51,48,0.3705250596658711,419,4
2014,51,72,0.3515831134564643,1137,4
2014,53,33,0.3016934046345812,1122,4
2014,53,43,0.36981566820276496,217,4
2014,53,67,0.4716981132075472,318,4
2014,53,73,0.33265306122448984,980,4
2014,55,13,0.2556706114398421,1014,4
2014,55,35,0.23498964803312622,483,4
2014,55,41,0.358974358974359,195,4
2014,55,45,0.28367875647668384,193,4
2014,55,71,0.4503012048192771,332,4
2014,57,24,0.28885630498533715,341,4
2014,57,43,0.3125821287779236,1522,4
2014,57,44,0.4685792349726775,183,4
2014,57,47,0.29353932584269665,178,4
2014,57,67,0.50201072386059,373,4
2014,59,13,0.21458527493010232,1073,4
2014,59,25,0.3125,180,4
2014,59,44,0.16857798165137614,218,4
2014,59,46,0.3928571428571429,168,4
2014,59,71,0.35191637630662026,3157,4
2014,61,13,0.2056760204081633,1568,4
2014,61,24,0.3363471971066908,1106,4
2014,61,43,0.34230769230769226,130,4
2014,61,49,0.3888888888888887,567,4
2014,61,71,0.5266472868217054,516,4
2014,61,73,0.3808641975308641,810,4
2014,63,13,0.368731563421829,339,4
2014,63,22,0.4921875,192,4
2014,63,25,0.22847682119205298,151,4
2014,63,44,0.32228116710875315,377,4
2014,63,47,0.23313253012048188,415,4
2014,63,73,0.35911602209944743,905,4
2014,65,23,0.26660839160839156,572,3
2014,65,54,0.21853146853146857,429,3
2014,65,71,0.3663250629270049,2781,3
2014,67,44,0.38247863247863256,585,4
2014,67,47,0.3273148148148147,540,4
2014,67,51,0.2746848739495798,476,4
2014,67,71,0.3994552344860255,2111,4
2014,67,72,0.3575803981623278,653,4
2014,67,73,0.3272900763358779,262,4
2014,69,62,0.4405010438413361,479,4
2014,71,13,0.21128731343283585,536,3
2014,71,14,0.2808586762075135,559,3
2014,71,34,0.45224719101123595,178,3
2014,71,43,0.3942953020134228,1043,3
2014,71,45,0.31413793103448273,725,3
2014,71,47,0.43825301204819284,332,3
2014,71,71,0.3251908396946568,2620,3
2014,73,25,0.5534090909090909,440,4
2014,73,41,0.31219630709426616,1029,4
2014,73,43,0.25860420650095595,523,4
2014,73,44,0.42694805194805197,154,4
2014,73,45,0.23737373737373757,297,4
2014,73,71,0.321946878422782,3652,4
2014,73,73,0.33333333333333337,336,4
2014,75,13,0.3131768953068592,277,2
2014,75,14,0.3463687150837988,179,2
2014,75,23,0.28625000000000006,400,2
2014,75,71,0.32834685598377283,986,2
2014,77,23,0.33557951482479775,371,4
2014,77,44,0.4426751592356688,157,4
2014,77,71,0.411041666666667,1200,4
2014,77,73,0.41687499999999994,400,4
2014,79,25,0.26694139194139177,1092,4
2014,79,71,0.26686507936507947,504,4
2014,81,13,0.336556829035339,2094,4
2014,81,22,0.35309278350515466,194,4
2014,81,23,0.3742877492877493,702,4
2014,81,41,0.24499999999999994,200,4
2014,81,43,0.33808553971486754,491,4
2014,81,47,0.2856741573033708,890,4
2014,81,71,0.34576271186440677,590,4
2014,83,13,0.28426791277258573,321,4
2014,83,43,0.2879464285714285,448,4
2014,83,48,0.353756708407871,559,4
2014,83,71,0.2754629629629628,648,4
2014,85,13,0.2396088019559903,409,2
2014,85,14,0.24311023622047248,254,2
2014,85,43,0.24858757062146894,177,2
2014,85,47,0.3333333333333333,294,2
2014,85,49,0.54,825,2
2014,85,71,0.3668032786885247,1952,2
2014,87,13,0.2174157303370786,445,3
2014,87,25,0.4206484641638225,293,3
2014,87,40,0.40936555891238663,331,3
2014,87,71,0.28864168618266967,427,3
2014,89,13,0.27116704805491987,437,4
2014,89,14,0.2665094339622641,106,4
2014,89,21,0.42934782608695626,460,4
2014,89,22,0.40909090909090945,660,4
2014,89,24,0.36467889908256873,218,4
2014,89,71,0.4241214057507987,313,4
2014,91,13,0.2805343511450381,262,4
2014,91,14,0.2404980340760159,763,4
2014,91,21,0.4280303030303032,330,4
2014,91,22,0.28202846975088985,281,4
2014,91,32,0.38749999999999996,400,4
2014,91,43,0.2989296636085626,327,4
2014,91,48,0.37542955326460486,291,4
2014,91,49,0.4288617886178862,123,4
2014,93,13,0.25,186,3
2014,93,23,0.4636194029850747,268,3
2014,93,24,0.28603603603603606,444,3
2014,95,22,0.32821637426900574,342,4
2014,95,34,0.36091340450771053,843,4
2014,95,43,0.29275412087912106,1456,4
2014,95,71,0.4095744680851064,705,4
2014,97,21,0.39085014409221885,694,4
2014,97,22,0.34625,1200,4
2014,97,41,0.3109861591695502,578,4
2014,97,43,0.3740458015267175,262,4
2014,97,44,0.375,136,4
2014,97,71,0.4428571428571427,665,4
2014,99,21,0.47241379310344833,290,3
2014,99,23,0.30226904376012964,617,3
2014,99,34,0.48602484472049706,322,3
2014,99,43,0.3499999999999999,1665,3
2014,99,71,0.45044191919191917,792,3
2014,101,14,0.2498568155784652,1746,2
2014,101,25,0.3032608695652176,230,2
2014,101,43,0.36930199430199434,702,2
2014,101,47,0.3449720670391062,179,2
2014,103,13,0.1721518987341772,1185,3
2014,103,24,0.4,150,3
2014,103,31,0.20231958762886607,194,3
2014,103,43,0.29924559932942163,1193,3
2014,103,45,0.40021929824561403,228,3
2014,105,22,0.16048387096774194,310,4
2014,105,25,0.45103857566765576,337,4
2014,105,43,0.29613420860685624,1371,4
2014,107,14,0.2827586206896552,290,3
2014,107,40,0.5275537634408604,372,3
2014,107,71,0.4865401588702561,1133,3
2014,109,13,0.10030395136778111,329,4
2014,109,24,0.3827433628318584,113,4
2014,109,33,0.4440298507462687,201,4
2014,109,35,0.2892857142857142,420,4
2014,109,45,0.35496183206106885,131,4
2014,109,53,0.31224696356275294,988,4
2014,111,21,0.5391459074733097,281,4
2014,111,43,0.33408071748878915,223,4
2014,111,51,0.34503929273084477,1018,4
2014,111,71,0.380592841163311,894,4
2014,113,21,0.35349854227405253,343,4
2014,113,24,0.3220053835800809,743,4
2014,113,31,0.29779411764705876,272,4
2014,113,43,0.2945454545454544,275,4
2014,113,44,0.5431034482758621,87,4
2014,113,49,0.4269905145156653,3479,4
2014,113,71,0.3852097130242825,453,4
2014,115,21,0.4094650205761316,243,4
2014,115,23,0.4735099337748345,151,4
2014,115,43,0.343680709534368,451,4
2014,117,25,0.5040650406504066,246,4
2014,117,41,0.42926829268292666,205,4
2014,117,43,0.44430992736077474,413,4
2014,117,44,0.4952229299363057,157,4
2014,117,51,0.39655172413793105,203,4
2014,119,21,0.36153846153846153,325,4
2014,119,42,0.3929313929313929,481,4
2014,119,47,0.3963829787234045,1175,4
2014,121,23,0.2532258064516129,310,4
2014,121,49,0.4229141475211609,827,4
2014,123,33,0.2829888712241654,629,2
2014,125,23,0.3434829059829057,936,3
2014,125,42,0.5394144144144144,222,3
2014,127,22,0.30053191489361697,188,1
2014,127,25,0.36740890688259115,247,1
2014,129,14,0.3205555555555554,450,3
2014,133,14,0.35,475,3
2014,133,24,0.29480286738351263,279,3
2014,133,25,0.3188291139240506,316,3
2014,135,44,0.4422782874617738,654,3
2014,135,47,0.21465517241379314,290,3
2014,135,49,0.5399659863945578,294,3
2014,139,23,0.2997572815533981,412,3
2014,139,24,0.2794811320754716,212,3
2014,139,25,0.26943462897526493,283,3
2014,139,44,0.30936073059360725,219,3
2014,139,49,0.5290055248618786,362,3
2014,141,22,0.29603960396039575,505,4
2014,141,49,0.39357959542656107,1137,4
2014,143,21,0.31656346749226005,323,4
2014,143,42,0.2537993920972645,329,4
2014,145,23,0.38739946380697055,373,4
2014,145,33,0.39705882352941163,425,4
2014,147,23,0.5257660167130918,359,3
2014,147,47,0.2611788617886181,246,3
2014,149,54,0.3782973621103118,417,4
2014,151,44,0.3546511627906977,172,3
2014,151,47,0.3245412844036699,218,3
2014,153,24,0.33117443868739205,579,4
2014,153,35,0.36711711711711703,111,4
2014,157,22,0.18105670103092786,388,4
2014,157,49,0.5102564102564102,585,4
2014,157,54,0.35694875776397517,1288,4
2014,159,47,0.2819767441860465,258,3
2014,161,21,0.3211111111111111,225,4
2014,161,23,0.3118238021638333,647,4
2014,163,21,0.40095846645367417,313,4
2014,163,22,0.24335548172757485,301,4
2014,163,23,0.2792295258620689,1856,4
2014,163,31,0.3878378378378378,185,4
2014,163,33,0.3052208835341364,249,4
2014,165,24,0.2956989247311828,186,3
2014,165,54,0.48505976095617537,251,3
2014,167,21,0.4230769230769231,364,4
2014,167,22,0.2234432234432234,273,4
2014,167,49,0.3864653243847875,447,4
2014,169,24,0.3355555555555555,225,1
2014,171,33,0.4678362573099415,171,3
2014,179,21,0.4619047619047618,210,3
2014,179,54,0.3104838709677419,186,3
2014,183,34,0.3931686046511628,344,4
2014,183,47,0.2870539798719123,1093,4
2014,183,49,0.34938524590163933,244,4
2014,185,44,0.2805429864253395,221,4
2014,187,49,0.49913494809688586,289,4
2014,187,54,0.4982993197278911,147,4
2014,189,34,0.32567567567567557,1110,3
2014,189,54,0.44264705882352956,170,3
2014,191,47,0.3088235294117648,204,4
2014,197,21,0.41283124128312426,717,3
2014,201,49,0.4600036948087934,5413,4
2014,209,32,0.3722222222222224,270,3
2014,209,49,0.36860795454545453,352,3
2014,215,49,0.4249543795620439,1096,4
2014,223,44,0.47010869565217395,92,3
2014,227,51,0.3162393162393164,234,4
2014,245,44,0.1875,328,4
2014,245,49,0.2625523012552302,478,4
2014,251,49,0.5152714932126697,442,3
2014,257,49,0.47064777327935226,247,3
2014,303,49,0.36767169179229486,597,4
2014,309,49,0.36483931947069936,529,4
2014,313,44,0.2706422018348624,109,4
2014,329,49,0.426751592356688,157,4
2014,339,49,0.4650313152400836,479,4
2014,355,49,0.48283931357254284,641,2
2014,367,49,0.5950255102040817,392,3
2014,375,49,0.2989999999999998,250,4
2014,381,49,0.43544600938967143,213,4
2014,423,49,0.42164179104477606,402,4
2014,439,49,0.4312775330396475,2270,4
2014,441,49,0.3658536585365853,328,4
2014,451,49,0.2630890052356021,191,4
2014,453,49,0.3365112994350284,1416,4
2014,479,49,0.28682719546742214,353,4
2014,485,49,0.25921052631578945,380,4
2014,491,49,0.524294670846395,638,3
2014,510,34,0.25917926565874727,463,2
2014,510,40,0.4427710843373494,166,2
2014,510,52,0.3296943231441047,1145,2
2014,550,40,0.37702265372168275,309,3
2014,650,40,0.2349726775956284,183,2
2014,700,40,0.24397590361445787,249,2
2014,760,40,0.2304772234273317,461,2
2014,810,40,0.31211180124223603,483,2
2015,0,2,0.32692307692307704,1573,0
2015,0,3,0.21777879341864725,7658,0
2015,0,4,0.2651979921918572,1793,0
2015,0,5,0.269455252918288,257,0
2015,0,6,0.2845717234262125,969,0
2015,0,12,0.2067583046964489,873,0
2015,0,13,0.29765978584832736,9059,0
2015,0,14,0.2951561034436553,7463,0
2015,0,21,0.43718967229394295,7049,0
2015,0,22,0.42558799675588016,6165,0
2015,0,23,0.4657409337223843,9596,0
2015,0,24,0.3747918648905803,8408,0
2015,0,25,0.4700578298584692,6571,0
2015,0,31,0.3868968779564803,5285,0
2015,0,32,0.3830181905217803,4178,0
2015,0,33,0.472199341021417,7284,0
2015,0,34,0.3960365477219408,8099,0
2015,0,35,0.43592057761732866,2216,0
2015,0,36,0.36427193828351023,1037,0
2015,0,37,0.3424680564895766,1487,0
2015,0,40,0.3484877859635515,10316,0
2015,0,41,0.3716428322288106,5734,0
2015,0,42,0.3915656565656564,4950,0
2015,0,43,0.29619321817018607,7815,0
2015,0,44,0.33405768470960057,10124,0
2015,0,45,0.3407913818106485,4827,0
2015,0,46,0.34252336448598164,5885,0
2015,0,47,0.34001436781609173,6960,0
2015,0,48,0.32266657195624404,7039,0
2015,0,49,0.4288865082865967,15869,0
2015,0,51,0.33091429699842057,5064,0
2015,0,52,0.35517693315858423,1526,0
2015,0,53,0.43648443954833377,7262,0
2015,0,54,0.38891632566671386,7087,0
2015,0,56,0.2814992025518339,2508,0
2015,0,61,0.31852744807121636,2696,0
2015,0,62,0.4061771561771556,7293,0
2015,0,63,0.4770916334661354,3012,0
2015,0,64,0.406412930135558,1918,0
2015,0,65,0.5178571428571428,840,0
2015,0,66,0.3676417151162791,2752,0
2015,0,67,0.45436067997043605,1353,0
2015,0,68,0.4493362831858408,1130,0
2015,0,71,0.3865054602184087,3205,0
2015,0,72,0.3918358889349359,2413,0
2015,0,73,0.4251870324189529,3208,0
2015,0,81,0.4301242236024846,1288,0
2015,0,82,0.38545816733067734,251,0
2015,1,1,0.2904540162980209,859,4
2015,1,2,0.2014925373134328,134,4
2015,1,11,0.38461538461538464,208,4
2015,1,13,0.22393992932862197,566,4
2015,1,43,0.1875,520,4
2015,1,47,0.3264331210191083,314,4
2015,1,71,0.37805148690634693,2253,4
2015,1,82,0.3555045871559633,218,4
2015,1,98,0.23560100166944897,1198,4
2015,3,1,0.24649050371593734,1211,3
2015,3,3,0.3027989821882951,393,3
2015,3,5,0.21495327102803743,107,3
2015,3,11,0.28577441077441085,594,3
2015,3,12,0.28566333808844496,701,3
2015,3,14,0.2563543936092957,1377,3
2015,3,22,0.3347107438016529,484,3
2015,3,24,0.2692307692307693,156,3
2015,3,33,0.3722826086956521,276,3
2015,3,41,0.36815068493150677,292,3
2015,3,52,0.2711069418386491,533,3
2015,3,65,0.4251123315027461,2003,3
2015,3,82,0.2594197437829692,1327,3
2015,5,1,0.25495049504950495,202,3
2015,5,11,0.43513513513513524,370,3
2015,5,12,0.2901891252955083,423,3
2015,5,13,0.19009584664536766,1565,3
2015,5,23,0.5354545454545456,275,3
2015,5,45,0.4711538461538461,52,3
2015,5,52,0.2865984930032294,929,3
2015,5,61,0.325741525423729,472,3
2015,5,72,0.4594117647058825,425,3
2015,7,1,0.1761083743842364,203,4
2015,7,5,0.2084239130434783,920,4
2015,7,12,0.3129453681710213,421,4
2015,7,24,0.2520161290322581,124,4
2015,7,42,0.3368959107806692,538,4
2015,7,48,0.356463878326996,263,4
2015,7,71,0.37593516209476324,401,4
2015,9,1,0.22695390781563118,998,3
2015,9,5,0.1635638297872341,188,3
2015,9,25,0.3931962025316457,316,3
2015,9,43,0.3380077369439072,517,3
2015,9,54,0.40950920245398775,163,3
2015,11,1,0.24528301886792447,424,3
2015,11,2,0.2115384615384615,143,3
2015,11,14,0.2975171232876715,584,3
2015,11,43,0.3886566332218504,1794,3
2015,11,67,0.5316358024691359,324,3
2015,11,73,0.4593345656192237,541,3
2015,13,1,0.13384615384615392,325,3
2015,13,12,0.2529481132075471,848,3
2015,13,13,0.25155763239875395,321,3
2015,13,31,0.2515822784810127,158,3
2015,13,40,0.4137931034482759,174,3
2015,13,52,0.4230769230769231,338,3
2015,13,61,0.39953859060402647,4768,3
2015,13,66,0.36544117647058827,340,3
2015,13,71,0.44666353383458657,1064,3
2015,15,1,0.21122994652406418,187,3
2015,15,12,0.2574257425742574,202,3
2015,15,41,0.3641304347826087,184,3
2015,15,43,0.3811475409836065,244,3
2015,15,44,0.42792792792792794,111,3
2015,15,51,0.347560975609756,82,3
2015,15,52,0.37716763005780346,173,3
2015,17,12,0.3731527093596059,609,3
2015,17,14,0.2456043956043956,455,3
2015,17,24,0.3113496932515338,489,3
2015,17,36,0.360054347826087,184,3
2015,17,43,0.3023952095808384,167,3
2015,17,45,0.3848238482384824,369,3
2015,17,52,0.45977011494252873,174,3
2015,17,53,0.535904255319149,188,3
2015,17,71,0.5040849673202612,306,3
2015,17,72,0.49662162162162166,222,3
2015,19,2,0.23026315789473684,304,4
2015,19,12,0.29634831460674155,178,4
2015,19,14,0.2807203389830507,236,4
2015,19,21,0.2761341222879684,507,4
2015,19,22,0.4670138888888889,144,4
2015,19,34,0.1698275862068964,290,4
2015,19,43,0.43478260869565205,230,4
2015,19,47,0.41467065868263475,167,4
2015,19,61,0.3618792325056434,1772,4
2015,19,63,0.5147058823529411,170,4
2015,19,71,0.4099816289038582,1633,4
2015,19,72,0.45157068062827227,191,4
2015,20,81,0.2735849056603774,265,2
2015,21,12,0.15812917594654796,449,4
2015,21,14,0.327027027027027,370,4
2015,21,23,0.3554817275747508,301,4
2015,21,43,0.3685185185185184,405,4
2015,21,44,0.2171052631578948,304,4
2015,21,47,0.2686335403726708,322,4
2015,21,52,0.36349206349206353,315,4
2015,23,12,0.18708971553610496,914,4
2015,23,24,0.3564814814814814,216,4
2015,23,71,0.4217252396166134,313,4
2015,25,3,0.19920798898071637,1452,4
2015,25,12,0.28676470588235287,476,4
2015,25,25,0.3097643097643098,594,4
2015,25,52,0.39390243902439026,205,4
2015,25,61,0.3876329787234041,376,4
2015,25,71,0.2275064267352184,389,4
2015,27,12,0.2268786127167631,346,4
2015,27,13,0.16854508196721313,488,4
2015,27,14,0.1812933025404156,433,4
2015,27,49,0.35597302504816963,519,4
2015,27,52,0.28072625698324016,179,4
2015,27,53,0.26898734177215183,395,4
2015,27,61,0.3649328859060402,298,4
2015,29,12,0.27252584933530294,677,4
2015,29,13,0.25606305578011324,1237,4
2015,29,14,0.24290393013100423,458,4
2015,29,24,0.4170258620689656,232,4
2015,29,49,0.3865979381443297,2425,4
2015,29,71,0.2963537626066718,1289,4
2015,29,72,0.4395522388059701,335,4
2015,31,12,0.22721962616822425,428,2
2015,31,21,0.351993606998654,5944,2
2015,31,43,0.36436170212765945,1128,2
2015,31,52,0.39453125,832,2
2015,31,65,0.4700000000000001,525,2
2015,31,71,0.17956349206349204,504,2
2015,33,43,0.24378330373001786,563,4
2015,33,45,0.30512249443207135,449,4
2015,33,46,0.49117647058823527,255,4
2015,33,52,0.29229741763134487,1123,4
2015,33,73,0.33210200190657774,2098,4
2015,35,12,0.20053475935828888,187,3
2015,35,22,0.25361010830324904,277,3
2015,35,24,0.33208556149732626,1870,3
2015,35,47,0.30757575757575756,165,3
2015,35,67,0.44685185185185183,1350,3
2015,35,73,0.342296511627907,344,3
2015,37,12,0.32994186046511625,172,2
2015,37,21,0.3093922651933701,181,2
2015,37,33,0.461376404494382,356,2
2015,37,54,0.3077116935483871,992,2
2015,37,71,0.3892653600222405,14388,2
2015,39,12,0.3115550755939524,463,3
2015,39,22,0.40303738317757015,214,3
2015,39,49,0.37580645161290316,620,3
2015,39,71,0.328080229226361,349,3
2015,39,72,0.382660687593423,669,3
2015,41,12,0.31799999999999995,125,4
2015,41,24,0.3882211538461539,208,4
2015,41,40,0.33156028368794327,282,4
2015,41,49,0.27027027027027034,555,4
2015,41,71,0.3613184079601989,402,4
2015,43,14,0.35404191616766456,334,3
2015,43,21,0.4048295454545454,880,3
2015,43,52,0.2526978417266188,278,3
2015,43,66,0.4669260700389104,257,3
2015,45,14,0.18326118326118318,693,3
2015,45,24,0.40222772277227714,202,3
2015,45,32,0.18965517241379312,232,3
2015,45,44,0.3179611650485437,206,3
2015,47,13,0.31728518890003343,2991,2
2015,47,46,0.3350840336134453,238,2
2015,47,71,0.4606031128404671,514,2
2015,47,72,0.39700374531835214,534,2
2015,49,14,0.20501893939393934,528,4
2015,49,24,0.3221422861710631,1251,4
2015,49,47,0.3713235294117648,204,4
2015,49,66,0.5163316582914574,398,4
2015,49,67,0.4047532656023224,1378,4
2015,51,14,0.3271484375,256,4
2015,51,44,0.270242914979757,494,4
2015,51,47,0.2624570446735395,582,4
2015,51,48,0.35702614379085024,306,4
2015,51,72,0.327930728241563,1126,4
2015,53,33,0.2980599647266314,1134,4
2015,53,43,0.40126050420168075,238,4
2015,53,67,0.4285714285714286,245,4
2015,53,73,0.33751080380293846,1157,4
2015,55,13,0.21202213279678056,994,4
2015,55,35,0.19094036697247707,436,4
2015,55,41,0.41161616161616155,198,4
2015,55,45,0.23587570621468923,177,4
2015,55,71,0.4140316205533597,253,4
2015,57,24,0.2813370473537604,359,4
2015,57,43,0.3295612813370474,1436,4
2015,57,44,0.2972222222222222,90,4
2015,57,47,0.32122905027932963,179,4
2015,57,67,0.5048231511254019,311,4
2015,59,13,0.2600502512562815,995,4
2015,59,25,0.25844594594594605,148,4
2015,59,44,0.18771331058020482,293,4
2015,59,46,0.32194244604316546,139,4
2015,59,71,0.37806963009014666,3217,4
2015,61,13,0.19422572178477687,1524,4
2015,61,24,0.3350642927794261,1011,4
2015,61,43,0.39383561643835624,146,4
2015,61,49,0.37089201877934264,639,4
2015,61,71,0.5278189910979229,674,4
2015,61,73,0.4126016260162603,738,4
2015,63,13,0.3351254480286739,279,4
2015,63,22,0.43994413407821237,179,4
2015,63,25,0.3057142857142856,175,4
2015,63,44,0.344789356984479,451,4
2015,63,47,0.2141203703703705,432,4
2015,63,73,0.36553899082568836,872,4
2015,65,23,0.30769230769230754,650,3
2015,65,54,0.24579326923076927,416,3
2015,65,71,0.41351255748142923,2827,3
2015,67,44,0.42423076923076913,650,4
2015,67,47,0.33939096267190577,509,4
2015,67,51,0.2913907284768212,453,4
2015,67,71,0.41059280855199215,2058,4
2015,67,72,0.40362438220757824,607,4
2015,67,73,0.3154362416107382,298,4
2015,69,62,0.4209129511677282,471,4
2015,71,13,0.23672945205479456,584,3
2015,71,14,0.2619502868068833,523,3
2015,71,34,0.4961340206185567,194,3
2015,71,43,0.3638589618021547,1021,3
2015,71,45,0.28377329192546574,644,3
2015,71,47,0.3754578754578754,273,3
2015,71,71,0.33369182635901445,2557,3
2015,73,25,0.5792307692307693,325,4
2015,73,41,0.318019093078759,838,4
2015,73,43,0.23218029350104832,477,4
2015,73,44,0.4044715447154472,123,4
2015,73,45,0.2668918918918918,222,4
2015,73,71,0.35017351841964717,3746,4
2015,73,73,0.40071428571428563,350,4
2015,75,13,0.2804878048780489,205,2
2015,75,14,0.34375,168,2
2015,75,23,0.32315521628498733,393,2
2015,75,71,0.3495785036880926,949,2
2015,77,23,0.2751989389920424,377,4
2015,77,44,0.49462365591397855,93,4
2015,77,71,0.40216411181244394,1109,4
2015,77,73,0.45299999999999996,500,4
2015,79,25,0.30189620758483027,1002,4
2015,79,71,0.28534303534303534,481,4
2015,81,13,0.3463470319634703,2190,4
2015,81,22,0.35979729729729726,148,4
2015,81,23,0.4024849397590361,664,4
2015,81,41,0.19787234042553187,235,4
2015,81,43,0.3283752860411899,437,4
2015,81,47,0.25221975582685907,901,4
2015,81,71,0.3881064162754302,639,4
2015,83,13,0.22868217054263562,258,4
2015,83,43,0.264520202020202,396,4
2015,83,48,0.31801125703564725,533,4
2015,83,71,0.31005586592178763,716,4
2015,85,13,0.2477477477477478,333,3
2015,85,14,0.21779661016949148,295,3
2015,85,43,0.3607594936708861,237,3
2015,85,47,0.306949806949807,259,3
2015,85,49,0.5544724770642203,872,3
2015,85,71,0.377102803738318,2140,3
2015,87,13,0.20267260579064592,449,4
2015,87,25,0.41441441441441434,222,4
2015,87,40,0.3961187214611872,219,4
2015,87,71,0.24057649667405773,451,4
2015,89,13,0.2701900237529692,421,4
2015,89,14,0.22849462365591397,93,4
2015,89,21,0.4675456389452334,493,4
2015,89,22,0.41287284144427006,637,4
2015,89,24,0.29146919431279616,211,4
2015,89,71,0.37788778877887785,303,4
2015,91,13,0.30251141552511435,219,3
2015,91,14,0.23424242424242417,825,3
2015,91,21,0.291237113402062,291,3
2015,91,22,0.2517361111111112,288,3
2015,91,32,0.4114457831325302,415,3
2015,91,43,0.2261194029850746,335,3
2015,91,48,0.3798882681564246,358,3
2015,91,49,0.4959349593495935,123,3
2015,93,13,0.21840659340659335,182,3
2015,93,23,0.4901215805471125,329,3
2015,93,24,0.3340611353711789,458,3
2015,95,22,0.31971153846153855,312,4
2015,95,34,0.33168927250308283,811,4
2015,95,43,0.29737975592246957,1393,4
2015,95,71,0.3866995073891627,609,4
2015,97,21,0.36772486772486784,756,4
2015,97,22,0.36351471900089155,1121,4
2015,97,41,0.32620320855614976,561,4
2015,97,43,0.4215328467153285,274,4
2015,97,44,0.45208333333333334,120,4
2015,97,71,0.4414819944598339,722,4
2015,99,21,0.48387096774193544,279,3
2015,99,23,0.3345959595959596,594,3
2015,99,34,0.4662756598240469,341,3
2015,99,43,0.36783815711754275,1693,3
2015,99,71,0.4852537722908094,729,3
2015,101,14,0.22676184690157952,1646,2
2015,101,25,0.3430232558139535,215,2
2015,101,43,0.3459259259259259,675,2
2015,101,47,0.28571428571428575,147,2
2015,103,13,0.21219999999999997,1250,3
2015,103,24,0.4032258064516128,155,3
2015,103,31,0.2207602339181286,171,3
2015,103,43,0.3111007462686567,1072,3
2015,103,45,0.40212264150943394,212,3
2015,105,22,0.16920731707317072,328,4
2015,105,25,0.41576086956521735,368,4
2015,105,43,0.29163568773234216,1345,4
2015,107,14,0.25769230769230766,260,3
2015,107,40,0.5517492711370261,343,3
2015,107,71,0.4884615384615388,1040,3
2015,109,13,0.13161209068010088,397,4
2015,109,24,0.36800000000000005,125,4
2015,109,33,0.40502183406113534,229,4
2015,109,35,0.26826196473551644,397,4
2015,109,45,0.4583333333333333,132,4
2015,109,53,0.2987364620938628,831,4
2015,111,21,0.5460122699386503,326,4
2015,111,43,0.32823741007194257,278,4
2015,111,51,0.371713985278654,951,4
2015,111,71,0.38178066037735847,848,4
2015,113,21,0.26891447368421045,304,4
2015,113,24,0.32082794307891344,773,4
2015,113,31,0.2806859205776171,277,4
2015,113,43,0.35841423948220064,309,4
2015,113,44,0.5817307692307693,104,4
2015,113,49,0.42387360145146663,3307,4
2015,113,71,0.3301204819277107,415,4
2015,115,21,0.375,228,4
2015,115,23,0.3836805555555557,144,4
2015,115,43,0.3189845474613685,453,4
2015,117,25,0.4811111111111111,225,4
2015,117,41,0.43773234200743494,269,4
2015,117,43,0.37907608695652184,368,4
2015,117,44,0.5450819672131149,183,4
2015,117,51,0.3729050279329608,179,4
2015,119,21,0.3499999999999999,340,4
2015,119,42,0.3732464929859719,499,4
2015,119,47,0.38874230430958656,1137,4
2015,121,23,0.2604529616724738,287,4
2015,121,49,0.4505300353356891,849,4
2015,123,33,0.24256198347107427,605,2
2015,125,23,0.39197860962566844,935,3
2015,125,42,0.4797008547008548,234,3
2015,127,22,0.339622641509434,212,3
2015,127,25,0.3915816326530613,196,3
2015,129,14,0.3150118203309693,423,3
2015,133,14,0.35598859315589354,526,3
2015,133,24,0.22270742358078602,229,3
2015,133,25,0.3806620209059234,287,3
2015,135,44,0.41357566765578624,674,3
2015,135,47,0.20373665480427045,281,3
2015,135,49,0.5990415335463258,313,3
2015,139,23,0.26072386058981234,373,3
2015,139,24,0.2713963963963963,222,3
2015,139,25,0.32673267326732675,303,3
2015,139,44,0.390495867768595,242,3
2015,139,49,0.5507425742574258,404,3
2015,141,22,0.28417602996254693,534,4
2015,141,49,0.39495798319327724,1190,4
2015,143,21,0.29715302491103196,281,4
2015,143,42,0.32196029776674956,403,4
2015,145,23,0.396039603960396,404,4
2015,145,33,0.328125,400,4
2015,147,23,0.5565015479876161,323,3
2015,147,47,0.2642276422764227,246,3
2015,149,54,0.3901869158878505,321,4
2015,151,44,0.5163690476190477,168,3
2015,151,47,0.404228855721393,201,3
2015,153,24,0.3542713567839194,597,4
2015,153,35,0.25649350649350644,77,4
2015,157,22,0.15813953488372093,430,4
2015,157,49,0.4905660377358489,583,4
2015,157,54,0.368684668989547,1148,4
2015,159,47,0.25,191,3
2015,161,21,0.323,250,4
2015,161,23,0.29961832061068705,655,4
2015,163,21,0.37826797385620914,306,4
2015,163,22,0.2634328358208954,335,4
2015,163,23,0.30453108535300305,1898,4
2015,163,31,0.3347701149425288,174,4
2015,163,33,0.40491452991453,234,4
2015,165,24,0.3253768844221105,199,3
2015,165,54,0.4824561403508771,228,3
2015,167,21,0.41041666666666676,360,4
2015,167,22,0.21885813148788935,289,4
2015,167,49,0.34988317757009324,428,4
2015,169,24,0.41633466135458164,251,1
2015,171,33,0.5245098039215687,153,3
2015,179,21,0.40654205607476646,214,3
2015,179,54,0.19827586206896555,145,3
2015,183,34,0.35190615835777134,341,4
2015,183,47,0.2786839145106859,889,4
2015,183,49,0.32825203252032525,246,4
2015,185,44,0.24292452830188685,212,4
2015,187,49,0.5309187279151942,283,4
2015,187,54,0.5041666666666668,180,4
2015,189,34,0.31041069723018144,1047,3
2015,189,54,0.44047619047619047,147,3
2015,191,47,0.375,174,4
2015,197,21,0.4208400646203554,619,3
2015,201,49,0.46723510251005923,5219,4
2015,209,32,0.34833333333333333,150,3
2015,209,49,0.3084905660377359,265,3
2015,215,49,0.44262295081967223,1220,4
2015,223,44,0.4180327868852459,61,3
2015,227,51,0.2811004784688995,209,4
2015,245,44,0.2323848238482385,369,4
2015,245,49,0.18615879828326182,466,4
2015,251,49,0.5331991951710262,497,3
2015,257,49,0.5147058823529411,238,3
2015,303,49,0.33754512635379075,554,4
2015,309,49,0.3836772983114447,533,4
2015,313,44,0.5425531914893618,188,4
2015,329,49,0.39540816326530615,196,4
2015,339,49,0.5060606060606061,495,4
2015,355,49,0.40869140625,512,2
2015,367,49,0.5850125944584382,397,3
2015,375,49,0.25,219,4
2015,381,49,0.42804878048780487,205,4
2015,423,49,0.34729729729729736,370,4
2015,439,49,0.43126472898664564,2546,4
2015,441,49,0.31313993174061433,293,4
2015,451,49,0.35536398467432956,261,4
2015,453,49,0.34930795847750873,1445,4
2015,479,49,0.35967741935483866,310,2
2015,485,49,0.22326203208556156,374,4
2015,491,49,0.5341812400635929,629,3
2015,510,34,0.2711340206185566,485,2
2015,510,40,0.4417177914110429,163,2
2015,510,52,0.2784090909090909,1188,2
2015,550,40,0.3538851351351352,296,3
2015,650,40,0.21428571428571427,161,2
2015,700,40,0.261443661971831,284,2
2015,760,40,0.2525445292620864,393,2
2015,810,40,0.2670025188916877,397,2
2016,0,2,0.8587951807228915,6225,0
2016,0,3,0.8839114705256429,46990,0
2016,0,4,0.8904062652961336,10215,0
2016,0,5,0.861749116607774,1132,0
2016,0,6,0.860058823529412,4250,0
2016,0,12,0.8625351503352799,4623,0
2016,0,13,0.8599844916412577,38044,0
2016,0,14,0.8721294206170055,33225,0
2016,0,21,0.8800889642024992,23605,0
2016,0,22,0.8916257288462416,21781,0
2016,0,23,0.8811551242353303,26482,0
2016,0,24,0.8850991917707546,34025,0
2016,0,25,0.8964206066012489,22420,0
2016,0,31,0.8734510771762037,19449,0
2016,0,32,0.8694529769296127,15301,0
2016,0,33,0.8936715826546338,22715,0
2016,0,34,0.8547981844707412,24676,0
2016,0,35,0.884670301142264,7704,0
2016,0,36,0.8895203336809182,4795,0
2016,0,37,0.8674591002044989,5868,0
2016,0,40,0.8887649971009319,44842,0
2016,0,41,0.8748121940580622,20633,0
2016,0,42,0.8421239636794314,12665,0
2016,0,43,0.8677756124721614,35920,0
2016,0,44,0.8723504534800772,39252,0
2016,0,45,0.8709615041351823,16807,0
2016,0,46,0.8389936692165654,15164,0
2016,0,47,0.8731800103752386,28915,0
2016,0,48,0.8663021496517115,26702,0
2016,0,49,0.8318891396636043,37218,0
2016,0,51,0.8628489054447106,19597,0
2016,0,52,0.8540835707502374,5265,0
2016,0,53,0.8545886961387816,17870,0
2016,0,54,0.8797065226154978,24806,0
2016,0,56,0.8683718861209963,11240,0
2016,0,61,0.7978588533596283,7099,0
2016,0,62,0.915342876083381,40729,0
2016,0,63,0.9041934282788789,10743,0
2016,0,64,0.8732316534040672,6786,0
2016,0,65,0.8802037201062886,2258,0
2016,0,66,0.8665117941386706,8394,0
2016,0,67,0.9231362467866321,5835,0
2016,0,68,0.9009570005243838,3814,0
2016,0,71,0.8496021879661859,10055,0
2016,0,72,0.8728211935819,8663,0
2016,0,73,0.8934021189120811,12648,0
2016,0,81,0.8488978254393806,3357,0
2016,0,82,0.9175690308608554,1847,0
2016,1,1,0.9274534958306606,7795,4
2016,1,2,0.8348434925864909,607,4
2016,1,11,0.9108439201451907,1102,4
2016,1,13,0.8215208961654462,2321,4
2016,1,43,0.7956962025316455,1975,4
2016,1,47,0.8720028208744711,1418,4
2016,1,71,0.9228177374301675,14320,4
2016,1,82,0.8409482758620691,1160,4
2016,1,98,0.8469483568075119,5325,4
2016,3,1,0.893339628123184,6884,3
2016,3,3,0.8433908045977011,1392,3
2016,3,5,0.938875305623472,1227,3
2016,3,11,0.9059365681756572,3689,3
2016,3,12,0.9453716216216217,7400,3
2016,3,14,0.8904497805948319,8204,3
2016,3,22,0.9202010968921388,2735,3
2016,3,24,0.8641447368421054,760,3
2016,3,33,0.9201541850220265,1816,3
2016,3,41,0.8893166506256016,1039,3
2016,3,52,0.9148041336217256,4161,3
2016,3,65,0.9323216890061814,14399,3
2016,3,82,0.8852887537993923,8225,3
2016,5,1,0.9220950704225352,1704,3
2016,5,11,0.9240751789976134,1676,3
2016,5,12,0.931612660135644,3981,3
2016,5,13,0.8440733077150457,6766,3
2016,5,23,0.9180887372013652,879,3
2016,5,45,0.9465488215488215,594,3
2016,5,52,0.9082851491174682,6572,3
2016,5,61,0.7589058524173028,1179,3
2016,5,72,0.9478067282321899,3032,3
2016,7,1,0.8941287878787878,1320,3
2016,7,5,0.8568861581265941,4313,3
2016,7,12,0.9341690891472867,4128,3
2016,7,24,0.8658536585365854,697,3
2016,7,42,0.8596316575410651,2009,3
2016,7,48,0.9046023235031276,1119,3
2016,7,71,0.8866229321163719,1753,3
2016,9,1,0.8743407172995781,5688,3
2016,9,5,0.8633333333333333,1050,3
2016,9,25,0.856949806949807,1295,3
2016,9,43,0.932227829848594,4161,3
2016,9,54,0.9172335600907029,882,3
2016,11,1,0.8805194805194806,2310,3
2016,11,2,0.8418918918918916,740,3
2016,11,14,0.8749086257309944,2736,3
2016,11,43,0.9285422697246345,13473,3
2016,11,67,0.9570626003210274,2492,3
2016,11,73,0.9355564122333593,3891,3
2016,13,1,0.7851626016260163,1230,3
2016,13,12,0.8976903989310939,5239,3
2016,13,13,0.8432750759878421,1316,3
2016,13,31,0.857634112792297,727,3
2016,13,40,0.9547817047817049,1924,3
2016,13,52,0.9291091593475533,1594,3
2016,13,61,0.9214050865486905,31023,3
2016,13,66,0.8300760043431052,921,3
2016,13,71,0.9464894743031872,8503,3
2016,15,1,0.8537995594713657,908,3
2016,15,12,0.9368348443042962,2537,3
2016,15,41,0.8549242424242424,660,3
2016,15,43,0.8853996737357258,1226,3
2016,15,44,0.9110305958132047,621,3
2016,15,51,0.9529801324503312,755,3
2016,15,52,0.9016666666666668,750,3
2016,17,12,0.9314702181208053,4768,3
2016,17,14,0.9334677419354838,4464,3
2016,17,24,0.8902586903799514,2474,3
2016,17,36,0.8844717182497333,937,3
2016,17,43,0.8854037267080747,805,3
2016,17,45,0.8579234972677596,1281,3
2016,17,52,0.925148430873622,1179,3
2016,17,53,0.9043810848400555,719,3
2016,17,71,0.9420212765957446,1410,3
2016,17,72,0.9394171779141104,978,3
2016,19,2,0.8148514851485149,1010,4
2016,19,12,0.9092562651576397,1237,4
2016,19,14,0.9181974741676233,1742,4
2016,19,21,0.7912652536929994,1557,4
2016,19,22,0.9029411764705882,765,4
2016,19,34,0.7838152985074626,1072,4
2016,19,43,0.9296157059314953,1197,4
2016,19,47,0.939672801635992,978,4
2016,19,61,0.8942555383822767,7764,4
2016,19,63,0.9399350649350648,924,4
2016,19,71,0.8926877147063633,6113,4
2016,19,72,0.8905184174624832,733,4
2016,20,81,0.8641171684296177,1229,2
2016,21,12,0.8206296603148299,2414,4
2016,21,14,0.8646589259796806,1378,4
2016,21,23,0.8806191687871077,1179,4
2016,21,43,0.9140159045725643,2515,4
2016,21,44,0.8296258847320525,989,4
2016,21,47,0.8792151162790697,1720,4
2016,21,52,0.9333263334733305,2381,4
2016,23,12,0.8761636636636634,6660,3
2016,23,24,0.8957388939256574,1103,3
2016,23,71,0.8644724104549855,1033,3
2016,25,3,0.8394413948982885,6194,3
2016,25,12,0.9508745813174545,5374,3
2016,25,25,0.8896771037181996,3066,3
2016,25,52,0.9543489318413021,1966,3
2016,25,61,0.8569528875379946,1316,3
2016,25,71,0.7713068181818181,1056,3
2016,27,12,0.9357045917213301,4421,4
2016,27,13,0.8534217608612072,2601,4
2016,27,14,0.7190944881889765,1270,4
2016,27,49,0.8812592959841348,2017,4
2016,27,52,0.9543781480046493,2581,4
2016,27,53,0.7977207977207977,1404,4
2016,27,61,0.8875186846038863,1338,4
2016,29,12,0.9096371620060084,4327,4
2016,29,13,0.8756523157208084,6132,4
2016,29,14,0.9081920903954798,3894,4
2016,29,24,0.8626033057851239,726,4
2016,29,49,0.9115613411619287,12944,4
2016,29,71,0.8406262545162584,4982,4
2016,29,72,0.9175967261904762,1344,4
2016,31,12,0.9062206939668643,3199,2
2016,31,21,0.9100308880308875,32375,2
2016,31,43,0.8991554054054053,5920,2
2016,31,52,0.9502392078326658,8988,2
2016,31,65,0.9250673048160334,3343,2
2016,31,71,0.6599462365591396,1116,2
2016,33,43,0.8262049500651322,2303,4
2016,33,45,0.8916772554002542,2361,4
2016,33,46,0.959873949579832,1190,4
2016,33,52,0.9087058136137891,6846,4
2016,33,73,0.9275755228505036,16783,4
2016,35,12,0.9441459799925899,2699,3
2016,35,22,0.7932503276539973,763,3
2016,35,24,0.8935165073848828,9208,3
2016,35,47,0.9168307086614172,1016,3
2016,35,67,0.9185774005573852,7894,3
2016,35,73,0.918573763792399,2447,3
2016,37,12,0.9395270270270272,1480,2
2016,37,21,0.8885802469135802,810,2
2016,37,33,0.9383319467554073,2404,2
2016,37,54,0.88922308319739,4904,2
2016,37,71,0.9127740058195923,77325,2
2016,39,12,0.933396226415094,3975,3
2016,39,22,0.8962616822429906,1070,3
2016,39,49,0.8908227848101267,2212,3
2016,39,71,0.7617647058823529,850,3
2016,39,72,0.8925970873786406,2884,3
2016,41,12,0.9312130177514794,1014,4
2016,41,24,0.9438147668393781,1544,4
2016,41,40,0.9290291262135921,2575,4
2016,41,49,0.8279294653014789,1758,4
2016,41,71,0.9097463948284434,2011,4
2016,43,14,0.9129041248606464,1794,3
2016,43,21,0.9448811096433285,7570,3
2016,43,52,0.8045414069456813,1123,3
2016,43,66,0.8891752577319588,970,3
2016,45,14,0.864476386036961,3896,3
2016,45,24,0.9172897196261682,1070,3
2016,45,32,0.7332589285714284,672,3
2016,45,44,0.8855105105105107,666,3
2016,47,13,0.9151997572011918,18122,2
2016,47,46,0.8845829823083403,1187,2
2016,47,71,0.9050131926121371,1516,2
2016,47,72,0.8684605488850775,2332,2
2016,49,14,0.8418475383800952,1889,4
2016,49,24,0.9161571774296268,7851,4
2016,49,47,0.8640287769784174,695,4
2016,49,66,0.9057625649913342,1154,4
2016,49,67,0.8846439781926317,6053,4
2016,51,14,0.8599290780141843,987,4
2016,51,44,0.8744260789715335,2178,4
2016,51,47,0.8782574873590043,2571,4
2016,51,48,0.919306008383791,2147,4
2016,51,72,0.910583657587549,6425,4
2016,53,33,0.8908059654132955,6303,4
2016,53,43,0.9212374581939798,1495,4
2016,53,67,0.9169642857142856,840,4
2016,53,73,0.9159758580570099,6876,4
2016,55,13,0.8641590333268367,5131,4
2016,55,35,0.8896568160152526,3147,4
2016,55,41,0.9029783393501805,554,4
2016,55,45,0.9177075679647317,1361,4
2016,55,71,0.9084457061745917,1409,4
2016,57,24,0.8372093023255816,1290,3
2016,57,43,0.9268949853032867,11227,3
2016,57,44,0.969028062970568,1461,3
2016,57,47,0.9278398510242087,1074,3
2016,57,67,0.932709993868792,1631,3
2016,59,13,0.9414255929111287,11511,4
2016,59,25,0.8789437585733882,729,4
2016,59,44,0.7977871939736345,1062,4
2016,59,46,0.9112694300518134,772,4
2016,59,71,0.9340186080526551,24613,4
2016,61,13,0.8520335239085237,7696,4
2016,61,24,0.9059008379888264,5728,4
2016,61,43,0.9039833531510106,841,4
2016,61,49,0.8841206735266607,2138,4
2016,61,71,0.9468294902912622,3296,4
2016,61,73,0.9307837660203748,6086,4
2016,63,13,0.8940397350993378,1510,4
2016,63,22,0.9276315789473684,988,4
2016,63,25,0.8301610541727671,683,4
2016,63,44,0.8895136778115502,1645,4
2016,63,47,0.8296277145811791,1934,4
2016,63,73,0.8735286249331196,3738,4
2016,65,23,0.8246819338422393,1965,3
2016,65,54,0.878457669740151,2386,3
2016,65,71,0.92800727229375235,16776,3
2016,67,44,0.9537985865724382,5660,4
2016,67,47,0.8879629629629632,2700,4
2016,67,51,0.890126050420168,2380,4
2016,67,71,0.9261238337574216,11790,4
2016,67,72,0.9402587519025875,4599,4
2016,67,73,0.9318181818181819,2002,4
2016,69,62,0.9166996047430829,2530,4
2016,71,13,0.8865760407816484,2354,3
2016,71,14,0.8608490566037734,2756,3
2016,71,34,0.9326612903225806,620,3
2016,71,43,0.9074927953890487,5205,3
2016,71,45,0.8899155995343422,3436,3
2016,71,47,0.932548794489093,1742,3
2016,71,71,0.8897243107769431,12768,3
2016,73,25,0.9235555555555555,1125,4
2016,73,41,0.8878411910669975,4030,4
2016,73,43,0.8720552396425671,2462,4
2016,73,44,0.9606936416184971,865,4
2016,73,45,0.8155339805825245,927,4
2016,73,71,0.9088580709645179,24012,4
2016,73,73,0.8976657645466848,1478,4
2016,75,13,0.8880395683453237,1112,2
2016,75,14,0.8998306997742663,886,2
2016,75,23,0.788515406162465,1071,2
2016,75,71,0.9244799190985261,6922,2
2016,77,23,0.8641338336460288,1599,3
2016,77,44,0.9573586744639375,1026,3
2016,77,71,0.8978387032219333,4997,3
2016,77,73,0.9053347280334728,1434,3
2016,79,25,0.8627572947296992,4421,4
2016,79,71,0.8461152882205515,1995,4
2016,81,13,0.9318858482199417,15786,2
2016,81,22,0.9244391971664699,847,2
2016,81,23,0.921494121020935,3487,2
2016,81,41,0.8301104972375692,905,2
2016,81,43,0.923644859813084,2675,2
2016,81,47,0.8406876015159717,3694,2
2016,81,71,0.949111111111111,6750,2
2016,83,13,0.8588582677165355,1270,4
2016,83,43,0.8435590631364562,1964,4
2016,83,48,0.8674537487828627,2054,4
2016,83,71,0.8795981452859349,3235,4
2016,85,13,0.9086201135983963,2993,2
2016,85,14,0.8383259911894273,1135,2
2016,85,43,0.8940382941688426,1149,2
2016,85,47,0.8806254767353167,1311,2
2016,85,49,0.9648799099324494,7994,2
2016,85,71,0.9365844368920662,17066,2
2016,87,13,0.8683252427184471,2472,3
2016,87,25,0.9227552816901408,1136,3
2016,87,40,0.9398271276595743,2256,3
2016,87,71,0.8651362984218076,2091,3
2016,89,13,0.7808740978348035,1247,4
2016,89,14,0.8959293394777266,651,4
2016,89,21,0.9305555555555557,2880,4
2016,89,22,0.9198260869565218,2875,4
2016,89,24,0.8822762814943528,1151,4
2016,89,71,0.8876035911602209,1448,4
2016,91,13,0.916711373390558,1864,3
2016,91,14,0.9148533585619679,6342,3
2016,91,21,0.8447729672650475,947,3
2016,91,22,0.8068734793187348,822,3
2016,91,32,0.9433274692133701,3979,3
2016,91,43,0.8790840140023337,1714,3
2016,91,48,0.9286249999999998,2000,3
2016,91,49,0.9271442495126708,1026,3
2016,93,13,0.8769230769230767,1040,3
2016,93,23,0.9604680581910182,1581,3
2016,93,24,0.8825792910447757,2144,3
2016,95,22,0.8525886864813036,1043,4
2016,95,34,0.8982493309545051,4484,4
2016,95,43,0.9053945249597422,8694,4
2016,95,71,0.9182309442548348,3516,4
2016,97,21,0.9308380084151473,5704,4
2016,97,22,0.8988700564971752,5310,4
2016,97,41,0.8617525773195875,2425,4
2016,97,43,0.9208211143695014,1705,4
2016,97,44,0.882388419782871,829,4
2016,97,71,0.9272095959595961,3960,4
2016,99,21,0.8897058823529411,1156,3
2016,99,23,0.9282676348547719,4820,3
2016,99,34,0.9404255319148935,1410,3
2016,99,43,0.9292705407303371,11392,3
2016,99,71,0.9363419427288042,3562,3
2016,101,14,0.8268058518744282,6562,2
2016,101,25,0.8809895833333334,960,2
2016,101,43,0.9154444444444443,4500,2
2016,101,47,0.8872745490981966,998,2
2016,103,13,0.9108838568298031,10952,3
2016,103,24,0.9371498599439777,1428,3
2016,103,31,0.827883472057075,841,3
2016,103,43,0.9144358268701527,7994,3
2016,103,45,0.9370695053224796,1597,3
2016,105,22,0.7492829827915871,1046,4
2016,105,25,0.8797093649085038,929,4
2016,105,43,0.8550686378035901,4735,4
2016,107,14,0.8832522585128562,1439,3
2016,107,40,0.9704245973645682,3415,3
2016,107,71,0.8930921052631582,2584,3
2016,109,13,0.654419595314164,939,4
2016,109,24,0.92866941015089155,729,4
2016,109,33,0.9233558994197292,1034,4
2016,109,35,0.8541893362350382,1838,4
2016,109,45,0.9198473282442748,524,4
2016,109,53,0.8817475463467825,3668,4
2016,111,21,0.9606014047410009,2278,4
2016,111,43,0.9091781874039939,1302,4
2016,111,51,0.925390810042634,6333,4
2016,111,71,0.9347777777777778,6750,4
2016,113,21,0.8717018469656992,1516,4
2016,113,24,0.8955890563930766,3582,4
2016,113,31,0.8928877463581829,1167,4
2016,113,43,0.8748915871639203,1153,4
2016,113,44,0.9535306334371756,963,4
2016,113,49,0.9282231852654388,16614,4
2016,113,71,0.8826889279437611,1707,4
2016,115,21,0.8782679738562091,918,4
2016,115,23,0.9351952277657267,922,4
2016,115,43,0.911623215394165,3222,4
2016,117,25,0.892266824085006,847,3
2016,117,41,0.9360759493670885,1580,3
2016,117,43,0.9437428243398392,3484,3
2016,117,44,0.9780957943925234,2568,3
2016,117,51,0.9203862660944205,1165,3
2016,119,21,0.9002865329512892,1745,4
2016,119,42,0.8981481481481477,2133,4
2016,119,47,0.932834344500132,7582,4
2016,121,23,0.8378060263653484,1062,4
2016,121,49,0.9480483782297966,7276,4
2016,123,33,0.8477408513816286,2678,2
2016,125,23,0.9444155694155695,8658,3
2016,125,42,0.9325174825174825,715,3
2016,127,22,0.9174932371505861,1109,3
2016,127,25,0.8888149134487349,751,3
2016,129,14,0.9051829268292682,2460,3
2016,133,14,0.9054177307551988,2741,3
2016,133,24,0.8485067437379575,1038,3
2016,133,25,0.9236526946107785,2338,3
2016,135,44,0.949600204151072,5878,3
2016,135,47,0.8115715402658326,1279,3
2016,135,49,0.9235933503836317,782,3
2016,139,23,0.8858236536430838,1894,3
2016,139,24,0.8354139290407357,761,3
2016,139,25,0.8427977839335179,1083,3
2016,139,44,0.9295580110497238,1448,3
2016,139,49,0.9486420612813372,1436,3
2016,141,22,0.8294228694714131,1854,4
2016,141,49,0.9112446958981608,4949,4
2016,143,21,0.8607297687861271,1384,4
2016,143,42,0.8372520205731082,1361,4
2016,145,23,0.8627608346709469,1246,4
2016,145,33,0.8398876404494381,1335,4
2016,147,23,0.915531914893617,1175,3
2016,147,47,0.8625745526838965,1006,3
2016,149,54,0.9029268292682929,2050,4
2016,151,44,0.9488003427592117,1167,3
2016,151,47,0.9337628865979383,970,3
2016,153,24,0.9116607773851589,3679,3
2016,153,35,0.9447648624667259,1127,3
2016,157,22,0.7505270555165148,1423,4
2016,157,49,0.9531214657317347,4421,4
2016,157,54,0.8950764818355642,5230,4
2016,159,47,0.8507625272331155,918,3
2016,161,21,0.8806722689075628,1190,4
2016,161,23,0.852542372881356,2655,4
2016,163,21,0.901347615756738,1447,3
2016,163,22,0.8388429752066114,1210,3
2016,163,23,0.901666850038508,9089,3
2016,163,31,0.9017386722866175,949,3
2016,163,33,0.9292808219178081,1460,3
2016,165,24,0.902692569870484,1467,3
2016,165,54,0.9303843364757071,1379,3
2016,167,21,0.9139498432601881,1595,4
2016,167,22,0.8054140127388536,785,4
2016,167,49,0.9069407603890365,2262,4
2016,169,24,0.8865248226950355,987,1
2016,171,33,0.9312834224598928,935,3
2016,179,21,0.9345622119815667,1085,3
2016,179,54,0.8559322033898306,767,3
2016,183,34,0.9256798999687403,3199,4
2016,183,47,0.9260275721215214,7834,4
2016,183,49,0.851258581235698,874,4
2016,185,44,0.8381174899866487,749,4
2016,187,49,0.9245323129251699,1176,4
2016,187,54,0.9718379446640316,2024,4
2016,189,34,0.9074156305506218,6756,3
2016,189,54,0.9311764705882353,850,3
2016,191,47,0.8733997155049785,703,4
2016,197,21,0.9369679773003647,4934,3
2016,201,49,0.9315183363148478,26832,4
2016,209,32,0.905011655011655,858,3
2016,209,49,0.8840297450424929,1412,3
2016,215,49,0.909711684370258,3295,4
2016,223,44,0.9421641791044776,938,3
2016,227,51,0.8183646112600536,746,4
2016,245,44,0.8165192926045014,1244,4
2016,245,49,0.7689666448659256,1529,4
2016,251,49,0.9166021671826625,1292,3
2016,257,49,0.9175951717734447,1077,3
2016,303,49,0.8811778290993071,2165,4
2016,309,49,0.8625,1920,4
2016,313,44,0.9280879864636209,591,4
2016,329,49,0.9222503160556258,791,4
2016,339,49,0.9437324438202249,2848,4
2016,355,49,0.9096544715447152,2460,2
2016,367,49,0.9321739130434784,1150,3
2016,375,49,0.8092592592592592,810,4
2016,381,49,0.9354568315171837,1193,4
2016,423,49,0.8643137254901962,1275,4
2016,439,49,0.932494598173834,14347,4
2016,441,49,0.8281114012184508,1149,4
2016,451,49,0.8252788104089218,807,4
2016,453,49,0.9119397174952734,8991,4
2016,479,49,0.8659726740403383,1537,2
2016,485,49,0.79,1100,4
2016,491,49,0.953978622327791,4210,3
2016,510,34,0.849836333878887,1833,2
2016,510,40,0.9418138041733547,1246,2
2016,510,52,0.85172542204568,4028,2
2016,550,40,0.9083493282149713,1563,3
2016,650,40,0.881396588486141,938,2
2016,700,40,0.8762234910277324,1226,2
2016,760,40,0.8327453495830663,1559,2
2016,810,40,0.938772739614445,3683,2
2017,0,2,0.8727435476652288,6703,0
2017,0,3,0.8941759476857505,48935,0
2017,0,4,0.9034751707587204,10834,0
2017,0,5,0.873669123669126,1221,0
2017,0,6,0.8720614828209725,4424,0
2017,0,12,0.8802726885385556,4694,0
2017,0,13,0.8767898412379338,39808,0
2017,0,14,0.8894376248929219,35030,0
2017,0,21,0.8977272727272896,24156,0
2017,0,22,0.90681134412884,22602,0
2017,0,23,0.9042711741184767,27510,0
2017,0,24,0.8985098728009059,35299,0
2017,0,25,0.915584966488512,23574,0
2017,0,31,0.8890463282405143,20290,0
2017,0,32,0.886155855463632,16079,0
2017,0,33,0.9093652445369285,24025,0
2017,0,34,0.873194455230221,25754,0
2017,0,35,0.899926326129662,8144,0
2017,0,36,0.8914840843323664,4838,0
2017,0,37,0.876558704453449,6175,0
2017,0,40,0.9019830149528838,46747,0
2017,0,41,0.8891992114157288,21304,0
2017,0,42,0.8565745086535546,13636,0
2017,0,43,0.8816640063846978,37590,0
2017,0,44,0.8883473906808579,41141,0
2017,0,45,0.8833791439950517,17827,0
2017,0,46,0.8523222748814941,15825,0
2017,0,47,0.8888952838255305,30406,0
2017,0,48,0.8827305506992946,27456,0
2017,0,49,0.8482329296304247,38312,0
2017,0,51,0.8732216953171072,20244,0
2017,0,52,0.8725073855243624,5416,0
2017,0,53,0.8680492616089839,18757,0
2017,0,54,0.8983400498944635,26055,0
2017,0,56,0.8781203468511746,11417,0
2017,0,61,0.8228509463722499,7608,0
2017,0,62,0.9265265838160638,42808,0
2017,0,63,0.9205132621426153,11612,0
2017,0,64,0.8947097571016928,7287,0
2017,0,65,0.8899957609156449,2359,0
2017,0,66,0.876223697535718,8887,0
2017,0,67,0.9257158944658936,6216,0
2017,0,68,0.9175105982100802,4246,0
2017,0,71,0.8668437733035214,10728,0
2017,0,72,0.8918926074984141,9442,0
2017,0,73,0.9080498109851075,13491,0
2017,0,81,0.8516634588946904,3637,0
2017,0,82,0.9395955295369882,1879,0
2017,1,1,0.9377868750775376,8061,4
2017,1,2,0.869885433715222,611,4
2017,1,11,0.9233561058923987,1171,4
2017,1,13,0.8397139251156951,2377,4
2017,1,43,0.8307240704501012,2044,4
2017,1,47,0.8898588410103986,1346,4
2017,1,71,0.9354374195297085,14757,4
2017,1,82,0.8609433962264137,1325,4
2017,1,98,0.8683990330977951,5378,4
2017,3,1,0.9037996299985822,7027,3
2017,3,3,0.8598622189992782,1379,3
2017,3,5,0.9525089605734773,1395,3
2017,3,11,0.9215585747244301,3901,3
2017,3,12,0.95558255704064,7407,3
2017,3,14,0.9044327931363233,8392,3
2017,3,22,0.9348145427836945,2723,3
2017,3,24,0.8865638766519817,908,3
2017,3,33,0.9443044354838701,1984,3
2017,3,41,0.9160854402789879,1147,3
2017,3,52,0.9291218199608599,4088,3
2017,3,65,0.9497792847546608,15631,3
2017,3,82,0.8966859833393774,8283,3
2017,5,1,0.9366319444444456,1728,3
2017,5,11,0.9532115171650063,1806,3
2017,5,12,0.9397876186172632,4426,3
2017,5,13,0.8718361218361222,6993,3
2017,5,23,0.9443530701754388,912,3
2017,5,45,0.9630541871921184,609,3
2017,5,52,0.9158650342515666,6861,3
2017,5,61,0.7636054421768732,1176,3
2017,5,72,0.9476205685084628,3131,3
2017,7,1,0.8797205438066484,1324,3
2017,7,5,0.8834626994394177,4638,3
2017,7,12,0.942930591259641,3890,3
2017,7,24,0.8729108635097484,718,3
2017,7,42,0.8703881169142311,2087,3
2017,7,48,0.9116628175519625,1299,3
2017,7,71,0.8989885183160217,1829,3
2017,9,1,0.8845864032150078,5972,3
2017,9,5,0.8847996515679433,1148,3
2017,9,25,0.8807153392330409,1356,3
2017,9,43,0.9477751756440299,4270,3
2017,9,54,0.9339622641509436,901,3
2017,11,1,0.9023752012882453,2484,3
2017,11,2,0.8439171122994653,748,3
2017,11,14,0.8898840885142227,2847,3
2017,11,43,0.94343565088757,13520,3
2017,11,67,0.96875,2616,3
2017,11,73,0.9570626982190786,4099,3
2017,13,1,0.7760903426791239,1284,3
2017,13,12,0.9027250776129787,5798,3
2017,13,13,0.8610706482155852,1373,3
2017,13,31,0.8679471788715499,833,3
2017,13,40,0.9644590004852017,2061,3
2017,13,52,0.9297684338817817,1641,3
2017,13,61,0.9341891807574535,32054,3
2017,13,66,0.8557302231237344,986,3
2017,13,71,0.9562661716728502,8889,3
2017,15,1,0.8841336116910233,958,3
2017,15,12,0.9572394590294339,2514,3
2017,15,41,0.8560820367751059,707,3
2017,15,43,0.9130434782608697,1334,3
2017,15,44,0.9209431345353678,721,3
2017,15,51,0.9684374999999998,800,3
2017,15,52,0.9489795918367341,735,3
2017,17,12,0.9448038611624572,4869,3
2017,17,14,0.938249666814745,4502,3
2017,17,24,0.8997386109036628,2678,3
2017,17,36,0.9051724137931036,1044,3
2017,17,43,0.8893487858719642,906,3
2017,17,45,0.8746397694524495,1388,3
2017,17,52,0.9392565729827751,1103,3
2017,17,53,0.9236918604651166,688,3
2017,17,71,0.9419580419580419,1430,3
2017,17,72,0.9477969348659011,1044,3
2017,19,2,0.8308423913043484,1104,4
2017,19,12,0.9413558106169316,1394,4
2017,19,14,0.9243604004449383,1798,4
2017,19,21,0.8114925373134366,1675,4
2017,19,22,0.9258684863523575,806,4
2017,19,34,0.8059269162210309,1122,4
2017,19,43,0.9655913978494627,1395,4
2017,19,47,0.9598214285714284,1120,4
2017,19,61,0.9109726940983993,7947,4
2017,19,63,0.9617044228694714,927,4
2017,19,71,0.9080871037242263,6498,4
2017,19,72,0.9198998748435542,799,4
2017,20,81,0.8589519650655035,1145,2
2017,21,12,0.8631711085361194,2589,4
2017,21,14,0.8880968169761254,1508,4
2017,21,23,0.8974047039740471,1233,4
2017,21,43,0.939804364183598,2658,4
2017,21,44,0.827546296296298,1080,4
2017,21,47,0.8809116809116816,1755,4
2017,21,52,0.9369395711500997,2565,4
2017,23,12,0.902486112992807,7381,3
2017,23,24,0.9233835252435775,1129,3
2017,23,71,0.8713567839196,995,3
2017,25,3,0.8558126410835307,6202,3
2017,25,12,0.9604457298400856,5878,3
2017,25,25,0.9046103694504763,3221,3
2017,25,52,0.9672954434100925,2041,3
2017,25,61,0.8912815126050414,1428,3
2017,25,71,0.7915940766550479,1148,3
2017,27,12,0.9440107071157702,4483,4
2017,27,13,0.8584164110429442,2608,4
2017,27,14,0.7518355359765012,1362,4
2017,27,49,0.9145241317095184,2217,4
2017,27,52,0.9683775470972712,2601,4
2017,27,53,0.8435448577680532,1371,4
2017,27,61,0.8995276162790679,1376,4
2017,29,12,0.93393978774096,4617,4
2017,29,13,0.8950145282153308,6539,4
2017,29,14,0.9230128205128231,3900,4
2017,29,24,0.8757288629737614,686,4
2017,29,49,0.9259838998211078,13416,4
2017,29,71,0.8555735210195893,5257,4
2017,29,72,0.92905866302865,1466,4
2017,31,12,0.9304769001490337,3355,2
2017,31,21,0.9205311017793858,33101,2
2017,31,43,0.9232630076142114,6304,2
2017,31,52,0.9642058760911238,9394,2
2017,31,65,0.9382269503546107,3525,2
2017,31,71,0.6725684608120921,1059,2
2017,33,43,0.867350967232528,2533,4
2017,33,45,0.9014333194848376,2407,4
2017,33,46,0.9692812982998453,1294,4
2017,33,52,0.9172297297297238,7104,4
2017,33,73,0.9397106559211966,17868,4
2017,35,12,0.9511318720804874,2783,3
2017,35,22,0.811332503113326,803,3
2017,35,24,0.9039180072651755,9635,3
2017,35,47,0.9379069767441851,1075,3
2017,35,67,0.9396056900424321,8014,3
2017,35,73,0.9356240126382321,2532,3
2017,37,12,0.9472038263428988,1359,3
2017,37,21,0.8844632768361586,885,3
2017,37,33,0.9565389174239445,2531,3
2017,37,54,0.900783668730656,5168,3
2017,37,71,0.9275729828988418,80053,3
2017,39,12,0.9382093316519516,3965,3
2017,39,22,0.9151162790697692,1290,3
2017,39,49,0.8761213156770563,2341,3
2017,39,71,0.7864923747276666,918,3
2017,39,72,0.9109930255729006,3011,3
2017,41,12,0.9280128794848215,1087,4
2017,41,24,0.9566549912434326,1713,4
2017,41,40,0.9539249146757687,2637,4
2017,41,49,0.8178154530294617,1799,4
2017,41,71,0.9204545454545443,2156,4
2017,43,14,0.9024461269656374,1717,3
2017,43,21,0.9529048207663788,8090,3
2017,43,52,0.8558269065981158,1167,3
2017,43,66,0.9196236559139792,930,3
2017,45,14,0.8746763335059607,3862,3
2017,45,24,0.9363149216817817,1213,3
2017,45,32,0.7801418439716292,705,3
2017,45,44,0.9086092715231793,755,3
2017,47,13,0.9268641444088812,19057,2
2017,47,46,0.9097918272937554,1297,2
2017,47,71,0.9228491271820434,1604,2
2017,47,72,0.8954041204437376,2524,2
2017,49,14,0.8475670307845059,2014,4
2017,49,24,0.9226825509720321,8436,4
2017,49,47,0.87970168612192,771,4
2017,49,66,0.9153944020356233,1179,4
2017,49,67,0.8995002983293535,6704,4
2017,51,14,0.891419491525423,944,4
2017,51,44,0.8872345337026799,2166,4
2017,51,47,0.8923148148148128,2700,4
2017,51,48,0.9159232827832293,2242,4
2017,51,72,0.9214050576088524,6683,4
2017,53,33,0.9090544287173467,6853,4
2017,53,43,0.9392508143322478,1535,4
2017,53,67,0.9237875288683607,866,4
2017,53,73,0.930025109026033,7567,4
2017,55,13,0.8828852574240095,5691,4
2017,55,35,0.9146728163735981,3469,4
2017,55,41,0.9029720279720286,572,4
2017,55,45,0.928056188306759,1317,4
2017,55,71,0.9140840220385684,1452,4
2017,57,24,0.8427815570672729,1323,3
2017,57,43,0.940130068859993,11763,3
2017,57,44,0.962854500616523,1622,3
2017,57,47,0.9168110918544189,1154,3
2017,57,67,0.9470965940815179,1791,3
2017,59,13,0.9485687590248811,11773,4
2017,59,25,0.8841544607190422,751,4
2017,59,44,0.8505930656934302,1096,4
2017,59,46,0.9498269896193772,867,4
2017,59,71,0.9473303344416102,25565,4
2017,61,13,0.8667140737076454,8086,4
2017,61,24,0.9079445687725878,5809,4
2017,61,43,0.9412416851441247,902,4
2017,61,49,0.8688470066518857,2255,4
2017,61,71,0.949142519219396,3382,4
2017,61,73,0.9447532744441027,6566,4
2017,63,13,0.9190186016677355,1559,4
2017,63,22,0.9593779015784583,1077,4
2017,63,25,0.8596096096096113,666,4
2017,63,44,0.9048295454545446,1584,4
2017,63,47,0.846987951807234,2075,4
2017,63,73,0.8927490542244696,3965,4
2017,65,23,0.8410776075135908,2023,3
2017,65,54,0.8970146451370643,2663,3
2017,65,71,0.9359022125415454,17446,3
2017,67,44,0.9590260285474375,5955,4
2017,67,47,0.8996559633027507,2616,4
2017,67,51,0.9092789598108734,2538,4
2017,67,71,0.9395700766846109,12258,4
2017,67,72,0.951777177302017,4811,4
2017,67,73,0.9399335232668552,2106,4
2017,69,62,0.9097772744431879,2649,4
2017,71,13,0.9066059225512546,2634,3
2017,71,14,0.885966386554618,2975,3
2017,71,34,0.9449708454810494,686,3
2017,71,43,0.9277183600712985,5610,3
2017,71,45,0.9051213735938468,3378,3
2017,71,47,0.9469576719576729,1890,3
2017,71,71,0.9003756545495802,13177,3
2017,73,25,0.9382793017456367,1203,4
2017,73,41,0.8998642645607148,4052,4
2017,73,43,0.8948688271604888,2592,4
2017,73,44,0.9536500579374277,863,4
2017,73,45,0.8323471400394492,1014,4
2017,73,71,0.9214836606503686,25154,4
2017,73,73,0.9069548872180445,1596,4
2017,75,13,0.909540775930325,1263,2
2017,75,14,0.9007853403141356,955,2
2017,75,23,0.8199074074074046,1080,2
2017,75,71,0.9331415992046656,7041,2
2017,77,23,0.8885930493273555,1784,3
2017,77,44,0.9653600729261622,1097,3
2017,77,71,0.914467300601595,5153,3
2017,77,73,0.9278301886792447,1590,3
2017,79,25,0.8709968425800675,4434,4
2017,79,71,0.8417283950617331,2025,4
2017,81,13,0.9384432814021385,16432,2
2017,81,22,0.9391176470588242,850,2
2017,81,23,0.924404602622424,3737,2
2017,81,41,0.8515135699373707,958,2
2017,81,43,0.9393886156008441,2846,2
2017,81,47,0.8609828072876589,3897,2
2017,81,71,0.9482771207475589,6849,2
2017,83,13,0.8769500780031207,1282,4
2017,83,43,0.8766365688487578,2215,4
2017,83,48,0.8950604418507693,2399,4
2017,83,71,0.8894891944990164,3563,4
2017,85,13,0.9347204574332928,3148,2
2017,85,14,0.8464685615848392,1161,2
2017,85,43,0.9196428571428583,1148,2
2017,85,47,0.9059955588452994,1351,2
2017,85,49,0.9761962010098594,8318,2
2017,85,71,0.9422085646312314,17654,2
2017,87,13,0.8909798149705633,2378,3
2017,87,25,0.9291164658634546,1245,3
2017,87,40,0.9588534442903361,2163,3
2017,87,71,0.8841285296981483,2054,3
2017,89,13,0.8226479514415755,1318,4
2017,89,14,0.9194862155388477,798,4
2017,89,21,0.945185525912299,3261,4
2017,89,22,0.9311304347826103,2875,4
2017,89,24,0.910024650780608,1217,4
2017,89,71,0.9199547218628721,1546,4
2017,91,13,0.9316996871741396,1918,3
2017,91,14,0.929159546372527,6437,3
2017,91,21,0.8432038834951446,1030,3
2017,91,22,0.8170134638922874,817,3
2017,91,32,0.9611163007940215,4282,3
2017,91,43,0.9031604538087519,1851,3
2017,91,48,0.9306088207094905,2086,3
2017,91,49,0.9509132420091323,1095,3
2017,93,13,0.866120218579234,1098,3
2017,93,23,0.9626932223543407,1682,3
2017,93,24,0.877925292529251,2222,3
2017,95,22,0.8532793867120976,1174,4
2017,95,34,0.9130134071078992,4699,4
2017,95,43,0.9155879771829837,9116,4
2017,95,71,0.9248099891422386,3684,4
2017,97,21,0.9404620853080513,5908,4
2017,97,22,0.9194434438040399,5552,4
2017,97,41,0.8989533011272157,2484,4
2017,97,43,0.952172686230248,1772,4
2017,97,44,0.9297542735042736,936,4
2017,97,71,0.9356365050557425,3857,4
2017,99,21,0.9184303350970022,1134,3
2017,99,23,0.945922330097085,5150,3
2017,99,34,0.9473319473319477,1443,3
2017,99,43,0.9372670538268205,11537,3
2017,99,71,0.9424915635545567,3556,3
2017,101,14,0.8403047505228585,6694,2
2017,101,25,0.8624465811965824,936,2
2017,101,43,0.9350382128159902,5103,2
2017,101,47,0.9155783582089557,1072,2
2017,103,13,0.9244484016678314,11512,3
2017,103,24,0.9584142394821996,1545,3
2017,103,31,0.8364618885096691,879,3
2017,103,43,0.9270112850382212,8241,3
2017,103,45,0.955890973036342,1706,3
2017,105,22,0.7806074766355164,1070,4
2017,105,25,0.8925327951564084,991,4
2017,105,43,0.8742755023183889,5176,4
2017,107,14,0.8863475177304948,1410,3
2017,107,40,0.9776473875384186,3579,3
2017,107,71,0.8976293103448287,2552,3
2017,109,13,0.6738773274917841,913,4
2017,109,24,0.9494238156209982,781,4
2017,109,33,0.9116697416974175,1084,4
2017,109,35,0.8787165510406312,2018,4
2017,109,45,0.8981643356643353,572,4
2017,109,53,0.9000132520540703,3773,4
2017,111,21,0.9677952105697778,2422,4
2017,111,43,0.9299876084262688,1614,4
2017,111,51,0.9368995971490578,6454,4
2017,111,71,0.9452960202503206,7111,4
2017,113,21,0.9004103535353543,1584,4
2017,113,24,0.889229538789653,3751,4
2017,113,31,0.9017213771016825,1249,4
2017,113,43,0.8894037066881538,1241,4
2017,113,44,0.9678068410462778,994,4
2017,113,49,0.9437998350288664,18185,4
2017,113,71,0.8996539792387562,1734,4
2017,115,21,0.869988545246277,873,4
2017,115,23,0.9374361593462713,979,4
2017,115,43,0.9257000903342383,3321,4
2017,117,25,0.9159116647791621,883,3
2017,117,41,0.9439062500000005,1600,3
2017,117,43,0.9606981081801214,3753,3
2017,117,44,0.9872007366482504,2715,3
2017,117,51,0.9280679933664995,1206,3
2017,119,21,0.9158979924036901,1843,4
2017,119,42,0.9028095020557346,2189,4
2017,119,47,0.9428671239837371,7872,4
2017,121,23,0.839050751879701,1064,4
2017,121,49,0.9601651842439621,7870,4
2017,123,33,0.8622413188354976,2851,2
2017,125,23,0.9543598233995602,9060,3
2017,125,42,0.9182630906768836,783,3
2017,127,22,0.9233637116818548,1207,3
2017,127,25,0.8998637602179842,734,3
2017,129,14,0.916413949962093,2638,3
2017,133,14,0.9249748237663659,2979,3
2017,133,24,0.8418273645546391,1089,3
2017,133,25,0.9414378029079179,2476,3
2017,135,44,0.9625875875875859,5994,3
2017,135,47,0.8351610692254962,1459,3
2017,135,49,0.9423748544819561,859,3
2017,139,23,0.8931712364200716,1933,3
2017,139,24,0.8118589743589752,780,3
2017,139,25,0.8526442307692321,1040,3
2017,139,44,0.9519230769230763,1586,3
2017,139,49,0.9487874920229742,1567,3
2017,141,22,0.870601851851847,2160,4
2017,141,49,0.9250741839762641,5392,4
2017,143,21,0.8925287356321846,1305,4
2017,143,42,0.8757052186177724,1418,4
2017,145,23,0.8865562403698001,1298,4
2017,145,33,0.8796556570625449,1423,4
2017,147,23,0.9400606980273141,1318,3
2017,147,47,0.8467514124293775,1062,3
2017,149,54,0.9219616742309641,1983,4
2017,151,44,0.9548989113530325,1286,3
2017,151,47,0.9418004587155958,872,3
2017,153,24,0.9192200557103078,3949,3
2017,153,35,0.965358931552588,1198,3
2017,157,22,0.7759464751958279,1532,4
2017,157,49,0.9672470978441134,4824,4
2017,157,54,0.9112078758046182,5282,4
2017,159,47,0.8674920969441521,949,3
2017,161,21,0.8938172043010768,1116,4
2017,161,23,0.8659041786743493,2776,4
2017,163,21,0.9258381924198255,1372,3
2017,163,22,0.8616144975288281,1214,3
2017,163,23,0.9168940904796924,9527,3
2017,163,31,0.8968410661401781,1013,3
2017,163,33,0.9443371943371943,1554,3
2017,165,24,0.9144409937888208,1610,3
2017,165,54,0.9596942321056284,1439,3
2017,167,21,0.9132533645406685,1709,4
2017,167,22,0.8153745072273325,761,4
2017,167,49,0.9252154288059079,2437,4
2017,169,24,0.881525076765607,977,1
2017,171,33,0.9476190476190479,945,3
2017,179,21,0.9308189655172422,1160,3
2017,179,54,0.8626855600539806,741,3
2017,183,34,0.9389857369255141,3155,4
2017,183,47,0.9342636579572544,8420,4
2017,183,49,0.8506857855361606,802,4
2017,185,44,0.8177194860813692,934,4
2017,187,49,0.9396551724137927,1276,4
2017,187,54,0.9820108427796946,2029,4
2017,189,34,0.9244269340974177,6980,3
2017,189,54,0.9516921397379919,916,3
2017,191,47,0.9024163568773226,807,4
2017,197,21,0.9458565125647392,5213,3
2017,201,49,0.9447031862201518,27054,4
2017,209,32,0.9013227513227509,945,3
2017,209,49,0.8883257030739056,1529,3
2017,215,49,0.905563909774441,3325,4
2017,223,44,0.9371272365805168,1006,3
2017,227,51,0.8514534883720944,860,4
2017,245,44,0.8332116788321154,1370,4
2017,245,49,0.8011146496815326,1570,4
2017,251,49,0.9432788051209097,1406,3
2017,257,49,0.9302705223880602,1072,3
2017,303,49,0.8898706896551738,2320,4
2017,309,49,0.8892988929889276,2168,4
2017,313,44,0.9163551401869161,535,4
2017,329,49,0.9435648621041872,979,4
2017,339,49,0.9594491783323176,3286,4
2017,355,49,0.9173877214668279,2427,2
2017,367,49,0.9595443833464257,1273,3
2017,375,49,0.8551650692225761,939,4
2017,381,49,0.9258771929824571,1140,4
2017,423,49,0.8917987594762254,1451,4
2017,439,49,0.9474739773254723,15083,4
2017,441,49,0.8465163934426215,1220,4
2017,451,49,0.8612750885478169,847,4
2017,453,49,0.9308082392304524,9564,4
2017,479,49,0.8869006254343297,1439,2
2017,485,49,0.7934682612695483,1087,4
2017,491,49,0.9646733232038187,4607,3
2017,510,34,0.8585912486659528,1874,2
2017,510,40,0.9688421828908552,1356,2
2017,510,52,0.8597575905974619,4084,2
2017,550,40,0.9203629032258054,1736,3
2017,650,40,0.8764400921658976,868,2
2017,700,40,0.8464837049742702,1166,2
2017,760,40,0.8506554307116093,1602,2
2017,810,40,0.949487836107555,3905,2
2018,0,2,0.8970731368186948,7192,0
2018,0,3,0.8975603174286272,50027,0
2018,0,4,0.9044529837251284,11060,0
2018,0,5,0.8918250950570354,1315,0
2018,0,6,0.867941111843552,4551,0
2018,0,12,0.8721511395441766,5002,0
2018,0,13,0.8848628952569307,40480,0
2018,0,14,0.8971932378872631,37089,0
2018,0,21,0.9021922597757174,24883,0
2018,0,22,0.9146844711558924,23627,0
2018,0,23,0.9084977609851538,28584,0
2018,0,24,0.9033811447256092,36393,0
2018,0,25,0.9225437497474037,24743,0
2018,0,31,0.8977383863080766,20450,0
2018,0,32,0.8979977219591155,16681,0
2018,0,33,0.9180134357005537,26050,0
2018,0,34,0.8824693755601775,26776,0
2018,0,35,0.9079108498653007,8166,0
2018,0,36,0.8952292823360088,4863,0
2018,0,37,0.8915183493463499,6349,0
2018,0,40,0.9074679380412718,48032,0
2018,0,41,0.8980673033196996,21990,0
2018,0,42,0.8681786092481375,14165,0
2018,0,43,0.8899522132796717,39760,0
2018,0,44,0.8915751390591098,42428,0
2018,0,45,0.890905280804719,17895,0
2018,0,46,0.8578309894058699,16141,0
2018,0,47,0.8954450376198299,32031,0
2018,0,48,0.8906463718304116,28513,0
2018,0,49,0.8592715231787426,39864,0
2018,0,51,0.88303277515384,20961,0
2018,0,52,0.8807725321888535,5825,0
2018,0,53,0.8732967307212499,20035,0
2018,0,54,0.9052061252832254,27362,0
2018,0,56,0.8859916492693213,11975,0
2018,0,61,0.8411832648870818,7792,0
2018,0,62,0.9335881729839107,43426,0
2018,0,63,0.9283520132835142,12045,0
2018,0,64,0.9105284227381862,7494,0
2018,0,65,0.9209545115585398,2682,0
2018,0,66,0.8849454820252532,9263,0
2018,0,67,0.9263774540848616,6316,0
2018,0,68,0.9128067100650972,3994,0
2018,0,71,0.8659704924314939,10438,0
2018,0,72,0.8931213397718937,9733,0
2018,0,73,0.9135943085441781,14267,0
2018,0,81,0.8446058091286316,3615,0
2018,0,82,0.9344027125717274,1917,0
2018,1,1,0.9451383786431574,8166,4
2018,1,2,0.8430807248764406,607,4
2018,1,11,0.8972125435540077,1148,4
2018,1,13,0.832087959009394,2342,4
2018,1,43,0.8270915462111208,2283,4
2018,1,47,0.8997005988023941,1503,4
2018,1,71,0.9360754041876361,15092,4
2018,1,82,0.8848116169544742,1274,4
2018,1,98,0.8792016806722605,5474,4
2018,3,1,0.9117299402030319,7191,3
2018,3,3,0.8503118503118503,1443,3
2018,3,5,0.9599708879184857,1374,3
2018,3,11,0.9257802746566763,4005,3
2018,3,12,0.948912348048626,7815,3
2018,3,14,0.914658750288224,8674,3
2018,3,22,0.9394284712482457,2852,3
2018,3,24,0.8946051167964398,899,3
2018,3,33,0.9348002159827227,1852,3
2018,3,41,0.9264469453376195,1244,3
2018,3,52,0.9296636085626908,4251,3
2018,3,65,0.9526309326456734,16287,3
2018,3,82,0.8991006348459903,8506,3
2018,5,1,0.9351742468989963,1693,3
2018,5,11,0.9494032174364303,1927,3
2018,5,12,0.9290708164185871,4434,3
2018,5,13,0.8776447661469872,7184,3
2018,5,23,0.9546925566343045,927,3
2018,5,45,0.9550989345509896,657,3
2018,5,52,0.9218183137425628,6891,3
2018,5,61,0.7768576544315128,1117,3
2018,5,72,0.9536957146965764,3477,3
2018,7,1,0.8931283219438132,1317,3
2018,7,5,0.8711755233494274,4347,3
2018,7,12,0.9335305481767702,4141,3
2018,7,24,0.8711096075778083,739,3
2018,7,42,0.9391764705882344,2125,3
2018,7,48,0.9323573017049656,1349,3
2018,7,71,0.9015233949945605,1838,3
2018,9,1,0.8929933665008265,6030,3
2018,9,5,0.8947678992918965,1271,3
2018,9,25,0.8825478645066247,1358,3
2018,9,43,0.9497313031795815,4466,3
2018,9,54,0.9454503249767875,1077,3
2018,11,1,0.8870707070707085,2475,3
2018,11,2,0.8634910485933496,782,3
2018,11,14,0.9065991620111759,2864,3
2018,11,43,0.9434811727935706,13438,3
2018,11,67,0.9748752672843913,2806,3
2018,11,73,0.9552422185817947,4273,3
2018,13,1,0.7720875684128239,1279,3
2018,13,12,0.8878496347764195,5613,3
2018,13,13,0.8707844574780055,1364,3
2018,13,31,0.8671393341553643,811,3
2018,13,40,0.9651777137367907,2082,3
2018,13,52,0.935368043087971,1671,3
2018,13,61,0.9399741001265636,33977,3
2018,13,66,0.8455806783144917,973,3
2018,13,71,0.9544405673120234,8884,3
2018,15,1,0.8680555555555544,1008,3
2018,15,12,0.9464870768110661,2747,3
2018,15,41,0.8541979010494758,667,3
2018,15,43,0.9172461752433949,1438,3
2018,15,44,0.9127260083449238,719,3
2018,15,51,0.9626256281407038,796,3
2018,15,52,0.9245810055865921,716,3
2018,17,12,0.9435048765304029,4819,3
2018,17,14,0.9413127829273551,4639,3
2018,17,24,0.9010791366906522,2641,3
2018,17,36,0.9096758817921835,1049,3
2018,17,43,0.9047872340425535,940,3
2018,17,45,0.8779783393501819,1385,3
2018,17,52,0.9433077578857635,1173,3
2018,17,53,0.9387034659820288,779,3
2018,17,71,0.955187130663165,1523,3
2018,17,72,0.9399730215827342,1112,3
2018,19,2,0.8692917054986029,1073,4
2018,19,12,0.9177746675997205,1429,4
2018,19,14,0.9255935946990608,1811,4
2018,19,21,0.8183673469387781,1715,4
2018,19,22,0.9380587484035761,783,4
2018,19,34,0.8251718213058407,1164,4
2018,19,43,0.9661134163208858,1446,4
2018,19,47,0.9678899082568807,1090,4
2018,19,61,0.9029126213592173,8240,4
2018,19,63,0.9575699132111856,1037,4
2018,19,71,0.9151478021136439,6529,4
2018,19,72,0.9121787025703794,817,4
2018,20,81,0.8508264462809928,1210,2
2018,21,12,0.8433929931454658,2626,4
2018,21,14,0.8914285714285702,1575,4
2018,21,23,0.8907884151246985,1243,4
2018,21,43,0.940113325517781,2559,4
2018,21,44,0.8408675799086764,1095,4
2018,21,47,0.8867061356297101,1858,4
2018,21,52,0.9570476190476188,2625,4
2018,23,12,0.898622047244099,7366,3
2018,23,24,0.9363553113553108,1092,3
2018,23,71,0.8828200192492773,1039,3
2018,25,3,0.8595448897172963,6438,3
2018,25,12,0.9565142364107,5795,3
2018,25,25,0.90416795785559,3227,3
2018,25,52,0.9674231332357253,2049,3
2018,25,61,0.8911742707554221,1337,3
2018,25,71,0.7351609657947726,994,3
2018,27,12,0.9438413585554601,4652,4
2018,27,13,0.8573896353166975,2605,4
2018,27,14,0.7574349442379144,1345,4
2018,27,49,0.9004265828468816,2227,4
2018,27,52,0.968530823181986,2709,4
2018,27,53,0.8407216494845328,1455,4
2018,27,61,0.8786284470246756,1378,4
2018,29,12,0.9137639856449252,4737,4
2018,29,13,0.8965722697322256,7133,4
2018,29,14,0.9233974358974317,3900,4
2018,29,24,0.898048452220726,743,4
2018,29,49,0.9257239633737747,13433,4
2018,29,71,0.8624392614188608,5145,4
2018,29,72,0.930658159838817,1489,4
2018,31,12,0.9269010043041594,3485,4
2018,31,21,0.9252670125114216,32770,4
2018,31,43,0.9217446364719865,6712,4
2018,31,52,0.9619950020824691,9604,4
2018,31,65,0.9558587479935793,3738,4
2018,31,71,0.7154368108566578,1179,4
2018,33,43,0.846376252891293,2594,4
2018,33,45,0.912455232789495,2513,4
2018,33,46,0.9691403379867747,1361,4
2018,33,52,0.9183464899915404,7094,4
2018,33,73,0.9363524253220236,18245,4
2018,35,12,0.9529542349726765,2928,3
2018,35,22,0.8220771850170264,881,3
2018,35,24,0.9133720322141958,9561,3
2018,35,47,0.9238366988586472,1139,3
2018,35,67,0.9420272387609964,8297,3
2018,35,73,0.9440353460972046,2716,3
2018,37,12,0.9515044814340587,1562,3
2018,37,21,0.8974156118143456,948,3
2018,37,33,0.9528559428811416,2381,3
2018,37,54,0.9038534910339557,5242,3
2018,37,71,0.9286764078108767,81989,3
2018,39,12,0.9396753246753236,3850,3
2018,39,22,0.92191053828658,1319,3
2018,39,49,0.8972819216182073,2373,3
2018,39,71,0.7880597014925369,1005,3
2018,39,72,0.9268888888888905,3375,3
2018,41,12,0.928447528187338,1153,4
2018,41,24,0.9618568894145471,1691,4
2018,41,40,0.946710526315791,2660,4
2018,41,49,0.817647058823532,1615,4
2018,41,71,0.9138850254983762,2157,4
2018,43,14,0.9246031746031732,1764,3
2018,43,21,0.9553539346029446,8349,3
2018,43,52,0.8384146341463394,1230,3
2018,43,66,0.9254182156133828,1076,3
2018,45,14,0.8723195606694586,3824,3
2018,45,24,0.9302373158756128,1222,3
2018,45,32,0.7662517289073293,723,3
2018,45,44,0.8987383798140771,753,3
2018,47,13,0.9332203389830509,19175,2
2018,47,46,0.9159631619339965,1303,2
2018,47,71,0.9186373873873865,1776,2
2018,47,72,0.8828691339183539,2621,2
2018,49,14,0.8571964017991054,2001,4
2018,49,24,0.9316246792628927,8574,4
2018,49,47,0.8845144356955386,762,4
2018,49,66,0.9244372990353705,1244,4
2018,49,67,0.9030575796542404,6999,4
2018,51,14,0.887872954764196,1039,4
2018,51,44,0.9015933572710975,2228,4
2018,51,47,0.8923734853884576,2806,4
2018,51,48,0.9132352941176489,2380,4
2018,51,72,0.9247837112171898,6704,4
2018,53,33,0.9069031032299013,6316,4
2018,53,43,0.9320121951219514,1640,4
2018,53,67,0.9408817635270552,998,4
2018,53,73,0.9315821833583787,7319,4
2018,55,13,0.8916099179325913,5727,4
2018,55,35,0.9204448246364426,3507,4
2018,55,41,0.9196018376722817,653,4
2018,55,45,0.9290187891440491,1437,4
2018,55,71,0.9205163043478252,1472,4
2018,57,24,0.8631503920171075,1403,3
2018,57,43,0.9441091260260714,12426,3
2018,57,44,0.9680153089119742,1829,3
2018,57,47,0.9217592592592584,1080,3
2018,57,67,0.9511056511056523,2035,3
2018,59,13,0.9509977266986535,11877,4
2018,59,25,0.8904733009708733,824,4
2018,59,44,0.8407519446845301,1157,4
2018,59,46,0.9528301886792446,848,4
2018,59,71,0.9450602730349347,26297,4
2018,61,13,0.8750300192122829,8328,4
2018,61,24,0.9152906486941911,5935,4
2018,61,43,0.9268480492813144,974,4
2018,61,49,0.8838633433605498,2327,4
2018,61,71,0.9508117776554773,3634,4
2018,61,73,0.947199533255543,6856,4
2018,63,13,0.9178593652769149,1607,4
2018,63,22,0.9336080586080588,1092,4
2018,63,25,0.8634800550206335,727,4
2018,63,44,0.890664160401003,1596,4
2018,63,47,0.8572588126159575,2156,4
2018,63,73,0.8993795364083376,4271,4
2018,65,23,0.8284581060981637,2017,3
2018,65,54,0.9196367956551278,2946,3
2018,65,71,0.9315875613747876,18330,3
2018,67,44,0.9637950541457903,6187,4
2018,67,47,0.8943177705392708,2763,4
2018,67,51,0.9039559543230014,2452,4
2018,67,71,0.9393321837278577,12758,4
2018,67,72,0.950957892636201,5011,4
2018,67,73,0.9315909090909081,2200,4
2018,69,62,0.9337655942219328,3046,4
2018,71,13,0.8972482435597212,2562,3
2018,71,14,0.8879931120851624,3194,3
2018,71,34,0.9575332348596753,677,3
2018,71,43,0.9373873873873858,6105,3
2018,71,45,0.8979561611374385,3376,3
2018,71,47,0.9356702619414479,1947,3
2018,71,71,0.9184923395751506,13511,3
2018,73,25,0.936897106109325,1244,4
2018,73,41,0.8979268292682927,4100,4
2018,73,43,0.8869609856262852,2435,4
2018,73,44,0.9747053045186639,1018,4
2018,73,45,0.860703043022034,953,4
2018,73,71,0.917743900043231,25451,4
2018,73,73,0.8984974424552444,1564,4
2018,75,13,0.9153354632587866,1252,2
2018,75,14,0.9135559921414537,1018,2
2018,75,23,0.8155458089668629,1026,2
2018,75,71,0.9327540887850456,6848,2
2018,77,23,0.8870151770657694,1779,3
2018,77,44,0.9664076782449722,1094,3
2018,77,71,0.9064433927921336,5494,3
2018,77,73,0.912405303030303,1584,3
2018,79,25,0.8798087613964936,4497,4
2018,79,71,0.8430992736077478,2065,4
2018,81,13,0.9452932551319712,17050,2
2018,81,22,0.9279379157427929,902,2
2018,81,23,0.929294922388847,3801,2
2018,81,41,0.8737373737373758,891,2
2018,81,43,0.9443859649122798,2850,2
2018,81,47,0.8628534704370191,3890,2
2018,81,71,0.9507586705202323,6920,2
2018,83,13,0.8955357142857147,1400,4
2018,83,43,0.8839080459770098,2175,4
2018,83,48,0.896484375,2432,4
2018,83,71,0.893402777777781,3600,4
2018,85,13,0.9278217219348968,3287,2
2018,85,14,0.8717391304347852,1265,2
2018,85,43,0.9118320610687027,1310,2
2018,85,47,0.9204462326261876,1367,2
2018,85,49,0.9786884300380656,8669,2
2018,85,71,0.943476292859566,17674,2
2018,87,13,0.896208630079597,2387,3
2018,87,25,0.9410654362416114,1192,3
2018,87,40,0.9637009909521752,2321,3
2018,87,71,0.874703087885983,2105,3
2018,89,13,0.8014469453376194,1244,4
2018,89,14,0.9269420468557343,811,4
2018,89,21,0.9403852276345139,3141,4
2018,89,22,0.9444444444444458,3033,4
2018,89,24,0.9198694706308924,1379,4
2018,89,71,0.9161783854166666,1536,4
2018,91,13,0.941696113074205,1981,3
2018,91,14,0.921760486511764,6413,3
2018,91,21,0.8782347504621059,1082,3
2018,91,22,0.8230277185501054,938,3
2018,91,32,0.9679698539802163,4246,3
2018,91,43,0.9125000000000018,1940,3
2018,91,48,0.9444577161968476,2093,3
2018,91,49,0.9633213321332132,1111,3
2018,93,13,0.8959915611814357,1185,3
2018,93,23,0.9702481669486742,1773,3
2018,93,24,0.8826376936316717,2324,3
2018,95,22,0.8894472361809059,1194,4
2018,95,34,0.9097690578377248,4893,4
2018,95,43,0.9263166414849939,9266,4
2018,95,71,0.921933333333337,3750,4
2018,97,21,0.9430731792108495,5753,4
2018,97,22,0.9240099892971784,5606,4
2018,97,41,0.8789699570815409,2330,4
2018,97,43,0.9495153473344095,1857,4
2018,97,44,0.9308441558441558,770,4
2018,97,71,0.9324104234527675,3991,4
2018,99,21,0.9205716963448913,1067,3
2018,99,23,0.9456918057954317,5211,3
2018,99,34,0.9485507246376808,1380,3
2018,99,43,0.9437568873442337,11797,3
2018,99,71,0.9444281524926715,3410,3
2018,101,14,0.8557328088578063,6864,2
2018,101,25,0.8813079299691059,971,2
2018,101,43,0.9410330414012741,5024,2
2018,101,47,0.9245886654478963,1094,2
2018,103,13,0.933995026582056,11662,3
2018,103,24,0.9478537894030857,1491,3
2018,103,31,0.8553571428571415,840,3
2018,103,43,0.9303052909445687,8713,3
2018,103,45,0.9567679558011049,1810,3
2018,105,22,0.7660369068541283,1138,4
2018,105,25,0.8915009041591332,1106,4
2018,105,43,0.8987579433853249,5193,4
2018,107,14,0.8929572529782751,1427,3
2018,107,40,0.9824141812042769,3554,3
2018,107,71,0.9052023121387296,2595,3
2018,109,13,0.702788649706455,1022,4
2018,109,24,0.9435994930291509,789,4
2018,109,33,0.9263862332695987,1046,4
2018,109,35,0.8806172839506196,2025,4
2018,109,45,0.9228280961182995,541,4
2018,109,53,0.8990474912798521,3727,4
2018,111,21,0.9721189591078063,2421,4
2018,111,43,0.9325958702064887,1695,4
2018,111,51,0.9387449453347357,6677,4
2018,111,71,0.9451326834551788,7386,4
2018,113,21,0.9009740259740283,1694,4
2018,113,24,0.9021683346163754,3897,4
2018,113,31,0.912795125666414,1313,4
2018,113,43,0.8958978328173359,1292,4
2018,113,44,0.9646271510516252,1046,4
2018,113,49,0.9445370469942995,18598,4
2018,113,71,0.8944850872256616,1777,4
2018,115,21,0.8874999999999986,960,4
2018,115,23,0.9349422875131161,953,4
2018,115,43,0.9393021914648227,3468,4
2018,117,25,0.9068906605922562,878,3
2018,117,41,0.9586102719033222,1655,3
2018,117,43,0.9585508327119059,4023,3
2018,117,44,0.9832140422631225,2934,3
2018,117,51,0.9415557404326124,1202,3
2018,119,21,0.926949786324788,1872,4
2018,119,42,0.9263475836431238,2152,4
2018,119,47,0.9428351783517851,8130,4
2018,121,23,0.8723064644852363,1253,4
2018,121,49,0.9620383477030027,7771,4
2018,123,33,0.8512419006479474,2778,2
2018,125,23,0.9574415269196769,9064,3
2018,125,42,0.9497991967871491,747,3
2018,127,22,0.922778257118206,1159,3
2018,127,25,0.9027224435590964,753,3
2018,129,14,0.9121880998080627,2605,3
2018,133,14,0.92221337579618,3140,3
2018,133,24,0.864955357142856,1120,3
2018,133,25,0.9372980613893366,2476,3
2018,135,44,0.9626623376623382,6006,3
2018,135,47,0.8258154059680768,1441,3
2018,135,49,0.9386688668866882,909,3
2018,139,23,0.8892559960841915,2043,3
2018,139,24,0.8490740740740759,810,3
2018,139,25,0.8546341463414625,1025,3
2018,139,44,0.9523809523809535,1617,3
2018,139,49,0.9682136045772414,1573,3
2018,141,22,0.8764082920234383,2219,4
2018,141,49,0.9199563484532199,5269,4
2018,143,21,0.9093794076163617,1418,4
2018,143,42,0.8926240208877303,1532,4
2018,145,23,0.8958496476115909,1277,4
2018,145,33,0.8681235870384354,1327,4
2018,147,23,0.9456521739130428,1334,3
2018,147,47,0.8743600682593834,1172,3
2018,149,54,0.93032581453634,1995,4
2018,151,44,0.9384412650602406,1328,3
2018,151,47,0.9282544378698231,1014,3
2018,153,24,0.9292105908310891,4079,3
2018,153,35,0.9605153782211138,1203,3
2018,157,22,0.7974559686888475,1533,4
2018,157,49,0.9559616213885311,4638,4
2018,157,54,0.913111490329917,5274,4
2018,159,47,0.8685863874345536,955,3
2018,161,21,0.9074702886247881,1178,4
2018,161,23,0.872186495176843,2799,4
2018,163,21,0.9024896265560156,1446,3
2018,163,22,0.8716611018363931,1198,3
2018,163,23,0.9239993474004855,9194,3
2018,163,31,0.9256958250497025,1006,3
2018,163,33,0.9380456682337148,1489,3
2018,165,24,0.9180799515445199,1651,3
2018,165,54,0.9655548628428924,1604,3
2018,167,21,0.9184397163120566,1692,3
2018,167,22,0.8091787439613516,828,3
2018,167,49,0.9313917122752156,2558,3
2018,169,24,0.8931525735294125,1088,1
2018,171,33,0.9500000000000005,915,3
2018,179,21,0.9394463667820063,1156,3
2018,179,54,0.8664343786295007,861,3
2018,183,34,0.9503495392437276,3147,4
2018,183,47,0.9338243690761726,8757,4
2018,183,49,0.853057757644395,883,4
2018,185,44,0.8259951749095295,829,4
2018,187,49,0.9370928338762218,1228,4
2018,187,54,0.9879391100702575,2135,4
2018,189,34,0.9237003504672836,6848,3
2018,189,54,0.9425315227934041,1031,3
2018,191,47,0.8809681697612722,754,4
2018,197,21,0.9540787221905305,5259,3
2018,201,49,0.9467223464896415,27718,4
2018,209,32,0.9392816419612319,877,3
2018,209,49,0.9254287844891881,1341,3
2018,215,49,0.905536028119505,3414,4
2018,223,44,0.970802919708029,959,3
2018,227,51,0.8673965936739668,822,4
2018,245,44,0.8381024096385544,1328,4
2018,245,49,0.8170840787119857,1677,4
2018,251,49,0.9474587912087914,1456,3
2018,257,49,0.9528049866429208,1123,3
2018,303,49,0.8931019708654636,2334,4
2018,309,49,0.8817073170731742,2255,4
2018,313,44,0.9090150250417364,599,4
2018,329,49,0.9234409799554554,898,4
2018,339,49,0.9607961399276238,3316,4
2018,355,49,0.9314363712725765,2381,2
2018,367,49,0.9627393838467936,1201,3
2018,375,49,0.8638232271325789,973,4
2018,381,49,0.9395161290322583,1240,4
2018,423,49,0.8861901457321312,1441,4
2018,439,49,0.9554886430581955,15277,4
2018,441,49,0.8744897959183691,1225,4
2018,451,49,0.8604461371055492,919,4
2018,453,49,0.9358810932082319,9806,4
2018,479,49,0.9061450638012073,1489,2
2018,485,49,0.8166383701188419,1178,4
2018,491,49,0.9679096638655468,4760,3
2018,510,34,0.8675910821098441,1839,2
2018,510,40,0.9695945945945951,1406,2
2018,510,52,0.8436619718309789,3905,2
2018,550,40,0.9216656959813643,1717,3
2018,650,40,0.8760479041916176,835,2
2018,700,40,0.8291701947502133,1181,2
2018,760,40,0.8661202185792343,1647,2
2018,810,40,0.9576407506702425,3730,2
2019,0,2,0.8955687559743171,7323,0
2019,0,3,0.9042076119169654,51288,0
2019,0,4,0.9181785998760845,11299,0
2019,0,5,0.8899064692127799,1283,0
2019,0,6,0.8785233487589346,4754,0
2019,0,12,0.8966486486486562,4625,0
2019,0,13,0.8936920669314891,41535,0
2019,0,14,0.9003430281839284,37752,0
2019,0,21,0.9083253224385316,24966,0
2019,0,22,0.9181886067847229,23435,0
2019,0,23,0.9202743285193926,29636,0
2019,0,24,0.9116984034370911,37706,0
2019,0,25,0.9260630295352047,25258,0
2019,0,31,0.896906593140834,20673,0
2019,0,32,0.8996870342771895,16775,0
2019,0,33,0.9231066034615717,27213,0
2019,0,34,0.8837967699502941,27368,0
2019,0,35,0.9084407140323887,8459,0
2019,0,36,0.9179773043997647,5023,0
2019,0,37,0.8969654745316565,6459,0
2019,0,40,0.9074385711335574,48430,0
2019,0,41,0.9035908855067528,23128,0
2019,0,42,0.8770340751042979,14380,0
2019,0,43,0.896845371908874,40924,0
2019,0,44,0.8980283567341012,43517,0
2019,0,45,0.8953380081078178,18254,0
2019,0,46,0.8664814814814649,16200,0
2019,0,47,0.9006619021771705,33162,0
2019,0,48,0.8967514650587907,29521,0
2019,0,49,0.8658811401721881,41713,0
2019,0,51,0.890008029472857,21172,0
2019,0,52,0.8795508676420435,5878,0
2019,0,53,0.8805559722014107,20001,0
2019,0,54,0.9114231082468686,28241,0
2019,0,56,0.8953421030859741,12087,0
2019,0,61,0.8603217972070473,8235,0
2019,0,62,0.939962919080195,45576,0
2019,0,63,0.9392551166111291,12606,0
2019,0,64,0.9156056977183928,7933,0
2019,0,65,0.9116428033157534,2654,0
2019,0,66,0.8973969977642848,9393,0
2019,0,67,0.9371293902995259,6577,0
2019,0,68,0.9274652698701888,4391,0
2019,0,71,0.8733799774605534,10648,0
2019,0,72,0.9001243781094461,10050,0
2019,0,73,0.9140939375948065,15159,0
2019,0,81,0.8497543668122263,3664,0
2019,0,82,0.9379989356040457,1879,0
2019,1,1,0.9447159437996399,8185,4
2019,1,2,0.8552631578947356,589,4
2019,1,11,0.9285137318255249,1238,4
2019,1,13,0.8384903429247186,2537,4
2019,1,43,0.85727069351230345,2235,4
2019,1,47,0.9055482166446521,1514,4
2019,1,71,0.9441081256069851,15445,4
2019,1,82,0.9414191419141924,1515,4
2019,1,98,0.8888697152717929,5795,4
2019,3,1,0.9141354326320263,7177,3
2019,3,3,0.8581220013708009,1459,3
2019,3,5,0.9591216216216211,1480,3
2019,3,11,0.9315267360270962,4133,3
2019,3,12,0.9598349294354819,7936,3
2019,3,14,0.9174760054844658,8752,3
2019,3,22,0.9502683663200261,2981,3
2019,3,24,0.8964248159831758,951,3
2019,3,33,0.9380285412262147,1892,3
2019,3,41,0.905555555555554,1170,3
2019,3,52,0.925267876667398,4573,3
2019,3,65,0.9519818901415207,16676,3
2019,3,82,0.899020437779663,8269,3
2019,5,1,0.9475671140939609,1788,3
2019,5,11,0.9602980427046263,2248,3
2019,5,12,0.9412968548039624,4642,3
2019,5,13,0.8526191796008932,7216,3
2019,5,23,0.9368131868131873,910,3
2019,5,45,0.9488993710691827,636,3
2019,5,52,0.9232870643827558,6772,3
2019,5,61,0.7933970099667751,1204,3
2019,5,72,0.9566532258064533,3224,3
2019,7,1,0.9098974763406943,1268,3
2019,7,5,0.863334832471335,4447,3
2019,7,12,0.948095238095239,4200,3
2019,7,24,0.8656876790830942,698,3
2019,7,42,0.962541099107563,2129,3
2019,7,48,0.9331848552338523,1347,3
2019,7,71,0.9054091928251092,1784,3
2019,9,1,0.8951303040427668,5986,3
2019,9,5,0.897955092221329,1247,3
2019,9,25,0.8802158273381279,1390,3
2019,9,43,0.9486870897155373,4570,3
2019,9,54,0.9363323500491646,1017,3
2019,11,1,0.9012725779967173,2436,3
2019,11,2,0.8643111638954858,842,3
2019,11,14,0.9009259259259265,2970,3
2019,11,43,0.9567681464796861,13763,3
2019,11,67,0.9722891566265048,2905,3
2019,11,73,0.9536253430924044,4372,3
2019,13,1,0.7997896213183708,1426,3
2019,13,12,0.9122565074987132,5801,3
2019,13,13,0.88321799307958615,1445,3
2019,13,31,0.8800355450236974,844,3
2019,13,40,0.9606124357176236,2139,3
2019,13,52,0.9489795918367356,1813,3
2019,13,61,0.9422994514912608,35004,3
2019,13,66,0.8754970178926457,1006,3
2019,13,71,0.9586556788877674,8919,3
2019,15,1,0.8858641358641339,1001,3
2019,15,12,0.9565016623568535,2707,3
2019,15,41,0.8663544668587901,694,3
2019,15,43,0.9207439678284172,1492,3
2019,15,44,0.9141246684350125,754,3
2019,15,51,0.9615384615384617,767,3
2019,15,52,0.9231601731601732,693,3
2019,17,12,0.9481583231583244,4914,3
2019,17,14,0.946132310244715,4822,3
2019,17,24,0.9093830334190212,2723,3
2019,17,36,0.9072769953051633,1065,3
2019,17,43,0.9021012416427885,1047,3
2019,17,45,0.9017059301380996,1231,3
2019,17,52,0.9458234830575253,1269,3
2019,17,53,0.9384973404255321,752,3
2019,17,71,0.9592220828105387,1594,3
2019,17,72,0.953998280309544,1163,3
2019,19,2,0.8650592216582084,1182,4
2019,19,12,0.9338588074023302,1459,4
2019,19,14,0.9322858731924355,1798,4
2019,19,21,0.8136016451233843,1702,4
2019,19,22,0.9227099236641221,786,4
2019,19,34,0.8184523809523822,1176,4
2019,19,43,0.9672346002621226,1526,4
2019,19,47,0.9631018153117604,1267,4
2019,19,61,0.9066729433917773,8497,4
2019,19,63,0.9698149951314511,1027,4
2019,19,71,0.9192788815305333,6795,4
2019,19,72,0.9262672811059911,868,4
2019,20,81,0.8608490566037755,1166,2
2019,21,12,0.8666349809885873,2630,4
2019,21,14,0.8961588541666652,1536,4
2019,21,23,0.9065696302124314,1271,4
2019,21,43,0.9532846715328465,2740,4
2019,21,44,0.8546405823475912,1099,4
2019,21,47,0.9018824136152643,1939,4
2019,21,52,0.9484920058139557,2752,4
2019,23,12,0.9078234975636061,7388,3
2019,23,24,0.9223640856672142,1214,3
2019,23,71,0.9095648232094291,1103,3
2019,25,3,0.8618534145960288,6399,3
2019,25,12,0.9583260451285666,5717,3
2019,25,25,0.9137055837563439,3349,3
2019,25,52,0.9720372836218376,2253,3
2019,25,61,0.9058564231738049,1588,3
2019,25,71,0.7697176241480064,1027,3
2019,27,12,0.9538278546712805,4624,4
2019,27,13,0.87073707370737,2727,4
2019,27,14,0.7458662832494645,1391,4
2019,27,49,0.9192433612222639,2749,4
2019,27,52,0.9687273386511959,2758,4
2019,27,53,0.8614035087719307,1425,4
2019,27,61,0.8800724637681162,1380,4
2019,29,12,0.9255151387720756,4756,4
2019,29,13,0.9011332417582355,7280,4
2019,29,14,0.9335869294088334,4009,4
2019,29,24,0.8971932114882507,766,4
2019,29,49,0.9332257838254869,14257,4
2019,29,71,0.8672888800159771,5009,4
2019,29,72,0.9307091737150285,1537,4
2019,31,12,0.941761779338599,3417,4
2019,31,21,0.9294813466787862,32970,4
2019,31,43,0.9219847775175722,6832,4
2019,31,52,0.9609107394720906,9926,4
2019,31,65,0.956456651913564,3841,4
2019,31,71,0.6875,1016,4
2019,33,43,0.8724696356275273,2717,4
2019,33,45,0.9059386209645276,2509,4
2019,33,46,0.9765910753474759,1367,4
2019,33,52,0.9182100998408328,6911,4
2019,33,73,0.9386635549117548,18639,4
2019,35,12,0.9645299145299147,2925,3
2019,35,22,0.8120393120393105,814,3
2019,35,24,0.9086628511966742,9610,3
2019,35,47,0.9179000925069372,1081,3
2019,35,67,0.9479404381560992,8764,3
2019,35,73,0.9421255699754487,2851,3
2019,37,12,0.9543714103382261,1567,2
2019,37,21,0.9096989966555173,897,2
2019,37,33,0.9499790707408965,2389,2
2019,37,54,0.9084342053885233,5122,2
2019,37,71,0.9355070625053067,82761,2
2019,39,12,0.9442143727161968,4105,3
2019,39,22,0.9273913043478254,1150,3
2019,39,49,0.9004169976171562,2518,3
2019,39,71,0.8231768231768235,1001,3
2019,39,72,0.9190979458172037,3359,3
2019,41,12,0.9415048543689324,1030,4
2019,41,24,0.9654872389791181,1724,4
2019,41,40,0.9573442136498512,2696,4
2019,41,49,0.8317334839073991,1771,4
2019,41,71,0.9286369894447009,2179,4
2019,43,14,0.9251910640799523,1701,3
2019,43,21,0.9588458755426909,8292,3
2019,43,52,0.851268412438623,1222,3
2019,43,66,0.9469424460431657,1112,3
2019,45,14,0.8869196205691466,4006,3
2019,45,24,0.9387312844759658,1269,3
2019,45,32,0.788065843621401,729,3
2019,45,44,0.8968152866242041,785,3
2019,47,13,0.9272818455366084,18943,2
2019,47,46,0.9117990654205606,1284,2
2019,47,71,0.9231197771587742,1795,2
2019,47,72,0.8980790749720217,2681,2
2019,49,14,0.8497512437810911,2010,4
2019,49,24,0.930801042374797,8826,4
2019,49,47,0.8646788990825686,763,4
2019,49,66,0.9284957627118644,1416,4
2019,49,67,0.9154731816905416,7122,4
2019,51,14,0.8957894736842112,950,4
2019,51,44,0.8747183415953096,2219,4
2019,51,47,0.8970125786163556,2862,4
2019,51,48,0.9292523364485976,2675,4
2019,51,72,0.9279335793357972,6775,4
2019,53,33,0.903876707975858,6294,4
2019,53,43,0.9553571428571429,1708,4
2019,53,67,0.9453352769679295,1029,4
2019,53,73,0.9412361020274732,7645,4
2019,55,13,0.8908031932225443,6138,4
2019,55,35,0.9222963177732685,3449,4
2019,55,41,0.913585209003215,622,4
2019,55,45,0.930161943319839,1482,4
2019,55,71,0.9353764157228524,1501,4
2019,57,24,0.8578395953757205,1384,3
2019,57,43,0.9499521263863434,12533,3
2019,57,44,0.9709016393442622,1830,3
2019,57,47,0.9343853820598002,1204,3
2019,57,67,0.9628618889416223,2107,3
2019,59,13,0.9469703082136429,12394,4
2019,59,25,0.8881249999999989,800,4
2019,59,44,0.861183637946039,1149,4
2019,59,46,0.9511615628299898,947,4
2019,59,71,0.9489666492576386,26806,4
2019,61,13,0.8651110340041769,8646,4
2019,61,24,0.9246261456825876,6219,4
2019,61,43,0.9315129811996427,1117,4
2019,61,49,0.9200089126559706,2244,4
2019,61,71,0.9638297872340423,3760,4
2019,61,73,0.9498081841432227,7038,4
2019,63,13,0.9240729841082996,1699,4
2019,63,22,0.9567736185383242,1122,4
2019,63,25,0.8629579375848033,737,4
2019,63,44,0.9165157004830932,1656,4
2019,63,47,0.8523058252427151,2060,4
2019,63,73,0.902681175678707,4457,4
2019,65,23,0.835735586481111,2012,3
2019,65,54,0.9216177523264124,2794,3
2019,65,71,0.9410391363022894,18525,3
2019,67,44,0.9653681370993312,6302,4
2019,67,47,0.9058998599439761,2856,4
2019,67,51,0.9166326530612233,2450,4
2019,67,71,0.9407566302652229,12820,4
2019,67,72,0.9565478574289137,4994,4
2019,67,73,0.9389548151528991,2191,4
2019,69,62,0.9419044345135794,2909,4
2019,71,13,0.9120900076277629,2622,3
2019,71,14,0.9051264980026658,3004,3
2019,71,34,0.9465709728867625,627,3
2019,71,43,0.9422573252578139,6109,3
2019,71,45,0.9220989041865728,3559,3
2019,71,47,0.9419371196754556,1972,3
2019,71,71,0.9267281939920232,13815,3
2019,73,25,0.9504754358161641,1262,4
2019,73,41,0.8955475330926557,4155,4
2019,73,43,0.8916913946587559,2696,4
2019,73,44,0.9762021589793914,1019,4
2019,73,45,0.8843434343434337,990,4
2019,73,71,0.9295129493622036,25870,4
2019,73,73,0.9032059186189868,1622,4
2019,75,13,0.9117055510860819,1243,2
2019,75,14,0.8956310679611668,1030,2
2019,75,23,0.8312337098175474,1151,2
2019,75,71,0.9370952184098135,7257,2
2019,77,23,0.8828445747800626,1705,3
2019,77,44,0.9722466960352424,1135,3
2019,77,71,0.9088240689781742,5451,3
2019,77,73,0.9275000000000005,1600,3
2019,79,25,0.884241245136182,4369,4
2019,79,71,0.8675213675213709,2340,4
2019,81,13,0.9413761095318283,17237,2
2019,81,22,0.9379213483146076,890,2
2019,81,23,0.9208521444695242,3544,2
2019,81,41,0.8713093709884467,779,2
2019,81,43,0.9449760765550251,2926,2
2019,81,47,0.8662921348314669,4005,2
2019,81,71,0.9614532871972334,7225,2
2019,83,13,0.8784746970776893,1403,4
2019,83,43,0.8970979175897227,2257,4
2019,83,48,0.9083633453381373,2499,4
2019,83,71,0.8977395776935561,3694,4
2019,85,13,0.932871720116616,3430,2
2019,85,14,0.8702351987023541,1233,2
2019,85,43,0.9071038251366126,1281,2
2019,85,47,0.9072022160664823,1444,2
2019,85,49,0.9776638894979159,9122,2
2019,85,71,0.9496272747204564,18244,2
2019,87,13,0.886973947895789,2495,3
2019,87,25,0.9334024896265548,1205,3
2019,87,40,0.962905375388717,2251,3
2019,87,71,0.8665133596145408,2283,3
2019,89,13,0.7927154843630833,1311,4
2019,89,14,0.9260670731707317,656,4
2019,89,21,0.9495459132189717,2973,4
2019,89,22,0.9382220795892146,3116,4
2019,89,24,0.9247438928289989,1269,4
2019,89,71,0.9425014819205703,1687,4
2019,91,13,0.936172839506174,2025,3
2019,91,14,0.9289314516129014,6448,3
2019,91,21,0.8741293532338316,1005,3
2019,91,22,0.8309968847352045,963,3
2019,91,32,0.9633363370128436,4439,3
2019,91,43,0.9191137912952257,1907,3
2019,91,48,0.9480535279805365,2055,3
2019,91,49,0.9685919055649239,1186,3
2019,93,13,0.8826985413290123,1234,3
2019,93,23,0.9640899122807018,1824,3
2019,93,24,0.8804982046678635,2228,3
2019,95,22,0.872714808043874,1094,4
2019,95,34,0.9252849740932623,4825,4
2019,95,43,0.9366474850809944,9384,4
2019,95,71,0.9179445789615241,3717,4
2019,97,21,0.9482879719051787,5695,4
2019,97,22,0.9188135296179459,5706,4
2019,97,41,0.915917090340242,2557,4
2019,97,43,0.9487627756858532,1859,4
2019,97,44,0.9421021377672207,842,4
2019,97,71,0.9447964903728975,4103,4
2019,99,21,0.9183333333333321,1200,3
2019,99,23,0.9523315084009778,5297,3
2019,99,34,0.9520682862770848,1523,3
2019,99,43,0.9418019480519492,12320,3
2019,99,71,0.9480801569506748,3568,3
2019,101,14,0.8618585502132018,6801,2
2019,101,25,0.8974690082644614,968,2
2019,101,43,0.944580078125,5120,2
2019,101,47,0.9341766723842201,1166,2
2019,103,13,0.9389578473842104,12004,3
2019,103,24,0.9553281351526961,1539,3
2019,103,31,0.8747228381374721,902,3
2019,103,43,0.9301662049861479,9025,3
2019,103,45,0.9586809176225238,1918,3
2019,105,22,0.7791629563668774,1123,4
2019,105,25,0.9189325276938576,993,4
2019,105,43,0.9172311968038882,5757,4
2019,107,14,0.9006734006734023,1485,3
2019,107,40,0.9776884700665192,3608,3
2019,107,71,0.8976645435244177,2355,3
2019,109,13,0.6866834170854278,995,4
2019,109,24,0.9496402877697839,834,4
2019,109,33,0.9445788964181989,1033,4
2019,109,35,0.8904968644476597,2073,4
2019,109,45,0.9351562500000002,640,4
2019,109,53,0.9018474215842699,3762,4
2019,111,21,0.9777348515656765,2459,4
2019,111,43,0.9340163934426216,1830,4
2019,111,51,0.9404941816533149,6617,4
2019,111,71,0.94855670103093,7275,4
2019,113,21,0.871359223300971,1545,4
2019,113,24,0.9226092896174843,3660,4
2019,113,31,0.9078446306169087,1313,4
2019,113,43,0.9015358361774755,1465,4
2019,113,44,0.9706272084805657,1132,4
2019,113,49,0.9474160765446752,18499,4
2019,113,71,0.893299246501616,1858,4
2019,115,21,0.8914399092970506,882,4
2019,115,23,0.9484359726295206,1023,4
2019,115,43,0.9362957937584823,3685,4
2019,117,25,0.9023783185840716,904,3
2019,117,41,0.9584060500290876,1719,3
2019,117,43,0.9719241773962801,4194,3
2019,117,44,0.9915340331865898,2953,3
2019,117,51,0.9340704340704334,1221,3
2019,119,21,0.9144204851752038,1855,4
2019,119,42,0.93499308437068,2169,4
2019,119,47,0.9422206861882688,7957,4
2019,121,23,0.8715677590788317,1129,4
2019,121,49,0.9631168177240712,7944,4
2019,123,33,0.8743902439024385,2665,2
2019,125,23,0.9599903784477263,9354,3
2019,125,42,0.9491839762611269,674,3
2019,127,22,0.9268720748829965,1282,3
2019,127,25,0.9111245465538097,827,3
2019,129,14,0.929160419790104,2668,3
2019,133,14,0.9424321824907534,3244,3
2019,133,24,0.839285714285717,1092,3
2019,133,25,0.9410577311263615,2477,3
2019,135,44,0.957184145334432,6055,3
2019,135,47,0.8252018842530253,1486,3
2019,135,49,0.9431554524361954,862,3
2019,139,23,0.8860220440881743,1996,4
2019,139,24,0.8623225152129828,986,4
2019,139,25,0.874032882011606,1034,4
2019,139,44,0.9672289823008848,1808,4
2019,139,49,0.9547970479704794,1626,4
2019,141,22,0.8733670459334197,2373,4
2019,141,49,0.9318579766536921,5140,4
2019,143,21,0.9130514705882368,1360,4
2019,143,42,0.8855035279025026,1559,4
2019,145,23,0.9025334271639682,1421,4
2019,145,33,0.8764880952380926,1344,4
2019,147,23,0.9528301886792447,1272,3
2019,147,47,0.8651515151515169,1155,3
2019,149,54,0.9412408759124082,2055,4
2019,151,44,0.9557310800881701,1361,3
2019,151,47,0.9357619577308125,899,3
2019,153,24,0.9313535196687392,3864,3
2019,153,35,0.9529069767441859,1290,3
2019,157,22,0.7649825783972096,1435,4
2019,157,49,0.964667763834603,4861,4
2019,157,54,0.9193309924228481,5411,4
2019,159,47,0.8940897325280395,1159,3
2019,161,21,0.9024896265560156,1205,4
2019,161,23,0.8794386202232006,2957,4
2019,163,21,0.9201342281879197,1490,3
2019,163,22,0.8685606060606037,1320,3
2019,163,23,0.9238339751818524,9348,3
2019,163,31,0.9354766187050353,1112,3
2019,163,33,0.9438073394495408,1526,3
2019,165,24,0.9007716049382724,1620,3
2019,165,54,0.9686352509179932,1634,3
2019,167,21,0.9243480897513656,1649,3
2019,167,22,0.8173076923076914,858,3
2019,167,49,0.9398275186201491,2551,3
2019,169,24,0.9123831775700944,1070,1
2019,171,33,0.9463657678780771,853,3
2019,179,21,0.9451996601529317,1177,3
2019,179,54,0.8981481481481489,891,3
2019,183,34,0.9479458450046692,3213,4
2019,183,47,0.9407565826019413,9001,4
2019,183,49,0.8535300316122236,949,4
2019,185,44,0.832896461336827,763,4
2019,187,49,0.9555898491083671,1458,4
2019,187,54,0.9896275341819896,2121,4
2019,189,34,0.9297453044963063,7028,3
2019,189,54,0.9422390722569134,1121,3
2019,191,47,0.9006289308176095,795,4
2019,197,21,0.9500197745698994,5057,3
2019,201,49,0.952439673527307,28180,4
2019,209,32,0.9366940211019932,853,3
2019,209,49,0.9306947227788914,1497,3
2019,215,49,0.9038205537806184,3756,4
2019,223,44,0.9709020368574195,1031,3
2019,227,51,0.8661971830985912,852,4
2019,245,44,0.8269092219020202,1388,4
2019,245,49,0.8439044481054387,1821,4
2019,251,49,0.9266070245195503,1509,3
2019,257,49,0.9380891173950296,1167,3
2019,303,49,0.8976074614760766,2466,4
2019,309,49,0.8870336250575769,2171,4
2019,313,44,0.931481481481482,675,4
2019,329,49,0.9289709172259505,894,4
2019,339,49,0.9679663819233938,3629,4
2019,355,49,0.9348877708978341,2584,2
2019,367,49,0.9414296407185626,1336,3
2019,375,49,0.8497842502696856,927,4
2019,381,49,0.9423784977908684,1358,4
2019,423,49,0.8928333333333346,1500,4
2019,439,49,0.9535939352343009,16027,4
2019,441,49,0.8790509259259273,1296,4
2019,451,49,0.8983853006681505,898,4
2019,453,49,0.9297796002050358,9755,4
2019,479,49,0.9077452153110049,1672,2
2019,485,49,0.8345352564102554,1248,4
2019,491,49,0.9716525934861288,4974,3
2019,510,34,0.881668410041842,1912,2
2019,510,40,0.9632196162046912,1407,2
2019,510,52,0.8501764112903255,3968,2
2019,550,40,0.9334034876728803,1663,3
2019,650,40,0.8874345549738217,955,2
2019,700,40,0.8714859437751017,1245,2
2019,760,40,0.8569774174869702,1727,2
2019,810,40,0.9555851063829772,3760,2
2020,0,2,0.895852905650241,7451,0
2020,0,3,0.8865670039134291,41908,0
2020,0,4,0.8978768373522846,10409,0
2020,0,5,0.8311688311688346,1001,0
2020,0,6,0.8600081866557437,4886,0
2020,0,12,0.8651792524790229,3933,0
2020,0,13,0.85432357640072,35052,0
2020,0,14,0.8850208008983453,39181,0
2020,0,21,0.8842555774141089,23891,0
2020,0,22,0.897503253482412,20747,0
2020,0,23,0.9027641919924426,29647,0
2020,0,24,0.8829850609476401,32733,0
2020,0,25,0.9125328134651219,25904,0
2020,0,31,0.8842447855909742,21431,0
2020,0,32,0.8838074523495908,17471,0
2020,0,33,0.9167718210332597,27737,0
2020,0,34,0.8581663583041764,25403,0
2020,0,35,0.906257195486983,8686,0
2020,0,36,0.9097993376193243,5133,0
2020,0,37,0.8914414414414492,6660,0
2020,0,40,0.8738791326162759,40259,0
2020,0,41,0.8813246162592413,19349,0
2020,0,42,0.8394925762767003,12258,0
2020,0,43,0.8463021658742217,28395,0
2020,0,44,0.8479301822675263,29133,0
2020,0,45,0.8411913769719827,14009,0
2020,0,46,0.8130555786325208,12037,0
2020,0,47,0.8650246009840689,24999,0
2020,0,48,0.8525767864369752,22237,0
2020,0,49,0.8171371513673621,29544,0
2020,0,51,0.8582655325443493,18928,0
2020,0,52,0.8418974358974501,4875,0
2020,0,53,0.8640314664465065,21801,0
2020,0,54,0.8755354428630333,21711,0
2020,0,56,0.8668621409402588,10061,0
2020,0,61,0.8193351533643909,6227,0
2020,0,62,0.9181404038594018,39073,0
2020,0,63,0.918261461257123,11757,0
2020,0,64,0.8954313456990044,8033,0
2020,0,65,0.8671539122957903,2326,0
2020,0,66,0.8689200837335215,8121,0
2020,0,67,0.9338733986435531,6635,0
2020,0,68,0.9058831202713239,3833,0
2020,0,71,0.8492265130984852,8856,0
2020,0,72,0.8806201097745945,8563,0
2020,0,73,0.9060377070452771,13101,0
2020,0,81,0.8523627243928104,3788,0
2020,0,82,0.9366197183098607,1917,0
2020,1,1,0.9305089689368466,6857,4
2020,1,2,0.8434466019417465,618,4
2020,1,11,0.9207263064658986,1129,4
2020,1,13,0.7871402042711303,2154,4
2020,1,43,0.7251243781094501,1608,4
2020,1,47,0.8729131886477483,1198,4
2020,1,71,0.9330337245580289,13462,4
2020,1,82,0.9245783885071814,1601,4
2020,1,98,0.8125398512221021,4705,4
2020,3,1,0.8919399127766182,6191,3
2020,3,3,0.8473333333333312,1125,3
2020,3,5,0.9313872255489015,1002,3
2020,3,11,0.9064785024861115,3419,3
2020,3,12,0.9357335662115004,6298,3
2020,3,14,0.9071391213389212,9560,3
2020,3,22,0.9254261363636352,2464,3
2020,3,24,0.8723698781838312,903,3
2020,3,33,0.9379185986604843,1941,3
2020,3,41,0.8974820143884903,973,3
2020,3,52,0.9047902409996962,3361,3
2020,3,65,0.9418908956874263,13565,3
2020,3,82,0.8931696783725557,8799,3
2020,5,1,0.9359474804826126,1409,3
2020,5,11,0.9531408308004045,1974,3
2020,5,12,0.9020891364902534,3590,3
2020,5,13,0.8053266178266256,6552,3
2020,5,23,0.9303766105054515,1009,3
2020,5,45,0.9415322580645162,372,3
2020,5,52,0.8969795037756151,5562,3
2020,5,61,0.7293785310734442,885,3
2020,5,72,0.9522058823529403,2788,3
2020,7,1,0.8565677966101717,1180,3
2020,7,5,0.8171824104234465,3684,3
2020,7,12,0.9374266431924871,3408,3
2020,7,24,0.8524709302325589,688,3
2020,7,42,0.9470812875068197,1833,3
2020,7,48,0.8994140625,1024,3
2020,7,71,0.8840944272445835,1292,3
2020,9,1,0.8704554152315237,5226,3
2020,9,5,0.8398279352226719,988,3
2020,9,25,0.8400205761316879,1458,3
2020,9,43,0.9198769828423459,3089,3
2020,9,54,0.9217105263157893,760,3
2020,11,1,0.873046875,2048,3
2020,11,2,0.8784135240572178,769,3
2020,11,14,0.9006770145310403,3028,3
2020,11,43,0.9372565533214092,9499,3
2020,11,67,0.9674285714285723,2625,3
2020,11,73,0.9493644067796597,3540,3
2020,13,1,0.7287653239929934,1142,3
2020,13,12,0.8703458799593133,4915,3
2020,13,13,0.8754325259515582,1156,3
2020,13,31,0.8518306636155618,874,3
2020,13,40,0.945598006644519,1806,3
2020,13,52,0.9305458362491265,1429,3
2020,13,61,0.9305254255984103,27197,3
2020,13,66,0.8538223140495891,968,3
2020,13,71,0.9479225352112717,7100,3
2020,15,1,0.8324538258575217,758,3
2020,15,12,0.9385190217391319,2208,3
2020,15,41,0.893952299829642,587,3
2020,15,43,0.8959551656920084,1026,3
2020,15,44,0.8589324618736379,459,3
2020,15,51,0.9231311706629053,709,3
2020,15,52,0.9187396351575451,603,3
2020,17,12,0.9257394186639498,3922,3
2020,17,14,0.9318918918918903,4625,3
2020,17,24,0.8724576271186405,2360,3
2020,17,36,0.8987523992322454,1042,3
2020,17,43,0.8891871165644181,652,3
2020,17,45,0.8861111111111117,1080,3
2020,17,52,0.9438229571984441,1028,3
2020,17,53,0.9024926686216994,682,3
2020,17,71,0.9514981273408235,1335,3
2020,17,72,0.9388007928642226,1009,3
2020,19,2,0.8536129568106295,1204,4
2020,19,12,0.9054959785522776,1119,4
2020,19,14,0.9171406411582197,1934,4
2020,19,21,0.7613440551407283,1741,4
2020,19,22,0.9148275862068962,725,4
2020,19,34,0.78073234524847,1147,4
2020,19,43,0.9406636670416202,889,4
2020,19,47,0.9473150962512666,987,4
2020,19,61,0.8933818073898288,6739,4
2020,19,63,0.9607499999999993,1000,4
2020,19,71,0.8883976420150154,5598,4
2020,19,72,0.915680473372781,676,4
2020,20,81,0.8146114864864883,1184,2
2020,21,12,0.8122693726937323,2168,4
2020,21,14,0.8741840731070515,1532,4
2020,21,23,0.8872469635627512,1235,4
2020,21,43,0.9313699360341144,1876,4
2020,21,44,0.7839308578745174,781,4
2020,21,47,0.8510522496371586,1378,4
2020,21,52,0.9224174428450477,2362,4
2020,23,12,0.8951721809588137,5924,3
2020,23,24,0.9176688251618866,1081,3
2020,23,71,0.8928977272727279,880,3
2020,25,3,0.8314880840683075,5329,3
2020,25,12,0.94531768873146,4517,3
2020,25,25,0.903348214285708,3360,3
2020,25,52,0.9628247650635698,1809,3
2020,25,61,0.8921568627450992,1173,3
2020,25,71,0.7382953181272479,833,3
2020,27,12,0.9230401529636753,3661,4
2020,27,13,0.8211954304365623,2451,4
2020,27,14,0.7245242480049106,1629,4
2020,27,49,0.8823444700460835,1736,4
2020,27,52,0.9628349178910961,2314,4
2020,27,53,0.8282937365010791,1389,4
2020,27,61,0.8407563025210051,1190,4
2020,29,12,0.9122564507635614,3798,4
2020,29,13,0.8648592715231729,6040,4
2020,29,14,0.9192539388322573,4316,4
2020,29,24,0.8374015748031484,635,4
2020,29,49,0.902540266454568,10058,4
2020,29,71,0.8268026895432509,4313,4
2020,29,72,0.9145738203957374,1314,4
2020,31,12,0.9333853083853061,2886,4
2020,31,21,0.9081653070648059,32485,4
2020,31,43,0.8742236024844788,4508,4
2020,31,52,0.9598591549295797,8520,4
2020,31,65,0.9235937499999992,3200,4
2020,31,71,0.607178968655209,989,4
2020,33,43,0.8026453640649589,1909,4
2020,33,45,0.8544564657393134,1941,4
2020,33,46,0.9627598152424943,866,4
2020,33,52,0.906581911812033,6214,4
2020,33,73,0.928530127814987,16430,4
2020,35,12,0.9390191897654573,2345,3
2020,35,22,0.7592478421701625,811,3
2020,35,24,0.9028632666520094,9098,3
2020,35,47,0.886310223266744,851,3
2020,35,67,0.9392979034617224,8204,3
2020,35,73,0.9226430298146653,2482,3
2020,37,12,0.9433669511249037,1289,2
2020,37,21,0.8514234875444846,843,2
2020,37,33,0.9521321961620487,2345,2
2020,37,54,0.8739866475918034,4194,2
2020,37,71,0.9217339859481748,68034,2
2020,39,12,0.9288543140028305,3535,3
2020,39,22,0.8985507246376807,1035,3
2020,39,49,0.83754458977408075,1682,3
2020,39,71,0.81086244541485,916,3
2020,39,72,0.9117123531505857,2809,3
2020,41,12,0.9289215686274505,816,4
2020,41,24,0.9442390634627226,1623,4
2020,41,40,0.9393295561850789,2118,4
2020,41,49,0.7679317548746569,1436,4
2020,41,71,0.9304501084598709,1844,4
2020,43,14,0.91845307068366,1726,3
2020,43,21,0.9428749222153061,8035,3
2020,43,52,0.8337093862815909,1108,3
2020,43,66,0.95167004048583,988,3
2020,45,14,0.8646012269938729,4075,3
2020,45,24,0.9102626459143981,1028,3
2020,45,32,0.7183462532299763,774,3
2020,45,44,0.8506564551422331,457,3
2020,47,13,0.9058548738710888,16055,2
2020,47,46,0.8532377919320594,942,2
2020,47,71,0.8997871046228691,1644,2
2020,47,72,0.8829670329670348,2275,2
2020,49,14,0.8463713477851139,2122,4
2020,49,24,0.9102498068503844,7766,4
2020,49,47,0.7889667250437825,571,4
2020,49,66,0.9197454844006565,1218,4
2020,49,67,0.9031454375583918,6422,4
2020,51,14,0.8564285714285728,1050,4
2020,51,44,0.8332826747720312,1645,4
2020,51,47,0.860977080820261,2487,4
2020,51,48,0.9017902168431682,1983,4
2020,51,72,0.9164623467600784,5710,4
2020,53,33,0.8928796719760399,6341,4
2020,53,43,0.915894346617239,1079,4
2020,53,67,0.9381551362683446,954,4
2020,53,73,0.929632587859421,6260,4
2020,55,13,0.8324979951884491,4988,4
2020,55,35,0.8970253344719676,3513,4
2020,55,41,0.9133393829401091,551,4
2020,55,45,0.8567015209125464,1052,4
2020,55,71,0.9152059596844881,1141,4
2020,57,24,0.8321125674633734,1297,4
2020,57,43,0.9191686602870783,8360,4
2020,57,44,0.9550898203592816,1169,4
2020,57,47,0.9132352941176464,850,4
2020,57,67,0.9483275087368942,2003,4
2020,59,13,0.9345732628398817,10592,4
2020,59,25,0.8572335025380716,788,4
2020,59,44,0.7425373134328361,804,4
2020,59,46,0.9238768718801994,601,4
2020,59,71,0.9349865641215702,21584,4
2020,61,13,0.8046551724137708,7250,4
2020,61,24,0.9055676855895218,5496,4
2020,61,43,0.9225871313672912,746,4
2020,61,49,0.9154293092317632,1549,4
2020,61,71,0.9478290138000696,2971,4
2020,61,73,0.9410512526608783,6107,4
2020,63,13,0.8982638888888872,1440,4
2020,63,22,0.9394490644490644,962,4
2020,63,25,0.8167090216010183,787,4
2020,63,44,0.8670050761421303,985,4
2020,63,47,0.8005064715813184,1777,4
2020,63,73,0.8909907457811718,3674,4
2020,65,23,0.7985853432282004,2156,3
2020,65,54,0.8877207737594567,2378,3
2020,65,71,0.9299153645833511,15360,3
2020,67,44,0.9398469265725936,4181,4
2020,67,47,0.8765477959385821,2019,4
2020,67,51,0.8655070486584778,2199,4
2020,67,71,0.9298397676161863,10672,4
2020,67,72,0.9424464907914374,4018,4
2020,67,73,0.9339371337240263,1877,4
2020,69,62,0.9093774625689496,2538,4
2020,71,13,0.8636091127098282,2502,3
2020,71,14,0.8879911280101441,3156,3
2020,71,34,0.9399684044233805,633,3
2020,71,43,0.9214459295261209,4115,3
2020,71,45,0.8691231343283559,2680,3
2020,71,47,0.9191919191919202,1386,3
2020,71,71,0.9034704370180091,11670,3
2020,73,25,0.9384113584036837,1303,4
2020,73,41,0.882647307583873,3547,4
2020,73,43,0.7846174568965542,1856,4
2020,73,44,0.9571547420965056,601,4
2020,73,45,0.7937219730941714,669,4
2020,73,71,0.9072049807518493,21041,4
2020,73,73,0.9065286624203802,1570,4
2020,75,13,0.890350877192983,1083,2
2020,75,14,0.9009216589861743,868,2
2020,75,23,0.7804295942720747,1257,2
2020,75,71,0.9242631939684642,5836,2
2020,77,23,0.8321953781512645,1904,4
2020,77,44,0.9693037974683544,790,4
2020,77,71,0.8995176848874543,4665,4
2020,77,73,0.9218106995884779,1458,4
2020,79,25,0.8470649895178147,4770,4
2020,79,71,0.8379284649776484,2013,4
2020,81,13,0.9291102841677973,14780,2
2020,81,22,0.8920863309352522,834,2
2020,81,23,0.9024943310657607,3969,2
2020,81,41,0.8416666666666657,810,2
2020,81,43,0.9154582366589313,1724,2
2020,81,47,0.8233045212765935,3008,2
2020,81,71,0.9436126860382688,5644,2
2020,83,13,0.8526148969889049,1262,4
2020,83,43,0.849462365591401,1581,4
2020,83,48,0.8482284505552571,1891,4
2020,83,71,0.8724218230206259,3006,4
2020,85,13,0.9078901329601121,2858,2
2020,85,14,0.8652731788079446,1208,2
2020,85,43,0.8589743589743581,819,2
2020,85,47,0.8589866156787774,1046,2
2020,85,49,0.9696763202725748,5870,2
2020,85,71,0.9391795635562996,15443,2
2020,87,13,0.8676062846580391,2164,3
2020,87,25,0.9204819277108438,1245,3
2020,87,40,0.9402524167561759,1862,3
2020,87,71,0.8415166393889829,1833,3
2020,89,13,0.7552447552447564,1144,4
2020,89,14,0.9111940298507454,670,4
2020,89,21,0.9268157310497906,3153,4
2020,89,22,0.9219586840091797,2614,4
2020,89,24,0.9005808757819468,1119,4
2020,89,71,0.9081986143187067,1299,4
2020,91,13,0.9143878185208192,1609,3
2020,91,14,0.9115596863200757,6886,3
2020,91,21,0.8089005235602083,955,3
2020,91,22,0.7727524972253031,901,3
2020,91,32,0.958197674418606,4300,3
2020,91,43,0.8720213640098629,1217,3
2020,91,48,0.9271717831482703,1531,3
2020,91,49,0.9388489208633088,695,3
2020,93,13,0.8503616636528014,1106,3
2020,93,23,0.9664788732394372,1775,3
2020,93,24,0.8711586901763265,1985,3
2020,95,22,0.8182674199623353,1062,4
2020,95,34,0.9162357250592491,4641,4
2020,95,43,0.8829881181759753,6228,4
2020,95,71,0.903996737357258,3065,4
2020,97,21,0.9362656278311335,5519,4
2020,97,22,0.9112304295463605,4982,4
2020,97,41,0.8881347410759158,1989,4
2020,97,43,0.9406631762652706,1146,4
2020,97,44,0.9201570680628267,573,4
2020,97,71,0.9379912663755443,3435,4
2020,99,21,0.9098513011152428,1076,3
2020,99,23,0.9428090086894803,5639,3
2020,99,34,0.9386792452830185,1484,3
2020,99,43,0.9243978058669146,8386,3
2020,99,71,0.931574394463669,2890,3
2020,101,14,0.8316502974132136,7229,2
2020,101,25,0.8630892678034077,997,2
2020,101,43,0.932834693260805,3309,2
2020,101,47,0.8959316037735862,848,2
2020,103,13,0.9052917427665114,10403,3
2020,103,24,0.9523974982626816,1439,3
2020,103,31,0.8089798087141368,941,3
2020,103,43,0.9093511450381736,6026,3
2020,103,45,0.9245830311820165,1379,3
2020,105,22,0.7100456621004523,1095,4
2020,105,25,0.8482142857142841,924,4
2020,105,43,0.8802538209606979,3664,4
2020,107,14,0.8941115702479353,1452,3
2020,107,40,0.9759566542499154,2953,3
2020,107,71,0.8814145470771996,2241,3
2020,109,13,0.6272563176895323,831,4
2020,109,24,0.94198717948718,780,4
2020,109,33,0.9183773216031271,1023,4
2020,109,35,0.8598901098901118,2184,4
2020,109,45,0.8497375328083997,381,4
2020,109,53,0.8791118421052658,3648,4
2020,111,21,0.9628378378378372,2146,4
2020,111,43,0.9101493848857645,1138,4
2020,111,51,0.9326617622471192,5981,4
2020,111,71,0.929512573200138,5806,4
2020,113,21,0.8292395693135939,1486,4
2020,113,24,0.9012273524254844,3422,4
2020,113,31,0.8852751965689757,1399,4
2020,113,43,0.8542739443872289,971,4
2020,113,44,0.9599211563731933,761,4
2020,113,49,0.9319191999365095,12599,4
2020,113,71,0.8860448807854114,1426,4
2020,115,21,0.857095046854082,747,4
2020,115,23,0.9235436893203877,1030,4
2020,115,43,0.9024866420057536,2433,4
2020,117,25,0.8781914893617028,940,3
2020,117,41,0.939104674127717,1519,3
2020,117,43,0.9428626394767234,2599,3
2020,117,44,0.9831100757134538,1717,3
2020,117,51,0.925716768027801,1151,3
2020,119,21,0.8923719958202732,1914,4
2020,119,42,0.8949096880131397,1827,4
2020,119,47,0.9254538279400147,6335,4
2020,121,23,0.855022831050225,1314,4
2020,121,49,0.9448508455253657,5263,4
2020,123,33,0.8408170776591778,2717,2
2020,125,23,0.9476378751013698,9864,3
2020,125,42,0.9146959459459455,592,3
2020,127,22,0.9072237960339941,1059,3
2020,127,25,0.9039440203562333,786,3
2020,129,14,0.9049269389284353,2669,3
2020,133,14,0.9216245376078879,3244,3
2020,133,24,0.8059872029250414,1094,3
2020,133,25,0.9269467213114734,2440,3
2020,135,44,0.9493120456905519,3852,3
2020,135,47,0.8143485211830523,1251,3
2020,135,49,0.9125939849624061,532,3
2020,139,23,0.8711935166994127,2036,3
2020,139,24,0.7840490797546037,815,3
2020,139,25,0.8558519793459541,1162,3
2020,139,44,0.9398530762167118,1089,3
2020,139,49,0.948877805486285,1203,3
2020,141,22,0.8125937031484285,2001,4
2020,141,49,0.9100314300680955,3818,4
2020,143,21,0.8850405305821695,1357,4
2020,143,42,0.8448275862069006,1363,4
2020,145,23,0.8446755994358244,1418,4
2020,145,33,0.8574366004112446,1459,4
2020,147,23,0.9373554356206645,1297,3
2020,147,47,0.8094262295081991,854,3
2020,149,54,0.8951000690131137,1449,4
2020,151,44,0.9446640316205531,759,3
2020,151,47,0.8970137825421132,653,3
2020,153,24,0.912631863673244,3697,3
2020,153,35,0.9538943598925691,1117,3
2020,157,22,0.7150229357798187,1308,4
2020,157,49,0.9394269436997336,2984,4
2020,157,54,0.9043265955030635,4403,4
2020,159,47,0.8375886524822704,705,3
2020,161,21,0.8987068965517234,1160,4
2020,161,23,0.8428167243005357,3181,4
2020,163,21,0.9116199848599553,1321,3
2020,163,22,0.8123046875000017,1280,3
2020,163,23,0.9123143626034069,10033,3
2020,163,31,0.9234834558823523,1088,3
2020,163,33,0.9291917167668682,1497,3
2020,165,24,0.8978040540540562,1480,3
2020,165,54,0.9488171064604192,1099,3
2020,167,21,0.8913449564134508,1606,4
2020,167,22,0.737828947368418,760,4
2020,167,49,0.9224427054220218,1789,4
2020,169,24,0.8918024439918527,982,1
2020,171,33,0.9486006458557591,929,3
2020,179,21,0.9123563218390822,1044,3
2020,179,54,0.8360465116279067,645,3
2020,183,34,0.94572472981564,3146,4
2020,183,47,0.9159090909090847,6490,4
2020,183,49,0.8503262642740633,613,4
2020,185,44,0.7726860254083492,551,4
2020,187,49,0.9459208899876386,809,4
2020,187,54,0.9834010840108403,1476,4
2020,189,34,0.9164044622425691,6992,3
2020,189,54,0.9203869047619044,672,3
2020,191,47,0.8756302521008399,595,4
2020,197,21,0.9358961092715277,4832,3
2020,201,49,0.9356261711430511,19212,4
2020,209,32,0.9160022779043278,878,4
2020,209,49,0.8593380614657213,846,4
2020,215,49,0.9059461480927482,2674,4
2020,223,44,0.961344537815126,595,3
2020,227,51,0.8255528255528279,814,4
2020,245,44,0.7457753479125262,1006,4
2020,245,49,0.772972972972968,1480,4
2020,251,49,0.9215784215784211,1001,3
2020,257,49,0.9022366522366521,693,3
2020,303,49,0.8580562659846525,1564,4
2020,309,49,0.8329966329966288,1485,4
2020,313,44,0.8743654822335024,394,4
2020,329,49,0.9021352313167256,562,4
2020,339,49,0.9478662560492741,2273,4
2020,355,49,0.8994318181818157,1760,2
2020,367,49,0.9411298838437167,947,3
2020,375,49,0.7854984894259837,662,4
2020,381,49,0.9124183006535959,765,4
2020,423,49,0.8518433179723484,1085,4
2020,439,49,0.9268502159403261,10188,4
2020,441,49,0.8156084656084671,945,4
2020,451,49,0.782559880239523,668,4
2020,453,49,0.8974083729489405,6521,4
2020,479,49,0.9200367647058811,1088,4
2020,485,49,0.7408716136631344,849,4
2020,491,49,0.9569233157404526,3221,3
2020,510,34,0.8377903835764436,1851,2
2020,510,40,0.9611344537815132,1190,2
2020,510,52,0.834556664709334,3406,2
2020,550,40,0.9140798226164103,1353,3
2020,650,40,0.8423455056179793,712,2
2020,700,40,0.84829488465396,997,2
2020,760,40,0.8044827586206925,1450,2
2020,810,40,0.9198329511955415,3053,2
2021,0,2,0.9023865902293228,8024,0
2021,0,3,0.9111702223910256,55263,0
2021,0,4,0.9225226401950546,11484,0
2021,0,5,0.9062056737588675,1410,0
2021,0,6,0.8810419968304222,5048,0
2021,0,12,0.911969866071429,5376,0
2021,0,13,0.8981299979952783,44893,0
2021,0,14,0.9050010274324547,38932,0
2021,0,21,0.9152948190315138,25999,0
2021,0,22,0.9273932132452293,24371,0
2021,0,23,0.9223504545912101,29807,0
2021,0,24,0.9107212857703122,38265,0
2021,0,25,0.9347368024984165,26577,0
2021,0,31,0.9086301432981745,21703,0
2021,0,32,0.9086753292568478,17008,0
2021,0,33,0.9365857622711188,27687,0
2021,0,34,0.899277952009372,27422,0
2021,0,35,0.9259333947914367,8678,0
2021,0,36,0.9183362797092949,5091,0
2021,0,37,0.8998808104886721,6712,0
2021,0,40,0.9079042642713904,51099,0
2021,0,41,0.9003912788751567,23896,0
2021,0,42,0.897803652658029,14729,0
2021,0,43,0.9049013747758775,41825,0
2021,0,44,0.8799815435094285,43887,0
2021,0,45,0.8957221370818809,18923,0
2021,0,46,0.8719913132653744,16577,0
2021,0,47,0.90371665186119,34897,0
2021,0,48,0.9051094890511182,30962,0
2021,0,49,0.8616258679115126,42199,0
2021,0,51,0.8996741667033796,22711,0
2021,0,52,0.8737733071638808,6114,0
2021,0,53,0.8982726446241516,20899,0
2021,0,54,0.9108371845596437,30077,0
2021,0,56,0.9052553515593555,12473,0
2021,0,61,0.8736527647610178,8536,0
2021,0,62,0.9417218543046149,47565,0
2021,0,63,0.9430102822139643,13713,0
2021,0,64,0.922399176456342,8257,0
2021,0,65,0.9180140597539539,2845,0
2021,0,66,0.8911705781339494,10482,0
2021,0,67,0.9240902065477024,7117,0
2021,0,68,0.9370112945265016,4604,0
2021,0,71,0.877254421292228,11422,0
2021,0,72,0.9042192046556904,10310,0
2021,0,73,0.9245707671532462,15551,0
2021,0,81,0.8854250469294733,3729,0
2021,0,82,0.9495808104331632,2147,0
2021,1,1,0.9458732411020424,8457,4
2021,1,2,0.8367132867132866,715,4
2021,1,11,0.9227688787185353,1311,4
2021,1,13,0.831499051233397,2635,4
2021,1,43,0.8320929183581406,2217,4
2021,1,47,0.9156664560960209,1583,4
2021,1,71,0.9463629569658164,16057,4
2021,1,82,0.9330012853470424,1556,4
2021,1,98,0.8713339640491927,6342,4
2021,3,1,0.9202602464169037,7954,3
2021,3,3,0.8735835694050993,1412,3
2021,3,5,0.9547890154052239,1493,3
2021,3,11,0.9317201724964077,4174,3
2021,3,12,0.9637549730868264,8546,3
2021,3,14,0.9291867500769232,9751,3
2021,3,22,0.9599319306930686,3232,3
2021,3,24,0.9090909090909102,957,3
2021,3,33,0.9577241715399621,2052,3
2021,3,41,0.9308675445391166,1291,3
2021,3,52,0.942150919732436,4784,3
2021,3,65,0.9640252176863107,17686,3
2021,3,82,0.9223200695803493,9198,3
2021,5,1,0.9522727272727266,1870,3
2021,5,11,0.956720765709531,2403,3
2021,5,12,0.943708609271527,4681,3
2021,5,13,0.8600861008609992,7317,3
2021,5,23,0.9453781512605046,952,3
2021,5,45,0.9463993453355155,611,3
2021,5,52,0.9093642611683892,6984,3
2021,5,61,0.7668051359516597,1324,3
2021,5,72,0.9589418572609536,3629,3
2021,7,1,0.8967536813922333,1494,3
2021,7,5,0.88420502092051,4780,3
2021,7,12,0.9523929725363509,4952,3
2021,7,24,0.8826142131979707,788,3
2021,7,42,0.9580805892547675,2308,3
2021,7,48,0.9404427266338735,1423,3
2021,7,71,0.912775093934515,1863,3
2021,9,1,0.9022616509290369,6566,3
2021,9,5,0.8987823439878251,1314,3
2021,9,25,0.8833935018050523,1385,3
2021,9,43,0.9494546556251237,4951,3
2021,9,54,0.9474405850091412,1094,3
2021,11,1,0.8971758908263799,2638,3
2021,11,2,0.8707805907172979,948,3
2021,11,14,0.9104976671850706,3215,3
2021,11,43,0.9572116055237788,14338,3
2021,11,67,0.9678843490304717,2888,3
2021,11,73,0.9628718535469108,4370,3
2021,13,1,0.7993348115299305,1353,3
2021,13,12,0.9078718354430443,6320,3
2021,13,13,0.908987670343932,1541,3
2021,13,31,0.8975118483412322,844,3
2021,13,40,0.9613938053097354,2260,3
2021,13,52,0.9180393198724751,1882,3
2021,13,61,0.9436181115812258,38053,3
2021,13,66,0.8772925764192154,1145,3
2021,13,71,0.9599207166392135,9712,3
2021,15,1,0.8804651162790703,1075,3
2021,15,12,0.95365689248399,2967,3
2021,15,41,0.8559817945383617,769,3
2021,15,43,0.9178082191780809,1679,3
2021,15,44,0.9344827586206901,725,3
2021,15,51,0.9588875453446186,827,3
2021,15,52,0.9257865937072499,731,3
2021,17,12,0.9513721955128227,4992,3
2021,17,14,0.9529968454258649,4755,3
2021,17,24,0.8994241842610413,2605,3
2021,17,36,0.9348837209302331,1075,3
2021,17,43,0.921559633027524,1090,3
2021,17,45,0.9213154269972447,1452,3
2021,17,52,0.955212355212355,1295,3
2021,17,53,0.9377323420074343,807,3
2021,17,71,0.95465838509316725,1610,3
2021,17,72,0.9564080209241497,1147,3
2021,19,2,0.8660447761194007,1340,4
2021,19,12,0.9398774983881366,1551,4
2021,19,14,0.9391361256544488,1910,4
2021,19,21,0.8301337987201827,1719,4
2021,19,22,0.9325966850828729,905,4
2021,19,34,0.8540619765494112,1194,4
2021,19,43,0.9605741279069766,1376,4
2021,19,47,0.970703125,1408,4
2021,19,61,0.9110873058382488,9335,4
2021,19,63,0.9759615384615385,1092,4
2021,19,71,0.9162145242070058,7188,4
2021,19,72,0.915988372093023,860,4
2021,20,81,0.8778530670470769,1402,2
2021,21,12,0.8823982210058171,2923,4
2021,21,14,0.8989361702127673,1551,4
2021,21,23,0.9374084919472899,1366,4
2021,21,43,0.9502500893176136,2799,4
2021,21,44,0.8176807760141088,1134,4
2021,21,47,0.8824645748987824,1976,4
2021,21,52,0.9484021304926744,3004,4
2021,23,12,0.9300896916082986,8139,3
2021,23,24,0.9384920634920637,1260,3
2021,23,71,0.9124134948096887,1156,3
2021,25,3,0.8532667179093044,6505,3
2021,25,12,0.9586212437730987,6223,3
2021,25,25,0.9195867026055753,3339,3
2021,25,52,0.9663711072664368,2312,3
2021,25,61,0.9235895846249239,1613,3
2021,25,71,0.8028474903474918,1036,3
2021,27,12,0.9450061906727176,4846,4
2021,27,13,0.8601891802190582,3013,4
2021,27,14,0.8372586872586877,1295,4
2021,27,49,0.9101628775025418,2947,4
2021,27,52,0.9669105949729544,3143,4
2021,27,53,0.8578493937460108,1567,4
2021,27,61,0.8764119601328932,1505,4
2021,29,12,0.9316130298273144,5096,4
2021,29,13,0.9089165233496425,7559,4
2021,29,14,0.9328157833294455,4283,4
2021,29,24,0.9130127298444131,707,4
2021,29,49,0.9284821369826978,15199,4
2021,29,71,0.8562304723396448,5441,4
2021,29,72,0.9272786037491914,1547,4
2021,31,12,0.9391744122471318,3658,4
2021,31,21,0.9346220739600161,35073,4
2021,31,43,0.9143290371493625,6595,4
2021,31,52,0.966044606281297,10985,4
2021,31,65,0.9454577968526471,4194,4
2021,31,71,0.7012820512820511,1365,4
2021,33,43,0.8667915774446847,2802,4
2021,33,45,0.8915566226490572,2499,4
2021,33,46,0.9754552652414882,1263,4
2021,33,52,0.9151276131845634,7797,4
2021,33,73,0.9453544984278326,19718,4
2021,35,12,0.9629061925199279,3262,3
2021,35,22,0.8413978494623643,930,3
2021,35,24,0.9317690948360438,10186,3
2021,35,47,0.9176086956521724,1150,3
2021,35,67,0.9455047976637401,9588,3
2021,35,73,0.9548845470692728,2815,3
2021,37,12,0.9546525323910474,1698,3
2021,37,21,0.9196623093681913,918,3
2021,37,33,0.9584120982986749,2645,3
2021,37,54,0.9038562895291562,5692,3
2021,37,71,0.9398485056525322,87396,3
2021,39,12,0.9466413867822312,4615,3
2021,39,22,0.9237421383647799,1272,3
2021,39,49,0.8584981832862356,2477,3
2021,39,71,0.8208737864077644,1030,3
2021,39,72,0.9364860950173788,3452,3
2021,41,12,0.9475021168501273,1181,4
2021,41,24,0.9674533195020742,1928,4
2021,41,40,0.9543251974156485,2786,4
2021,41,49,0.7836718332442553,1871,4
2021,41,71,0.9432782492184032,2239,4
2021,43,14,0.9367171189979113,1916,3
2021,43,21,0.9581354590682907,8844,3
2021,43,52,0.807417168674696,1328,3
2021,43,66,0.9512246621621625,1184,3
2021,45,14,0.899118387909324,3970,3
2021,45,24,0.9377811094452779,1334,3
2021,45,32,0.7987012987012978,693,3
2021,45,44,0.8943181818181837,880,3
2021,47,13,0.93488723872388,18180,2
2021,47,46,0.9169762258543827,1346,2
2021,47,71,0.9171916010498692,1905,2
2021,47,72,0.9054270462633426,2810,2
2021,49,14,0.8627118644067824,2065,4
2021,49,24,0.9286344298017927,9637,4
2021,49,47,0.8449182242990663,856,4
2021,49,66,0.9483115093039287,1451,4
2021,49,67,0.9168309674027266,7608,4
2021,51,14,0.8967190388170049,1082,4
2021,51,44,0.881304710295961,2399,4
2021,51,47,0.8974378881987548,3220,4
2021,51,48,0.9313136826783139,2748,4
2021,51,72,0.9382417885730027,7246,4
2021,53,33,0.9270450367647118,6528,4
2021,53,43,0.952612393681653,1646,4
2021,53,67,0.921875,1056,4
2021,53,73,0.9407134695950241,7877,4
2021,55,13,0.8945643793369242,6485,4
2021,55,35,0.9351877607788597,3595,4
2021,55,41,0.8899688958009327,643,4
2021,55,45,0.9099443671766334,1438,4
2021,55,71,0.9362684729064026,1624,4
2021,57,24,0.8950276243093922,1448,3
2021,57,43,0.9461869618696223,13008,3
2021,57,44,0.9600231749710303,1726,3
2021,57,47,0.9275328330206388,1066,3
2021,57,67,0.9493039443155451,2155,3
2021,59,13,0.9497271587640982,13561,4
2021,59,25,0.8912639405204463,807,4
2021,59,44,0.8104186489058023,1051,4
2021,59,46,0.9587378640776705,824,4
2021,59,71,0.9501174943883199,28512,4
2021,61,13,0.8558231992516424,8552,4
2021,61,24,0.9338550770697601,6293,4
2021,61,43,0.9488586479367858,1139,4
2021,61,49,0.9426481213872823,2768,4
2021,61,71,0.9516581632653053,3920,4
2021,61,73,0.9524221453287222,7225,4
2021,63,13,0.9228945900725052,1793,4
2021,63,22,0.9459203036053135,1054,4
2021,63,25,0.8941780821917814,730,4
2021,63,44,0.9224311618535922,1489,4
2021,63,47,0.8688609162195572,2423,4
2021,63,73,0.9084590517241308,4640,4
2021,65,23,0.8603258265452822,2087,3
2021,65,54,0.9102075068660347,3277,3
2021,65,71,0.9414782030290546,19544,3
2021,67,44,0.9552945859872553,6280,4
2021,67,47,0.9037463509568626,3083,4
2021,67,51,0.9154982948086405,2639,4
2021,67,71,0.9406117681413407,13698,4
2021,67,72,0.9553519768563145,5185,4
2021,67,73,0.9496197718631185,2367,4
2021,69,62,0.9363207547169783,2968,4
2021,71,13,0.9049009200283116,2826,3
2021,71,14,0.9118375072801452,3434,3
2021,71,34,0.9502945508100151,679,3
2021,71,43,0.9515199161425568,6678,3
2021,71,45,0.9218666309587549,3734,3
2021,71,47,0.9367120524457886,1983,3
2021,71,71,0.9330079138557351,15416,3
2021,73,25,0.9236370425690817,1339,4
2021,73,41,0.8997581759557854,4342,4
2021,73,43,0.8800759013282764,2635,4
2021,73,44,0.9654120040691762,983,4
2021,73,45,0.9008016032064129,998,4
2021,73,71,0.9339898088224615,26886,4
2021,73,73,0.9255641166758382,1817,4
2021,75,13,0.9043663060278206,1294,2
2021,75,14,0.915221579961466,1038,2
2021,75,23,0.8143236074270576,1131,2
2021,75,71,0.9376286386356948,6802,2
2021,77,23,0.8883657351154336,1646,4
2021,77,44,0.9800509337860781,1178,4
2021,77,71,0.9235288920303968,5659,4
2021,77,73,0.9353917301414566,1838,4
2021,79,25,0.8865438182986858,4667,4
2021,79,71,0.868265440210248,2283,4
2021,81,13,0.9453466846179701,17826,2
2021,81,22,0.937764830508474,944,2
2021,81,23,0.9237116019294217,3939,2
2021,81,41,0.8642557651991619,954,2
2021,81,43,0.9435618729097003,2990,2
2021,81,47,0.8760940235058805,3999,2
2021,81,71,0.9589930555555521,7200,2
2021,83,13,0.8997378768020986,1526,4
2021,83,43,0.9125168236877519,2229,4
2021,83,48,0.9099231050897064,2731,4
2021,83,71,0.8868877947654904,3859,4
2021,85,13,0.9375948982690565,3293,2
2021,85,14,0.86907449209932,1329,2
2021,85,43,0.9090236686390543,1352,2
2021,85,47,0.919364691508856,1637,2
2021,85,49,0.9787772788973598,9577,2
2021,85,71,0.9522680844376769,19091,2
2021,87,13,0.9046248142644843,2692,3
2021,87,25,0.9326848249027249,1285,3
2021,87,40,0.9568463925523674,2578,3
2021,87,71,0.8864905498281764,2328,3
2021,89,13,0.8270397842211753,1483,4
2021,89,14,0.9232633279483028,619,4
2021,89,21,0.9576510446075638,3542,4
2021,89,22,0.952338923212711,3399,4
2021,89,24,0.9205454545454532,1375,4
2021,89,71,0.9182630906768845,1566,4
2021,91,13,0.9294145420207729,2118,3
2021,91,14,0.9386873920552649,6948,3
2021,91,21,0.8847619047619065,1050,3
2021,91,22,0.8526960784313702,1020,3
2021,91,32,0.9672437202987093,4419,3
2021,91,43,0.9200209095661298,1913,3
2021,91,48,0.9548179396092362,2252,3
2021,91,49,0.9612029384756662,1089,3
2021,93,13,0.8799603174603183,1260,3
2021,93,23,0.9695981210855946,1916,3
2021,93,24,0.906758448060074,2397,3
2021,95,22,0.8808229813664585,1288,4
2021,95,34,0.9322142998613601,5049,4
2021,95,43,0.923583209980973,9458,4
2021,95,71,0.9130639097744424,3724,4
2021,97,21,0.9539115100993879,6238,4
2021,97,22,0.9419532664143524,6077,4
2021,97,41,0.9158153241650303,2545,4
2021,97,43,0.9501582278481026,2212,4
2021,97,44,0.9112808460634543,851,4
2021,97,71,0.9428487690504085,4265,4
2021,99,21,0.9344799344799357,1221,3
2021,99,23,0.9509196696696677,5328,3
2021,99,34,0.9622252747252745,1456,3
2021,99,43,0.9474545879784817,12827,3
2021,99,71,0.9407236335642811,3897,3
2021,101,14,0.8643521832498211,6985,2
2021,101,25,0.8864314115308135,1006,2
2021,101,43,0.9479326923076938,5200,2
2021,101,47,0.9317567567567578,1110,2
2021,103,13,0.9301123934525076,13257,3
2021,103,24,0.9668854415274466,1676,3
2021,103,31,0.8486997635933787,846,3
2021,103,43,0.9340586877678864,9099,3
2021,103,45,0.9577409162717212,1899,3
2021,105,22,0.8002491694352178,1204,4
2021,105,25,0.9293873312564892,963,4
2021,105,43,0.9241686261336991,5954,4
2021,107,14,0.9095143047238862,1503,3
2021,107,40,0.9800949116794099,3793,3
2021,107,71,0.9267725376965017,3117,3
2021,109,13,0.7263835877862552,1048,4
2021,109,24,0.9587595907928392,782,4
2021,109,33,0.9403435468895076,1077,4
2021,109,35,0.8838116817724072,1986,4
2021,109,45,0.905616942909761,543,4
2021,109,53,0.9162773543152213,4067,4
2021,111,21,0.9726470588235306,2550,4
2021,111,43,0.9352048962213956,1879,4
2021,111,51,0.949979026845642,7152,4
2021,111,71,0.9409281319544449,7639,4
2021,113,21,0.8981481481481466,1701,4
2021,113,24,0.9147835394862062,4204,4
2021,113,31,0.9188384214445262,1343,4
2021,113,43,0.9012820512820503,1365,4
2021,113,44,0.9738219895287962,1146,4
2021,113,49,0.9486012853053937,18517,4
2021,113,71,0.9103825136612005,1830,4
2021,115,21,0.9174259681093389,878,4
2021,115,23,0.9385633270321365,1058,4
2021,115,43,0.9423026488329415,3813,4
2021,117,25,0.89543630892678,997,3
2021,117,41,0.9400097943192949,2042,3
2021,117,43,0.9710135970333738,4045,3
2021,117,44,0.9837092731829573,2793,3
2021,117,51,0.9562652563059395,1229,3
2021,119,21,0.9313504016064275,1992,4
2021,119,42,0.9383631194151081,2462,4
2021,119,47,0.9496126175982255,9035,4
2021,121,23,0.8957165732586064,1249,4
2021,121,49,0.9568135764944291,7896,4
2021,123,33,0.896775324220115,2853,2
2021,125,23,0.9601864389126118,9601,3
2021,125,42,0.948775773195876,776,3
2021,127,22,0.943513119533528,1372,3
2021,127,25,0.916666666666667,840,3
2021,129,14,0.9251757306696284,2703,3
2021,133,14,0.9372149589540913,3289,3
2021,133,24,0.8349282296650716,1254,3
2021,133,25,0.9429569266589042,2577,3
2021,135,44,0.9587136578769441,5916,3
2021,135,47,0.8567488643737852,1541,3
2021,135,49,0.9256516587677732,844,3
2021,139,23,0.8868897835933582,1987,3
2021,139,24,0.8282983970406878,811,3
2021,139,25,0.882198952879582,1146,3
2021,139,44,0.961075949367089,1580,3
2021,139,49,0.9533792240300378,1598,3
2021,141,22,0.8875051461506784,2429,4
2021,141,49,0.9330241026530222,5767,4
2021,143,21,0.9181910569105673,1476,4
2021,143,42,0.9044253226797762,1627,4
2021,145,23,0.8951731761238009,1357,4
2021,145,33,0.9065155807365453,1412,4
2021,147,23,0.9468773800456959,1313,3
2021,147,47,0.8642355008787345,1138,3
2021,149,54,0.9309964726631395,2268,4
2021,151,44,0.9660234899328856,1192,3
2021,151,47,0.9391965255157445,921,3
2021,153,24,0.9368826788725582,4151,3
2021,153,35,0.9734974958263773,1198,3
2021,157,22,0.8181022408963539,1428,4
2021,157,49,0.9528356481481467,4320,4
2021,157,54,0.9318218558034249,6186,4
2021,159,47,0.8787202380952366,1008,3
2021,161,21,0.9143075745983168,1307,4
2021,161,23,0.8863992478846756,3191,4
2021,163,21,0.9308478653036686,1663,3
2021,163,22,0.8763977635782775,1252,3
2021,163,23,0.9374473067915694,10675,3
2021,163,31,0.9042311191992717,1099,3
2021,163,33,0.9537371910789624,1659,3
2021,165,24,0.9055168040583401,1577,3
2021,165,54,0.9675287356321846,1740,3
2021,167,21,0.9412202380952375,1680,4
2021,167,22,0.8307644882860681,811,4
2021,167,49,0.9277982026143776,2448,4
2021,169,24,0.8861344537815131,1190,1
2021,171,33,0.9493172268907567,952,3
2021,179,21,0.9438405797101442,1242,3
2021,179,54,0.8876170655567126,961,3
2021,183,34,0.9647866744593806,3422,4
2021,183,47,0.9393717447916611,9216,4
2021,183,49,0.852577873254566,931,4
2021,185,44,0.7988372093023273,860,4
2021,187,49,0.9408945686900956,1252,4
2021,187,54,0.9850852272727275,2112,4
2021,189,34,0.9312171097017969,7411,3
2021,189,54,0.963782696177062,994,3
2021,191,47,0.8820868516284688,829,4
2021,197,21,0.9578927129398185,5201,3
2021,201,49,0.9404565094871195,26615,4
2021,209,32,0.9394871794871787,975,3
2021,209,49,0.8966346153846169,1560,3
2021,215,49,0.9337772397094406,4130,4
2021,223,44,0.9590495449949448,989,3
2021,227,51,0.889450056116722,891,4
2021,245,44,0.7838607594936662,1580,4
2021,245,49,0.8205160960654073,1957,4
2021,251,49,0.9404197698036567,1477,3
2021,257,49,0.9525495750708209,1059,3
2021,303,49,0.8966977138018628,2362,4
2021,309,49,0.8647833854399295,2239,4
2021,313,44,0.9170305676855897,687,4
2021,329,49,0.9312200956937792,836,4
2021,339,49,0.967275015733166,3178,4
2021,355,49,0.9156362185879549,2507,2
2021,367,49,0.9556307911617967,1403,3
2021,375,49,0.7895033860045167,886,4
2021,381,49,0.9297800338409468,1182,4
2021,423,49,0.8810737852429518,1667,4
2021,439,49,0.9480783675513265,15976,4
2021,441,49,0.8580031080031087,1287,4
2021,451,49,0.8462943632567825,958,4
2021,453,49,0.9238128794449202,9224,4
2021,479,49,0.942284325637911,1646,2
2021,485,49,0.8064516129032224,1395,4
2021,491,49,0.9668084685397725,5054,3
2021,510,34,0.897857498754359,2007,2
2021,510,40,0.9727207465900938,1393,2
2021,510,52,0.8426341924804946,4229,2
2021,550,40,0.9397083567021896,1783,3
2021,650,40,0.9183816651075783,1069,2
2021,700,40,0.9006588072122037,1442,2
2021,760,40,0.8762006403415171,1874,2
2021,810,40,0.9345782188560952,3829,2
2022,0,1,0.8871679146579209,9749,0
2022,0,2,0.8872617503243043,10021,0
2022,0,3,0.8747149372861918,5262,0
2022,0,4,0.9212939592798182,11886,0
2022,0,5,0.9082720588235305,1360,0
2022,0,6,0.9011506276150634,4302,0
2022,0,12,0.9281135531135548,5460,0
2022,0,13,0.8855288416519095,42716,0
2022,0,14,0.9069421546842908,41853,0
2022,0,21,0.9181987648347574,35137,0
2022,0,22,0.9307818835590228,26142,0
2022,0,23,0.9203725137827147,32831,0
2022,0,24,0.9204844061048538,37675,0
2022,0,25,0.9224955116696391,27850,0
2022,0,31,0.8999110998221714,19685,0
2022,0,32,0.900083240843501,18020,0
2022,0,33,0.923693253155388,30266,0
2022,0,34,0.8893509541789882,29397,0
2022,0,35,0.9266921457848774,9027,0
2022,0,36,0.9147213855421632,5312,0
2022,0,37,0.9041197183098608,7100,0
2022,0,40,0.908603429571993,52543,0
2022,0,41,0.8986955690759113,31393,0
2022,0,42,0.88561121778085,17187,0
2022,0,43,0.8843796898448834,35982,0
2022,0,44,0.8797529337321988,34768,0
2022,0,45,0.9083365495947582,20728,0
2022,0,46,0.8744556497822699,17452,0
2022,0,47,0.8967855723370186,40256,0
2022,0,48,0.8874790268456763,23840,0
2022,0,49,0.8671184985280408,48912,0
2022,0,51,0.9107404936624739,22485,0
2022,0,52,0.8966196467149613,7869,0
2022,0,53,0.8699966363941847,17838,0
2022,0,54,0.9186911487758841,26550,0
2022,0,56,0.9041825095056929,11835,0
2022,0,61,0.8941639273589607,18557,0
2022,0,62,0.9306681908377193,46364,0
2022,0,63,0.9133776745937262,15937,0
2022,0,64,0.9127424706482827,7836,0
2022,0,65,0.9274762342839619,3261,0
2022,0,66,0.8961267605633914,12212,0
2022,0,67,0.9249079598831984,7877,0
2022,0,68,0.9303703703703694,4050,0
2022,0,71,0.8707089089254517,12089,0
2022,0,72,0.9120286867645921,11643,0
2022,0,73,0.9047935619314087,14290,0
2022,0,81,0.8582560076136136,4203,0
2022,0,82,0.9524108488196885,1991,0
2022,1,2,0.7975000000000004,700,4
2022,1,11,0.9330870279146134,1218,4
2022,1,13,0.8222447475119762,2713,4
2022,1,43,0.8166118421052658,2432,4
2022,1,47,0.868429189857761,1617,4
2022,1,71,0.933776367122921,15123,4
2022,1,82,0.9285458452722071,1396,4
2022,1,98,0.8912188180143907,5973,4
2022,3,3,0.8972312703583073,1535,3
2022,3,5,0.9555357142857144,1400,3
2022,3,11,0.9350931677018619,4025,3
2022,3,12,0.9577721981282804,8762,3
2022,3,14,0.9145047817961997,9097,3
2022,3,22,0.9327930582842175,3054,3
2022,3,24,0.9313725490196089,969,3
2022,3,33,0.9391721352852105,1981,3
2022,3,41,0.910364145658263,1428,3
2022,3,48,0.9299856011519089,1389,3
2022,3,52,0.9516518188567148,5388,3
2022,3,65,0.966260569648416,17976,3
2022,3,82,0.9085301281372282,9443,3
2022,5,3,0.9070657065706567,4444,3
2022,5,11,0.9643984566818669,2851,3
2022,5,12,0.935606060606059,4356,3
2022,5,13,0.8396723013048681,6744,3
2022,5,23,0.9682464454976302,1055,3
2022,5,43,0.9273568019093088,1676,3
2022,5,45,0.9722955145118732,758,3
2022,5,52,0.9210834553440767,6830,3
2022,5,61,0.7987152034261219,1401,3
2022,5,72,0.9564484405731929,3559,3
2022,7,5,0.8797860962566881,4675,3
2022,7,6,0.8010446343779647,1053,3
2022,7,12,0.9603712761227235,4498,3
2022,7,42,0.9597714552238813,2144,3
2022,7,71,0.8975231355470863,1837,3
2022,9,3,0.929769929660023,6824,3
2022,9,5,0.887379002233807,1343,3
2022,9,25,0.8765676567656784,1515,3
2022,9,43,0.9465740084985859,5648,3
2022,9,54,0.9388009991673603,1201,3
2022,11,2,0.8635863586358659,909,3
2022,11,14,0.9130799755799812,3276,3
2022,11,43,0.9475405821438551,14292,3
2022,11,67,0.9709677419354847,3255,3
2022,11,73,0.9572609208972854,4235,3
2022,13,3,0.8964815353300424,3439,4
2022,13,12,0.9106439458811506,5839,4
2022,13,13,0.9074415744157455,1626,4
2022,13,31,0.8853362734288868,907,4
2022,13,40,0.959882139619221,2206,4
2022,13,52,0.9294504865483709,1747,4
2022,13,61,0.9368061948340564,36934,4
2022,13,66,0.8814885496183191,1310,4
2022,13,71,0.9535532741951624,10033,4
2022,15,12,0.9456521739130412,3036,3
2022,15,41,0.8513333333333332,750,3
2022,15,43,0.9285109983079528,1773,3
2022,15,44,0.9445595854922273,965,3
2022,15,48,0.9427867151011945,1927,3
2022,15,51,0.9665991902834012,988,3
2022,15,52,0.9400848356309653,943,3
2022,15,61,0.907262569832404,1790,3
2022,17,3,0.9090753317963418,16049,3
2022,17,12,0.9467499999999989,5000,3
2022,17,14,0.9417245735944458,4749,3
2022,17,24,0.9033661119515913,2644,3
2022,17,36,0.9025316455696205,1185,3
2022,17,43,0.9225925925925917,1350,3
2022,17,45,0.9049668874172198,1510,3
2022,17,52,0.9602895148669803,1278,3
2022,17,53,0.926993534482758,928,3
2022,17,71,0.9535294117647062,1700,3
2022,19,12,0.9500901984365595,1663,3
2022,19,14,0.9402400835073083,1916,3
2022,19,22,0.9362688296639629,863,3
2022,19,33,0.9551705170517051,909,3
2022,19,43,0.9505449591280646,1835,3
2022,19,47,0.9683344996501051,1429,3
2022,19,48,0.9342224231464705,3318,3
2022,19,63,0.9499478623566223,959,3
2022,19,71,0.9074811548855138,7031,3
2022,19,72,0.9204188481675402,955,3
2022,20,81,0.8803486529318516,1262,2
2022,21,3,0.9199928469241805,6990,4
2022,21,12,0.8660568441685722,3061,4
2022,21,14,0.9054138145612926,1607,4
2022,21,23,0.9265526866713187,1433,4
2022,21,43,0.9542658464830182,3739,4
2022,21,44,0.8385608856088556,1084,4
2022,21,47,0.8742668621700873,2046,4
2022,21,52,0.9459921798631449,3069,4
2022,21,68,0.9553219448094613,761,4
2022,23,3,0.9295279912184452,4555,3
2022,23,12,0.9204374057315128,7956,3
2022,23,24,0.9309355692850846,1133,3
2022,23,71,0.9151014274981233,1331,3
2022,25,3,0.8658003679852891,6522,3
2022,25,12,0.9541578690920929,6157,3
2022,25,25,0.8874167591564953,3604,3
2022,25,52,0.9619148936170219,2350,3
2022,25,61,0.9346913061738774,2381,3
2022,25,71,0.8189038919777634,1259,3
2022,27,3,0.9051812805348324,7778,3
2022,27,12,0.9465076005387706,5197,3
2022,27,14,0.8085787451984611,1562,3
2022,27,49,0.9273675762439826,3115,3
2022,27,52,0.9670363524337637,3246,3
2022,27,53,0.827395964691044,1586,3
2022,29,12,0.9138074156059757,5421,4
2022,29,13,0.8980160788381796,7712,4
2022,29,14,0.93401337021669,4338,4
2022,29,49,0.9173442745244179,13405,4
2022,29,71,0.9000438084112076,6848,4
2022,29,72,0.9211185308848058,1797,4
2022,31,12,0.9332564693825292,3903,3
2022,31,21,0.9331264793348408,32954,3
2022,31,43,0.9242048047241975,7451,3
2022,31,52,0.9675934712469175,10538,3
2022,31,64,0.9043280182232357,878,3
2022,31,65,0.9616023936170202,4512,3
2022,31,71,0.6615805946791896,1278,3
2022,33,43,0.8665170556552945,2785,4
2022,33,45,0.8766873403867171,2741,4
2022,33,46,0.9680408472012104,1322,4
2022,33,52,0.9135193733389264,7149,4
2022,33,73,0.9383097542814479,20145,4
2022,35,12,0.9556346209700817,3443,3
2022,35,22,0.8385808270676676,1064,3
2022,35,24,0.9276653578979107,9933,3
2022,35,43,0.9509368836291918,1014,3
2022,35,47,0.9204939341421136,1154,3
2022,35,48,0.9396493594066078,1483,3
2022,35,67,0.9426446195314165,9646,3
2022,35,73,0.9362781261527093,2711,3
2022,37,12,0.9596385542168683,1660,3
2022,37,33,0.9467309964552967,2539,3
2022,37,54,0.9014564024966879,5287,3
2022,37,71,0.9299978717366089,84576,3
2022,39,12,0.952304883614787,4382,3
2022,39,22,0.9412207987942736,1327,3
2022,39,49,0.914300351288052,3416,3
2022,39,56,0.9174897119341552,1215,3
2022,39,71,0.8293848711554467,1203,3
2022,39,72,0.9235961951518903,3259,3
2022,41,12,0.9439692044482468,1169,4
2022,41,24,0.966023069207623,1994,4
2022,41,40,0.9399047270062325,2729,4
2022,41,48,0.8703399122807035,912,4
2022,41,49,0.8079740477187105,2389,4
2022,41,71,0.9224890829694307,2290,4
2022,43,14,0.9263431542461017,1731,3
2022,43,21,0.9527401296405424,8485,3
2022,43,66,0.9504132231404955,1331,3
2022,45,14,0.8776153264431504,3967,4
2022,45,24,0.9328687967369149,1471,4
2022,45,32,0.7892219387755086,784,4
2022,45,44,0.9193467336683422,995,4
2022,45,48,0.9228275705186554,4396,4
2022,47,13,0.930888594895533,18141,2
2022,47,34,0.9401221455124802,1883,2
2022,47,46,0.9323943661971837,1775,2
2022,47,71,0.9325603407477514,2113,2
2022,47,72,0.8825971731448715,2830,2
2022,49,14,0.8519047619047613,2100,4
2022,49,24,0.9351194000394736,10134,4
2022,49,67,0.9356748224151543,7602,4
2022,51,14,0.8846153846153834,1066,4
2022,51,44,0.85775518341308,2508,4
2022,51,47,0.8596924766611803,3642,4
2022,51,72,0.9143192488262833,6816,4
2022,53,33,0.8973227312518128,6854,4
2022,53,43,0.9415776986951373,1686,4
2022,53,67,0.9328990228013041,1535,4
2022,53,73,0.9206170052671285,7974,4
2022,55,13,0.8827338661930193,6756,4
2022,55,35,0.92377622377622,3575,4
2022,55,45,0.9528804007514082,1597,4
2022,55,71,0.9163216011042087,1449,4
2022,57,24,0.8950432468396562,1503,4
2022,57,43,0.9301809077693445,12382,4
2022,57,44,0.9698117069177239,2443,4
2022,57,47,0.9413477537437601,1202,4
2022,57,67,0.9368497711194314,2403,4
2022,57,73,0.9640342052313887,1988,4
2022,59,13,0.9453304313415067,12635,4
2022,59,25,0.8960772833723664,854,4
2022,59,44,0.8392357875116476,1073,4
2022,59,46,0.9584481175390261,1089,4
2022,59,51,0.9072822822822829,666,4
2022,59,71,0.9398089879321787,27014,4
2022,61,13,0.8453854012941157,8809,3
2022,61,24,0.9263724345069262,5993,3
2022,61,43,0.9417685118619687,1391,3
2022,61,49,0.9434341808818792,3107,3
2022,61,71,0.9451836083022889,3758,3
2022,61,73,0.9505314799672964,7338,3
2022,63,13,0.9275651249335447,1881,3
2022,63,22,0.9238227146814414,1444,3
2022,63,25,0.8613496932515327,815,3
2022,63,44,0.9324915824915839,1485,3
2022,63,47,0.8594723722476115,2407,3
2022,63,48,0.9538639876352378,3235,3
2022,63,73,0.8989795918367345,4900,3
2022,65,23,0.8373493975903573,2075,4
2022,65,54,0.9239653512993244,3117,4
2022,65,71,0.9376810857520452,19673,4
2022,67,44,0.9630072414264239,7319,4
2022,67,47,0.9017253646389222,2811,4
2022,67,51,0.8839511373209823,2374,4
2022,67,71,0.9347345933811387,13809,4
2022,67,72,0.9511753269706644,5658,4
2022,67,73,0.9267522412387954,2454,4
2022,69,43,0.935076572173348,3069,4
2022,69,62,0.9302761933353334,3331,4
2022,71,13,0.8918161434977608,3122,3
2022,71,14,0.8987964989059081,3656,3
2022,71,43,0.9347653429602937,6925,3
2022,71,45,0.9024478563151814,3452,3
2022,71,47,0.9444190301921312,2186,3
2022,71,71,0.9243912603440971,16797,3
2022,71,72,0.8351063829787244,987,3
2022,73,25,0.9456181533646327,1278,4
2022,73,43,0.8615132712857635,2901,4
2022,73,44,0.95334590009425,1061,4
2022,73,45,0.8614427860696535,1005,4
2022,73,71,0.8992816043608569,29719,4
2022,73,73,0.9138835877862596,2096,4
2022,75,13,0.9339861023373334,1583,2
2022,75,14,0.8728728728728715,999,2
2022,75,23,0.8416416791604181,1334,2
2022,75,71,0.9184142394821949,7725,2
2022,77,23,0.8739429175475704,1892,3
2022,77,44,0.9561855670103098,1164,3
2022,77,71,0.9319492502883505,6069,3
2022,77,73,0.9218666666666642,1875,3
2022,79,25,0.8771186440677896,4189,4
2022,79,71,0.8446843853820603,2709,4
2022,81,13,0.9423521256931742,17312,2
2022,81,22,0.920349907918969,1086,2
2022,81,23,0.9202372306947507,4131,2
2022,81,43,0.9344919786096235,3553,2
2022,81,47,0.8287671232876778,4088,2
2022,81,71,0.9522189139373264,7053,2
2022,83,13,0.8574025115664267,1513,4
2022,83,41,0.8767655367231647,708,4
2022,83,43,0.8949524745984949,3051,4
2022,83,48,0.9036091549295784,2840,4
2022,83,71,0.8725109276347711,4118,4
2022,85,13,0.9350981476361623,3617,2
2022,85,14,0.8639240506329096,1343,2
2022,85,24,0.9394016227180536,1972,2
2022,85,43,0.9094474761255124,1466,2
2022,85,47,0.8902586903799514,1237,2
2022,85,49,0.970766964367919,10861,2
2022,85,71,0.9425167110483328,18401,2
2022,87,13,0.9019097222222187,2592,3
2022,87,25,0.9437869822485216,1352,3
2022,87,40,0.9502972872538104,2691,3
2022,87,71,0.8818046234153676,2682,3
2022,89,13,0.814486994219651,1384,3
2022,89,14,0.9391711229946534,1122,3
2022,89,21,0.9614666334661363,4016,3
2022,89,22,0.957112654787074,3311,3
2022,89,24,0.9427502876869968,1738,3
2022,89,44,0.9359348914858105,5990,3
2022,89,71,0.9098800505050493,1584,3
2022,91,13,0.9349912739965068,2292,4
2022,91,14,0.9265230312035707,6730,4
2022,91,22,0.8459728033472806,956,4
2022,91,32,0.9659387222946559,4602,4
2022,91,43,0.9260580123632924,2103,4
2022,91,49,0.9597513089005242,1528,4
2022,93,13,0.8771929824561429,1368,4
2022,93,21,0.9837631327602674,1047,4
2022,93,23,0.96677036199095,1768,4
2022,93,24,0.9201430274135878,2517,4
2022,93,51,0.9090025906735755,772,4
2022,93,54,0.9209567751335589,4118,4
2022,95,22,0.9042904290429055,1212,4
2022,95,34,0.9265963795504253,5027,4
2022,95,43,0.9178703703703709,10800,4
2022,95,71,0.9087483176312265,3715,4
2022,97,21,0.9496157130657574,5855,4
2022,97,22,0.9349630996309942,5962,4
2022,97,41,0.8984147230320709,2744,4
2022,97,43,0.9583333333333327,2334,4
2022,97,44,0.9626218851570959,923,4
2022,97,71,0.9308357348703127,4511,4
2022,99,23,0.9546179755362532,5641,3
2022,99,34,0.9536544850498344,1505,3
2022,99,43,0.9293312475557188,12785,3
2022,99,71,0.9452169743466781,4171,3
2022,101,14,0.8625202772452317,6781,2
2022,101,25,0.8347953216374258,1026,2
2022,101,43,0.93315248982755,5161,2
2022,103,13,0.9317761503180826,13518,3
2022,103,24,0.9567849099099094,1776,3
2022,103,31,0.8244926199261983,1084,3
2022,103,43,0.9204631533383753,9241,3
2022,103,45,0.9604060913705585,1970,3
2022,105,22,0.8495860165593355,1087,4
2022,105,25,0.9088983050847446,944,4
2022,105,43,0.915634170198896,6134,4
2022,107,14,0.899587563451778,1576,3
2022,107,40,0.9792474786656328,3867,3
2022,107,71,0.9195312499999972,3520,3
2022,109,13,0.6650779896013803,1154,4
2022,109,24,0.9572254335260115,865,4
2022,109,33,0.9220454545454546,1100,4
2022,109,35,0.8769159312587097,2153,4
2022,109,53,0.9035714285714266,4130,4
2022,111,21,0.9748416608022514,2842,4
2022,111,43,0.9446632532493093,2539,4
2022,111,51,0.9461644044532614,6557,4
2022,111,71,0.9437966723437715,7633,4
2022,113,21,0.91016057585824806,1806,4
2022,113,24,0.895011600928073,3879,4
2022,113,31,0.9090291921249146,1473,4
2022,113,43,0.9065005727376872,1746,4
2022,113,44,0.9712134632418071,1129,4
2022,113,49,0.9473858540562453,19624,4
2022,113,71,0.8707228915662681,2075,4
2022,115,23,0.949953007518797,1064,4
2022,115,43,0.9430034873583235,4588,4
2022,117,25,0.8687238493723839,956,3
2022,117,43,0.9598855612369116,4107,3
2022,117,44,0.9797808764940231,2510,3
2022,117,51,0.9505742411812962,1219,3
2022,119,13,0.9015503875968995,7740,4
2022,119,21,0.9361523718255883,2087,4
2022,119,42,0.9006100126209545,2377,4
2022,119,43,0.8106617647058809,1088,4
2022,119,47,0.9472326454033699,9594,4
2022,119,54,0.951169188445667,727,4
2022,120,1,0.88963438350836,2571,3
2022,121,23,0.8820681642137853,1291,4
2022,121,44,0.923959868495643,8821,4
2022,121,49,0.9616576086956571,9200,4
2022,123,33,0.8447777376219708,2767,3
2022,123,62,0.9451939291736917,2965,3
2022,125,23,0.9472140762463394,9207,4
2022,125,41,0.8577806122448975,1568,4
2022,125,54,0.9315176322418146,1588,4
2022,127,22,0.94992972593113,1423,4
2022,127,25,0.9091891891891881,925,4
2022,127,43,0.894133443503409,4841,4
2022,129,14,0.935021659446853,3001,3
2022,130,1,0.8595945945945926,1850,4
2022,133,14,0.9360687022900781,3406,4
2022,133,24,0.8805091185410356,1316,4
2022,133,25,0.9512241775057395,2614,4
2022,135,44,0.9664568345323711,8340,3
2022,135,47,0.8730630165289223,1936,3
2022,135,49,0.9143722466960359,908,3
2022,139,23,0.8747687326549487,2162,4
2022,139,24,0.8469036697247727,872,4
2022,139,25,0.817839195979899,1194,4
2022,139,33,0.9455530216647672,877,4
2022,139,44,0.948728579325594,1809,4
2022,139,49,0.9507062146892667,1770,4
2022,140,1,0.9175191815856801,3128,3
2022,141,22,0.886500602651669,2489,4
2022,141,49,0.9281687872443264,6209,4
2022,143,21,0.8932767624020862,1532,4
2022,143,42,0.874084507042252,1775,4
2022,143,53,0.9222370766488355,4488,4
2022,145,23,0.8914408460013235,1513,4
2022,147,23,0.9475677830940988,1254,4
2022,147,47,0.8965716486902915,1298,4
2022,149,54,0.9373647771527468,2311,4
2022,151,44,0.9760432766615151,1941,3
2022,151,47,0.9272648083623705,1148,3
2022,153,24,0.9418130101409846,4043,4
2022,153,31,0.9113200589970473,2712,4
2022,153,35,0.9711065573770497,1220,4
2022,157,22,0.8553198031980347,1626,4
2022,157,49,0.9588379705400987,6110,4
2022,157,54,0.9252704031465143,6102,4
2022,159,47,0.8615107913669056,973,3
2022,160,1,0.9483655274888563,1346,1
2022,161,21,0.90625,1184,3
2022,161,23,0.857511283043192,3102,3
2022,163,22,0.8958333333333348,1452,4
2022,163,23,0.9271516286814486,9609,4
2022,163,31,0.9146678966789682,1084,4
2022,163,33,0.9316598955310497,1723,4
2022,163,54,0.9435028248587581,1416,4
2022,165,24,0.9454765751211638,1857,3
2022,165,34,0.9470250521920662,958,3
2022,167,21,0.9592927631578944,1824,4
2022,167,22,0.794437340153454,782,4
2022,167,49,0.9360377924415129,3334,4
2022,169,24,0.8983492615117303,1151,1
2022,170,1,0.8756602577646249,4733,3
2022,173,24,0.9096516690856302,1378,3
2022,179,21,0.9394856278366116,1322,3
2022,180,1,0.8686360182370818,2632,4
2022,183,34,0.9433364254792802,3234,4
2022,183,47,0.9354347128649254,9351,4
2022,183,49,0.8472088546679485,1039,4
2022,185,44,0.8588888888888896,900,4
2022,187,49,0.9592917675544786,1652,4
2022,187,54,0.9823646850044364,2254,4
2022,189,34,0.9209635945324187,7389,3
2022,189,54,0.9607919254658389,1288,3
2022,190,1,0.948425131926126,6064,4
2022,191,47,0.8710640608034734,921,4
2022,197,21,0.952024647887321,5680,3
2022,201,49,0.9481312967175636,30770,4
2022,209,32,0.9360831234256926,794,4
2022,209,49,0.8998194945848375,2216,4
2022,215,49,0.9507627118644062,5900,4
2022,223,44,0.9748229740361922,1271,3
2022,227,51,0.8724256292906181,874,4
2022,245,44,0.7872143298332279,1619,4
2022,245,49,0.7927543953116671,1877,4
2022,251,49,0.9287048567870475,1606,3
2022,257,49,0.9576045627376422,1315,3
2022,303,49,0.8980936143831396,3226,4
2022,309,49,0.8802060008956526,2233,4
2022,313,44,0.9323878627968337,758,4
2022,329,49,0.9508348794063077,1078,4
2022,339,49,0.9695808267028921,5153,4
2022,355,49,0.9063757039420762,2486,2
2022,367,49,0.9634688691232525,1574,3
2022,375,49,0.846359743040687,934,4
2022,381,49,0.9226489590811197,1393,4
2022,423,49,0.9048274137068525,1999,4
2022,439,49,0.9444141454733241,17419,4
2022,441,49,0.8510064701653504,1391,4
2022,451,49,0.9114064230343308,903,4
2022,453,49,0.9419604675472689,10523,4
2022,479,49,0.9270650263620386,1707,4
2022,485,49,0.8223545900490505,1427,4
2022,491,49,0.9655911369885147,6183,4
2022,510,34,0.8615591397849446,1674,2
2022,510,40,0.963245738636364,1408,2
2022,510,52,0.8892838676318485,3868,2
2022,650,40,0.9173346693386766,998,3
2022,700,40,0.8843963553530747,1317,2
2022,710,40,0.8252302968270255,1954,2
2022,760,40,0.8856138453217958,1849,2
2022,810,40,0.9411262798634803,3809,2
2023,0,1,0.9061303700553034,9404,0
2023,0,2,0.9007391763463445,10417,0
2023,0,3,0.8788504883546285,5324,0
2023,0,4,0.9149777957206481,12385,0
2023,0,5,0.9067445365486074,1327,0
2023,0,6,0.9097786811201445,4428,0
2023,0,12,0.9339822667694657,5188,0
2023,0,13,0.8905821413187993,44113,0
2023,0,14,0.907481353574615,41697,0
2023,0,21,0.9215817694370381,35062,0
2023,0,22,0.9330089104745957,26149,0
2023,0,23,0.9225428784489391,33525,0
2023,0,24,0.9225711430224859,38022,0
2023,0,25,0.9239214992927719,28280,0
2023,0,31,0.9023678614036227,19279,0
2023,0,32,0.8929733687693174,18437,0
2023,0,33,0.9283041582612186,30734,0
2023,0,34,0.8991350067842632,29480,0
2023,0,35,0.9359192348565295,9410,0
2023,0,36,0.9163458012467913,5454,0
2023,0,37,0.910059733912565,7366,0
2023,0,40,0.9179780866971639,52297,0
2023,0,41,0.8892087324981814,32568,0
2023,0,42,0.890936583028917,16699,0
2023,0,43,0.8929676706272789,36190,0
2023,0,44,0.8938017348906135,35276,0
2023,0,45,0.9109663925464615,21037,0
2023,0,46,0.8781564925286768,17266,0
2023,0,47,0.9031948997300624,41488,0
2023,0,48,0.8923984166734256,24758,0
2023,0,49,0.8799845160771681,49729,0
2023,0,51,0.9126027942346658,22618,0
2023,0,52,0.9030911699491447,7667,0
2023,0,53,0.8802565638958183,18358,0
2023,0,54,0.9225232853513813,27163,0
2023,0,56,0.9095322526173548,11844,0
2023,0,61,0.8929461020722099,18869,0
2023,0,62,0.926140573727158,47235,0
2023,0,63,0.9145960850857279,16501,0
2023,0,64,0.9205032447655137,8167,0
2023,0,65,0.9386658235852003,3163,0
2023,0,66,0.9028871907988114,12694,0
2023,0,67,0.9272009029345316,7974,0
2023,0,68,0.929239478218062,4063,0
2023,0,71,0.8826901920961523,11817,0
2023,0,72,0.91955713173601,11561,0
2023,0,73,0.9026509831460795,14240,0
2023,0,81,0.860259579728064,4045,0
2023,0,82,0.9509575569358171,1932,0
2023,1,2,0.8196778711484609,714,4
2023,1,11,0.9451979472140761,1364,4
2023,1,13,0.8406771010547811,2939,4
2023,1,43,0.8205991639572674,2153,4
2023,1,47,0.8875638841567289,1761,4
2023,1,71,0.9362596192790538,14814,4
2023,1,82,0.9382002801120459,1428,4
2023,1,98,0.8855890545633205,6103,4
2023,3,3,0.8841984231274665,1522,3
2023,3,5,0.9471388695045366,1433,3
2023,3,11,0.9331560722235963,4043,3
2023,3,12,0.9595224228305136,8585,3
2023,3,14,0.9181408725851977,9214,3
2023,3,22,0.9403780068728536,2910,3
2023,3,24,0.9399350649350657,924,3
2023,3,33,0.9427879714576973,1962,3
2023,3,41,0.9375884016973134,1414,3
2023,3,48,0.9361948955916474,1293,3
2023,3,52,0.9483130271790032,5335,3
2023,3,65,0.9705947810604825,17973,3
2023,3,82,0.9198630136986375,9490,3
2023,5,3,0.911882149794942,4633,3
2023,5,11,0.9724101103595586,2809,3
2023,5,12,0.9372001744439545,4586,3
2023,5,13,0.816366961292292,6562,3
2023,5,23,0.9465830449826989,1156,3
2023,5,43,0.9433333333333325,1650,3
2023,5,45,0.965497076023392,855,3
2023,5,52,0.9300407035906415,6879,3
2023,5,61,0.7956810631229265,1505,3
2023,5,72,0.9541321208879389,3739,3
2023,7,5,0.8812802996915022,4538,3
2023,7,6,0.8672248803827727,1045,3
2023,7,12,0.9582108120334784,4421,3
2023,7,42,0.9499323410013533,2217,3
2023,7,71,0.920614919354841,1984,3
2023,9,3,0.9262724550898243,6680,3
2023,9,5,0.8854466858789636,1388,3
2023,9,25,0.868627450980389,1530,3
2023,9,43,0.9413387274733405,5438,3
2023,9,54,0.952399086062453,1313,3
2023,11,2,0.883745963401506,929,3
2023,11,14,0.9113143027059234,3363,3
2023,11,43,0.9457055433003762,14053,3
2023,11,67,0.960148285449489,3237,3
2023,11,73,0.9611085766423372,4384,3
2023,13,3,0.8947136563876673,3405,4
2023,13,12,0.9204739904175243,5844,4
2023,13,13,0.9098469727212231,1503,4
2023,13,31,0.8741217798594856,854,4
2023,13,40,0.9627342419080058,2348,4
2023,13,52,0.9367831785909349,1831,4
2023,13,61,0.9362129052697787,37876,4
2023,13,66,0.8814016172506738,1484,4
2023,13,71,0.9569932872457594,9981,4
2023,15,12,0.9525669642857165,3136,3
2023,15,41,0.8500554323725066,902,3
2023,15,43,0.9271212121212121,1650,3
2023,15,44,0.947613504074506,859,3
2023,15,48,0.9388807069219439,2037,3
2023,15,51,0.9681224899598396,996,3
2023,15,52,0.9389076576576572,888,3
2023,15,61,0.9073928944618588,1914,3
2023,17,3,0.9099009284067606,16049,3
2023,17,12,0.9533234126984149,5040,3
2023,17,14,0.9416755602988308,4685,3
2023,17,24,0.8926579925650509,2690,3
2023,17,36,0.9070779712339141,1321,3
2023,17,43,0.9216714905933446,1382,3
2023,17,45,0.9042416452442181,1556,3
2023,17,52,0.9695030120481924,1328,3
2023,17,53,0.9380144032921812,972,3
2023,17,71,0.9470640569395011,1686,3
2023,19,12,0.9481187536743101,1701,3
2023,19,14,0.9373979314099088,1837,3
2023,19,22,0.9465102974828371,874,3
2023,19,33,0.9455275229357797,872,3
2023,19,43,0.9572248304642665,1917,3
2023,19,47,0.9639360313315932,1532,3
2023,19,48,0.9213673951565294,3386,3
2023,19,63,0.9317204301075265,930,3
2023,19,71,0.9235290120940328,7359,3
2023,19,72,0.9300111982082868,893,3
2023,20,81,0.8612253289473671,1216,2
2023,21,3,0.924713467048706,6980,4
2023,21,12,0.8898235870630464,3061,4
2023,21,14,0.9092987804878068,1640,4
2023,21,23,0.9246947082767979,1474,4
2023,21,43,0.9559462915601027,3910,4
2023,21,44,0.8307466442953021,1192,4
2023,21,47,0.8866292660121532,2139,4
2023,21,52,0.95006443298969,3104,4
2023,21,68,0.953772189349112,676,4
2023,23,3,0.9345864661654075,4655,3
2023,23,12,0.9269456223497173,8018,3
2023,23,24,0.9329416531604531,1234,3
2023,23,71,0.9084480122324183,1308,3
2023,25,3,0.8718332022029871,6355,3
2023,25,12,0.9617778487073103,6266,3
2023,25,25,0.9025055991041491,3572,3
2023,25,52,0.9569107363225013,2431,3
2023,25,61,0.9334389857369245,2524,3
2023,25,71,0.8207288401253916,1276,3
2023,27,3,0.9067924528301952,7950,3
2023,27,12,0.9495381951125685,5197,3
2023,27,14,0.7907232704402501,1590,3
2023,27,49,0.9278738392571209,3123,3
2023,27,52,0.9730941704035889,3122,3
2023,27,53,0.8522574123989188,1484,3
2023,29,12,0.9171838978542309,5639,4
2023,29,13,0.9020248622324866,7803,4
2023,29,14,0.9269424707769852,4363,4
2023,29,49,0.9289007478399781,13773,4
2023,29,71,0.912111504907297,7336,4
2023,29,72,0.9348751418842239,1762,4
2023,31,12,0.9523394723743138,4018,3
2023,31,21,0.9345982419214811,32308,3
2023,31,43,0.928477599557521,7232,3
2023,31,52,0.9710892290461092,10714,3
2023,31,64,0.9140903686087997,841,3
2023,31,65,0.962850315011949,4603,3
2023,31,71,0.687877643504536,1324,3
2023,33,43,0.8851253178350951,2753,4
2023,33,45,0.9018650088809924,2815,4
2023,33,46,0.9689148455162017,1327,4
2023,33,52,0.9115259740259822,6776,4
2023,33,73,0.9353939423451341,20536,4
2023,35,12,0.9595653459491414,3382,3
2023,35,22,0.8484304932735445,1115,3
2023,35,24,0.9212399422323013,9694,3
2023,35,43,0.9596933728981213,1011,3
2023,35,47,0.8970338983050861,1180,3
2023,35,48,0.9373730534867988,1477,3
2023,35,67,0.9454498714652919,9725,3
2023,35,73,0.9402841108383,2851,3
2023,37,12,0.9719852104664392,1758,3
2023,37,33,0.9546184738955844,2490,3
2023,37,54,0.9069321533923289,5085,3
2023,37,71,0.9368437769680517,83432,3
2023,39,12,0.9629709364908523,4645,3
2023,39,22,0.9362369337979094,1435,3
2023,39,49,0.9222816657027222,3458,3
2023,39,56,0.9401197604790413,1169,3
2023,39,71,0.8264655904842854,1177,3
2023,39,72,0.932479627473805,3436,3
2023,41,12,0.9558207705192633,1194,4
2023,41,24,0.9660135462022247,2067,4
2023,41,40,0.955295138888891,2880,4
2023,41,48,0.8985436893203869,1030,4
2023,41,49,0.8316792377927766,2519,4
2023,41,71,0.9211967973029892,2373,4
2023,43,14,0.9253630984400224,1859,3
2023,43,21,0.9553257558003314,8534,3
2023,43,66,0.9442239858906529,1134,3
2023,45,14,0.8850902814657431,3766,4
2023,45,24,0.9427312775330386,1589,4
2023,45,32,0.7835286458333349,768,4
2023,45,44,0.9213995943204881,986,4
2023,45,48,0.9236830742659798,4632,4
2023,47,13,0.9285277607958585,17993,2
2023,47,34,0.9379432624113478,1833,2
2023,47,46,0.9446371398078989,1874,2
2023,47,71,0.9376822157434408,2058,2
2023,47,72,0.9002857142857181,2625,2
2023,49,14,0.8397037744863783,2093,4
2023,49,24,0.9348582669222264,9913,4
2023,49,67,0.9288872047492649,7917,4
2023,51,14,0.8909756097560978,1025,4
2023,51,44,0.8673879739563369,2611,4
2023,51,47,0.858522250209913,3573,4
2023,51,72,0.9155014980738994,7009,4
2023,53,33,0.8932618683001535,6530,4
2023,53,43,0.9454949944382657,1798,4
2023,53,67,0.9251285347043698,1556,4
2023,53,73,0.9170297962548685,8491,4
2023,55,13,0.8858364743403785,6898,4
2023,55,35,0.9368925100057159,3498,4
2023,55,45,0.9555389221556879,1670,4
2023,55,71,0.9223318713450304,1368,4
2023,57,24,0.9023982999392854,1647,4
2023,57,43,0.9330736842105365,11875,4
2023,57,44,0.9757159442724466,2584,4
2023,57,47,0.9425758818703859,1219,4
2023,57,67,0.9292918454935618,2330,4
2023,57,73,0.9631464475592083,2069,4
2023,59,13,0.9474849094567315,12425,4
2023,59,25,0.9003105590062128,805,4
2023,59,44,0.8231605351170563,1196,4
2023,59,46,0.9468806509945746,1106,4
2023,59,51,0.9191505216095381,671,4
2023,59,71,0.9421038932064006,26893,4
2023,61,13,0.8374164168780374,8674,3
2023,61,24,0.9247483623581976,6259,3
2023,61,43,0.9428044280442801,1355,3
2023,61,49,0.949149874055415,3176,3
2023,61,71,0.9580488445378164,3808,3
2023,61,73,0.9537984913793125,7424,3
2023,63,13,0.9092331768388103,1917,3
2023,63,22,0.9339166046165314,1343,3
2023,63,25,0.8704427083333333,768,3
2023,63,44,0.9198434309053776,1469,3
2023,63,47,0.8668410041841036,2390,3
2023,63,48,0.966515240328252,3412,3
2023,63,73,0.9003450375482022,4927,3
2023,65,23,0.879616643291258,2139,4
2023,65,54,0.9298887122416558,3145,4
2023,65,71,0.9427381893654705,20236,4
2023,67,44,0.9680751173708946,7455,4
2023,67,47,0.9067110471392618,2779,4
2023,67,51,0.8939363005308261,2449,4
2023,67,71,0.9425195976926551,13522,4
2023,67,72,0.9552622253720738,5644,4
2023,67,73,0.928141135972459,2324,4
2023,69,43,0.9349224678324005,3031,4
2023,69,62,0.9138007054673759,3402,4
2023,71,13,0.8966988727858264,3105,3
2023,71,14,0.9065040650406506,3567,3
2023,71,43,0.9382922920005756,6863,3
2023,71,45,0.9138842975206574,3025,3
2023,71,47,0.9337686567164162,2144,3
2023,71,71,0.9361933926152919,16981,3
2023,71,72,0.8525390625,1024,3
2023,73,25,0.9573800738007381,1355,4
2023,73,43,0.862691284098471,3006,4
2023,73,44,0.9562282229965161,1148,4
2023,73,45,0.8795688847235227,1067,4
2023,73,71,0.899508746307339,30127,4
2023,73,73,0.9324074074074055,2160,4
2023,75,13,0.9257485029940126,1670,2
2023,75,14,0.8746192893401005,985,2
2023,75,23,0.8421625544267073,1378,2
2023,75,71,0.921881149153877,7623,2
2023,77,23,0.8780021834061129,1832,3
2023,77,44,0.9604938271604934,1215,3
2023,77,71,0.9472979755730259,5977,3
2023,77,73,0.9334862385321089,1962,3
2023,79,25,0.8901016401016364,4329,4
2023,79,71,0.8591328413284185,2710,4
2023,81,13,0.9409964534950285,17482,2
2023,81,22,0.9288272157564901,1117,2
2023,81,23,0.9179261645193301,4036,2
2023,81,43,0.9435116676152522,3514,2
2023,81,47,0.8445478406108224,4191,2
2023,81,71,0.9546537706756403,7134,2
2023,83,13,0.8797567061759175,1603,4
2023,83,41,0.8963414634146343,861,4
2023,83,43,0.8826094109904599,3039,4
2023,83,48,0.9089769307923811,2991,4
2023,83,71,0.8698973203105443,3993,4
2023,85,13,0.9298245614035103,3762,2
2023,85,14,0.8909970238095251,1344,2
2023,85,24,0.9577077077077084,1998,2
2023,85,43,0.8989611260053629,1492,2
2023,85,47,0.9165975103734442,1205,2
2023,85,49,0.9724271240668367,11252,2
2023,85,71,0.9438054059933784,18387,2
2023,87,13,0.8960570159200268,2701,3
2023,87,25,0.9221428571428557,1400,3
2023,87,40,0.9547778561354008,2836,3
2023,87,71,0.8689648866130265,2734,3
2023,89,13,0.8073827851644464,1429,3
2023,89,14,0.9452199661590532,1182,3
2023,89,21,0.958942776494741,3897,3
2023,89,22,0.9551851851851842,3375,3
2023,89,24,0.9424533799533812,1716,3
2023,89,44,0.9417945296864552,5996,3
2023,89,71,0.9255878712871277,1616,3
2023,91,13,0.9354940878378372,2368,4
2023,91,14,0.9297309833024078,6468,4
2023,91,22,0.844365426695841,914,4
2023,91,32,0.9666009636443295,4566,4
2023,91,43,0.9309242871189749,2034,4
2023,91,49,0.9605943152454789,1548,4
2023,93,13,0.8635587431694027,1464,4
2023,93,21,0.9826709796672827,1082,4
2023,93,23,0.9584302325581405,1720,4
2023,93,24,0.9241036632891678,2566,4
2023,93,51,0.9072384428223856,822,4
2023,93,54,0.926786994979675,4183,4
2023,95,22,0.9180016863406412,1186,4
2023,95,34,0.9392835458409178,4941,4
2023,95,43,0.91885391369324,10706,4
2023,95,71,0.9190827622561986,3794,4
2023,97,21,0.9488852402350493,5786,4
2023,97,22,0.9340056913290867,5974,4
2023,97,41,0.9066981462049619,2859,4
2023,97,43,0.9578470824949695,2485,4
2023,97,44,0.9600860420650101,1046,4
2023,97,71,0.9386013830024508,4483,4
2023,99,23,0.9559513074842246,5545,3
2023,99,34,0.9634387351778649,1518,3
2023,99,43,0.9264601560652641,12687,3
2023,99,71,0.9554926387315957,4415,3
2023,101,14,0.8592586848635185,6448,2
2023,101,25,0.8469479353680399,1114,2
2023,101,43,0.9377208480565378,5094,2
2023,103,13,0.9341400728207353,14007,3
2023,103,24,0.9725913621262464,1806,3
2023,103,31,0.8521880819366832,1074,3
2023,103,43,0.9292837229251507,9326,3
2023,103,45,0.9624352331606225,1930,3
2023,105,22,0.8222727272727266,1100,4
2023,105,25,0.9131604696673198,1022,4
2023,105,43,0.9225057433541156,6094,4
2023,107,14,0.902652200120553,1659,3
2023,107,40,0.9781553398058263,3914,3
2023,107,71,0.9267311886586728,3668,3
2023,109,13,0.6760620915032672,1224,4
2023,109,24,0.9627363737486094,899,4
2023,109,33,0.9221162579473197,1101,4
2023,109,35,0.8703876693134074,2141,4
2023,109,53,0.8982386217536616,3889,4
2023,111,21,0.9745519713261653,2790,4
2023,111,43,0.9498477350590019,2627,4
2023,111,51,0.9447236180904545,6766,4
2023,111,71,0.9486405793418907,7871,4
2023,113,21,0.9154145077720179,1930,4
2023,113,24,0.9188498821063626,3817,4
2023,113,31,0.9068166554734707,1489,4
2023,113,43,0.8968571428571426,1750,4
2023,113,44,0.9689349112426034,1014,4
2023,113,49,0.9488588777219517,19104,4
2023,113,71,0.8696155627605332,2159,4
2023,115,23,0.9502304147465446,1085,4
2023,115,43,0.9447007080025738,4661,4
2023,117,25,0.879658385093169,966,3
2023,117,43,0.9567345340642146,3831,3
2023,117,44,0.9901000000000001,2500,3
2023,117,51,0.9549274255156607,1309,3
2023,119,13,0.9050489596083229,8170,4
2023,119,21,0.9476495726495727,2106,4
2023,119,42,0.903162055335968,2530,4
2023,119,43,0.8206521739130432,1150,4
2023,119,47,0.9485638622937503,9818,4
2023,119,54,0.9555921052631582,760,4
2023,120,1,0.9076335877862605,2620,3
2023,121,23,0.8858208955223895,1340,4
2023,121,44,0.9229049354090836,9057,4
2023,121,49,0.9646713491980302,9539,4
2023,123,33,0.8375321809488828,2719,3
2023,123,62,0.9495755517826814,2945,3
2023,125,23,0.948611414826156,9146,4
2023,125,41,0.8030401034928815,1546,4
2023,125,54,0.9359125812167755,1693,4
2023,127,22,0.9389736477115105,1442,4
2023,127,25,0.9191176470588226,884,4
2023,127,43,0.8865605371453356,4617,4
2023,129,14,0.9315175774451804,2873,3
2023,130,1,0.9119047619047598,1785,4
2023,133,14,0.9343427095292752,3484,4
2023,133,24,0.8848709929632509,1279,4
2023,133,25,0.9565092165898599,2604,4
2023,135,44,0.9732944606414007,8575,3
2023,135,47,0.8632632119035433,1949,3
2023,135,49,0.9324324324324329,888,3
2023,139,23,0.8910545290671515,2219,4
2023,139,24,0.8502777777777788,900,4
2023,139,25,0.8470540758676355,1239,4
2023,139,33,0.9611368909512755,862,4
2023,139,44,0.9550203873598362,1962,4
2023,139,49,0.9580901856763934,1885,4
2023,140,1,0.9260639950295105,3219,3
2023,141,22,0.8931845356715791,2509,4
2023,141,49,0.9342575333954697,6438,4
2023,143,21,0.9101796407185616,1503,4
2023,143,42,0.8905099894847535,1902,4
2023,143,53,0.9292575005396021,4633,4
2023,145,23,0.906921618204803,1582,4
2023,147,23,0.9356931060044472,1349,3
2023,147,47,0.8829138062547683,1311,3
2023,149,54,0.9458924103419497,2398,4
2023,151,44,0.9805584551148225,1916,3
2023,151,47,0.9071025399811841,1063,3
2023,153,24,0.9420307845084416,4028,4
2023,153,31,0.905473098330237,2695,4
2023,153,35,0.9687747035573125,1265,4
2023,157,22,0.8395585738539879,1767,4
2023,157,49,0.9695837780149437,6559,4
2023,157,54,0.9332708299364054,6133,4
2023,159,47,0.8871197718631187,1052,3
2023,160,1,0.9590779127948532,1399,1
2023,161,21,0.9085062240663903,1205,3
2023,161,23,0.8634251842358238,3121,3
2023,163,22,0.8848396501457704,1372,4
2023,163,23,0.9311520292033431,9314,4
2023,163,31,0.924119241192411,1107,4
2023,163,33,0.9320214669051878,1677,4
2023,163,54,0.9461952344350495,1301,4
2023,165,24,0.9447150511446646,2053,3
2023,165,34,0.9630709426627797,1029,3
2023,167,21,0.9477883538633829,1786,4
2023,167,22,0.8283248081841416,782,4
2023,167,49,0.9527241279907741,3469,4
2023,169,24,0.9147916666666671,1200,1
2023,170,1,0.897214997832679,4614,3
2023,173,24,0.921532846715329,1370,3
2023,179,21,0.9365612648221354,1265,3
2023,180,1,0.8896674140508242,2676,4
2023,183,34,0.9464992389649938,3285,4
2023,183,47,0.946407879490149,9493,4
2023,183,49,0.8952067669172933,1064,4
2023,185,44,0.8692865105908588,897,4
2023,187,49,0.9468810916179348,1539,4
2023,187,54,0.9784125599651112,2293,4
2023,189,34,0.922068771138659,7096,3
2023,189,54,0.9631435257410301,1282,3
2023,190,1,0.9612076307273054,5871,4
2023,191,47,0.8742004264392339,938,4
2023,197,21,0.9580258302583037,5962,3
2023,201,49,0.9552542319650653,31841,4
2023,209,32,0.9522849462365587,744,4
2023,209,49,0.9048251438689695,2259,4
2023,215,49,0.9513899795822228,6367,4
2023,223,44,0.9752513534416085,1293,3
2023,227,51,0.8789828431372542,816,4
2023,245,44,0.8215081723625599,1346,4
2023,245,49,0.810718201754388,1824,4
2023,251,49,0.9564051918735902,1772,3
2023,257,49,0.9623241795043539,1493,3
2023,303,49,0.909470963818789,3289,4
2023,309,49,0.9077851790174882,2402,4
2023,313,44,0.9501329787234046,752,4
2023,329,49,0.9480069324090117,1154,4
2023,339,49,0.9720529340066161,5743,4
2023,355,49,0.9262143121987406,2697,2
2023,367,49,0.964784633294529,1718,3
2023,375,49,0.8469696969696986,825,4
2023,381,49,0.9324845679012348,1296,4
2023,423,49,0.9091019417475702,2060,4
2023,439,49,0.9501448710090847,17947,4
2023,441,49,0.8620871398453972,1423,4
2023,451,49,0.902482269503546,987,4
2023,453,49,0.9483303878708949,10751,4
2023,479,49,0.9563666300768396,1822,4
2023,485,49,0.834652443220921,1453,4
2023,491,49,0.9702434966727144,6612,4
2023,510,34,0.8584084084084052,1665,2
2023,510,40,0.9676591375770024,1461,2
2023,510,52,0.8889407684098193,3748,2
2023,650,40,0.9109922178988332,1028,3
2023,700,40,0.9042145593869741,1305,2
2023,710,40,0.8578595317725795,1794,2
2023,760,40,0.8684584755403834,1758,2
2023,810,40,0.951715931863726,3992,2
