YEAR,COUNTYFIP,STATEICP,METRO,digital_index
2022,31,52,3,1
2017,0,54,0,1
2022,13,12,3,1
2016,111,43,4,1
2014,109,24,3,0.75
2022,5,13,2,0
2022,0,13,0,1
2021,0,32,0,1
2019,113,49,4,0.75
2014,0,46,4,0
2016,0,71,1,1
2013,113,49,4,0.25
2017,73,71,3,1
2014,37,71,3,0.25
2021,37,71,2,1
2019,0,45,0,1
2018,153,35,3,1
2018,89,71,4,1
2017,0,3,4,1
2019,5,52,4,0
2023,0,71,1,1
2022,0,44,0,0.5
2018,0,54,0,0.75
2021,65,23,4,0
2021,13,61,2,1
2016,0,44,2,1
2022,0,40,0,0.75
2021,0,3,0,0
2022,17,3,3,1
2019,0,3,2,1
2022,91,14,3,1
2020,201,49,3,1
2020,47,13,2,1
2017,0,3,2,0
2018,73,71,3,0.5
2017,1,43,4,1
2021,19,61,4,1
2023,99,23,3,1
2021,0,25,1,1
2022,0,47,0,1
2019,19,61,4,1
2019,53,43,3,1
2019,0,56,4,1
2022,1,13,3,1
2021,37,71,3,1
2022,57,43,3,1
2021,73,41,4,1
2020,25,12,3,1
2019,169,24,1,1
2020,163,22,4,0.75
2018,0,3,3,1
2019,105,25,4,1
2022,0,13,0,0.5
2020,57,47,4,1
2021,439,49,4,1
2021,0,72,1,1
2019,41,24,4,1
2022,3,82,3,1
2020,439,49,4,1
2022,37,71,2,1
2016,29,71,3,1
2019,0,3,3,1
2016,11,43,3,1
2022,0,47,4,1
2017,3,65,4,1
2021,81,23,4,1
2021,0,64,0,1
2023,0,61,0,1
2018,0,32,0,0.5
2023,0,21,0,1
2020,45,14,3,1
2017,15,41,4,0.5
2019,0,22,0,1
2021,13,12,2,1
2019,121,49,4,1
2018,0,24,4,1
2019,0,41,4,0
2022,17,12,2,1
2019,47,13,2,1
2017,0,45,3,1
2022,29,49,4,1
2016,0,25,0,1
2023,59,13,3,1
2018,99,21,1,1
2022,35,48,4,1
2022,0,23,3,1
2022,0,54,0,1
2022,71,45,2,1
2023,135,44,3,1
2017,37,71,3,1
2018,0,24,3,1
2021,81,13,2,1
2020,111,71,4,1
2020,81,23,4,1
2017,37,71,2,1
2017,0,62,2,1
2020,13,71,3,1
2015,29,13,3,0.25
2016,355,49,2,0.75
2019,13,52,3,0
2019,59,71,3,1
2022,139,23,4,1
2023,5,3,3,1
2018,0,3,0,0
2021,133,25,3,1
2018,303,49,2,1
2019,381,49,4,1
2018,151,47,3,1
2018,0,64,0,1
2022,3,82,3,1
2022,125,23,3,1
2019,0,54,1,1
2022,0,43,4,1
2019,47,46,4,1
2020,119,47,4,1
2020,0,3,3,1
2016,0,44,3,1
2020,61,13,2,1
2018,13,61,3,1
2018,95,71,4,1
2016,113,49,2,1
2016,9,1,3,1
2019,77,44,3,1
2019,0,24,1,1
2023,37,71,2,1
2017,49,67,4,1
2018,81,13,2,1
2017,103,45,3,0.75
2020,13,61,2,1
2022,159,47,3,1
2019,0,67,0,1
2022,0,34,0,1
2021,0,40,4,1
2018,0,62,4,1
2023,129,14,3,1
2020,103,43,4,1
2016,0,13,3,1
2014,0,22,0,0.75
2019,0,62,1,1
2017,61,13,2,1
2017,0,41,0,1
2014,0,49,0,0.25
2021,13,61,3,1
2021,3,1,3,1
2021,3,82,3,1
2019,33,73,4,1
2019,0,32,4,1
2023,5,72,3,1
2019,0,13,1,1
2021,0,53,0,1
2020,0,24,1,1
2017,0,35,0,1
2018,37,54,4,1
2016,491,49,4,1
2021,17,14,3,1
2016,0,62,4,1
2016,0,23,0,1
2016,65,71,4,1
2023,93,54,4,1
2016,0,44,4,1
2017,157,54,4,1
2018,37,71,2,1
2020,79,71,4,1
2022,33,73,2,1
2016,0,32,1,1
2022,0,31,1,0
2017,99,43,4,1
2022,71,71,3,1
2020,113,71,3,1
2021,0,49,0,1
2013,0,21,0,0.75
2015,0,48,1,0.75
2019,0,22,0,1
2019,71,71,4,1
2021,0,46,1,1
2023,71,13,4,1
2021,0,49,1,1
2016,71,13,3,1
2023,0,34,1,1
2017,27,13,3,1
2017,71,71,4,1
2020,83,43,3,1
2016,303,49,4,0.25
2016,29,71,4,1
2022,0,21,4,0
2015,37,54,4,0
2017,0,31,4,1
2016,67,44,3,1
2017,125,23,3,1
2023,0,24,1,1
2021,0,45,3,1
2020,0,42,4,1
2021,37,71,3,1
2022,169,24,1,1
2023,37,71,3,1
2019,1,71,4,1
2022,0,45,0,1
2018,0,43,4,0.75
2023,0,24,3,0
2022,31,21,3,1
2021,37,71,3,1
2016,0,68,1,1
2020,0,49,1,0.5
2019,0,40,2,0.5
2018,25,3,3,1
2017,0,4,3,1
2018,0,66,0,0
2017,157,54,4,1
2023,81,71,4,1
2018,31,21,4,1
2018,0,54,3,0.75
2018,71,71,4,0
2016,113,49,4,1
2020,103,24,3,1
2022,59,71,4,1
2023,3,12,3,1
2023,0,63,3,1
2023,139,33,3,1
2022,81,13,2,1
2019,0,37,1,1
2022,0,46,0,1
2017,0,73,1,1
2016,19,61,2,1
2018,135,44,3,1
2016,810,40,2,1
2022,303,49,4,0
2019,0,40,0,1
2022,37,71,3,1
2019,53,33,3,1
2015,0,34,4,0.75
2021,31,21,2,0.5
2022,5,72,3,1
2017,103,13,3,1
2019,7,42,4,1
2023,0,34,3,1
2023,73,71,2,1
2017,0,47,0,1
2018,119,47,4,1
2022,439,49,4,1
2018,29,49,2,1
2022,59,71,3,1
2022,0,40,0,1
2022,0,82,0,1
2022,59,71,4,1
2018,103,13,3,1
2022,423,49,4,1
2018,25,12,3,1
2019,97,71,4,0
2022,0,21,4,1
2016,31,21,3,1
2019,157,54,4,1
2023,97,21,3,1
2021,61,24,4,1
2022,0,40,0,1
2018,93,24,4,1
2022,25,12,3,0.75
2020,59,71,2,1
2014,0,13,0,0.25
2013,105,43,4,0.25
2023,0,53,0,1
2016,65,71,4,1
2017,3,11,4,1
2016,19,71,4,1
2021,13,61,2,1
2016,29,49,2,1
2017,0,48,0,1
2023,15,44,3,1
2016,163,23,4,1
2022,0,66,4,1
2023,0,54,3,1
2020,209,49,3,1
2023,0,71,1,1
2016,3,22,4,1
2019,19,61,4,1
2021,0,4,0,1
2021,0,21,0,1
2023,13,71,4,1
2018,0,40,4,1
2019,73,73,4,1
2016,17,45,4,1
2017,75,14,4,1
2018,71,14,3,1
2020,201,49,2,0.75
2021,97,22,2,1
2023,61,13,2,1
2018,25,3,2,1
2017,0,81,0,1
2023,37,71,4,1
2016,0,62,3,1
2019,0,62,2,1
2015,99,21,1,0.75
2020,129,14,3,1
2013,67,71,4,0.25
2020,77,44,3,1
2016,13,61,4,1
2020,0,43,2,1
2018,37,71,2,1
2022,95,43,3,1
2018,0,62,4,1
2021,0,32,2,1
2016,0,49,1,0
2018,31,21,3,1
2018,35,47,4,1
2020,103,43,4,1
2021,0,33,4,1
2019,0,33,1,1
2021,73,71,4,1
2017,59,71,4,1
2015,13,61,2,0.25
2023,71,13,4,1
2023,0,66,4,1
2016,73,71,2,1
2019,59,71,4,1
2020,41,24,4,1
2022,33,43,4,1
2022,59,13,3,1
2019,73,43,4,1
2023,190,1,4,1
2019,0,73,0,1
2016,35,24,3,1
2017,0,3,3,1
2016,453,49,2,1
2018,45,14,3,0
2016,0,82,0,1
2022,0,24,3,1
2017,0,67,0,1
2021,0,33,0,1
2023,73,44,3,1
2023,0,46,0,1
2021,3,5,4,1
2022,0,23,1,1
2017,7,5,3,1
2021,91,32,3,1
2016,0,21,0,1
2023,0,25,1,1
2016,0,33,0,0.25
2019,41,49,4,0.5
2015,0,22,0,0.75
2023,0,45,2,1
2019,37,71,2,1
2023,43,14,4,1
2015,13,13,1,0
2013,0,42,0,0.75
2022,1,71,3,1
2023,0,14,0,1
2021,135,44,3,1
2022,223,44,3,1
2018,0,24,1,0
2022,105,43,4,1
2022,67,72,4,1
2018,0,25,0,1
2017,0,32,0,1
2022,57,43,3,1
2016,0,72,4,1
2015,439,49,4,0.75
2019,0,64,0,1
2021,0,71,4,1
2019,0,44,3,1
2014,127,22,3,0.25
2022,97,71,4,1
2016,39,49,3,0.75
2022,81,43,4,1
2023,39,49,3,1
2023,121,49,4,1
2020,189,34,3,1
2022,0,32,2,1
2022,439,49,3,1
2015,3,1,3,0.75
2022,0,13,0,1
2019,39,49,3,1
2019,53,33,3,1
2022,0,23,1,1
2023,97,44,3,1
2019,49,67,3,1
2023,0,62,4,1
2016,73,71,2,0
2017,113,21,4,1
2019,59,13,3,1
2018,0,3,0,1
2023,103,43,3,1
2019,49,24,4,1
2022,23,12,3,1
2015,25,3,2,0
2023,0,32,4,1
2018,25,3,2,1
2017,0,3,4,1
2019,0,14,4,1
2021,91,14,3,1
2021,47,72,4,1
2023,85,71,4,1
2017,47,13,2,1
2014,7,42,4,0.25
2021,35,24,3,1
2018,35,67,4,0.75
2018,439,49,4,1
2020,15,51,3,0
2020,103,45,3,1
2017,23,12,3,1
2022,0,23,1,1
2019,0,13,3,1
2022,0,42,0,1
2023,0,33,0,1
2022,103,13,3,1
2016,163,23,2,1
2019,0,24,4,0
2020,61,73,3,1
2016,71,43,4,1
2023,43,21,3,1
2015,0,54,1,0
2022,1,71,3,1
2019,0,62,2,1
2023,1,43,4,1
2023,125,23,4,1
2020,65,23,4,1
2015,0,45,0,0.75
2019,0,43,3,1
2016,0,25,0,0.75
2018,71,43,3,1
2016,0,46,1,0.25
2023,95,34,4,1
2018,0,40,0,1
2016,0,47,3,1
2016,21,47,4,1
2020,67,72,4,1
2022,0,44,0,1
2017,23,12,3,1
2019,11,73,4,1
2021,3,52,3,1
2022,0,13,0,1
2019,31,52,3,1
2017,37,71,4,1
2013,0,45,2,0.25
2015,0,51,0,0.25
2019,145,33,4,0.5
2021,0,64,0,1
2022,0,21,4,1
2018,0,56,0,1
2023,0,54,1,1
2017,0,31,4,1
2020,0,44,0,1
2022,0,22,0,0.25
2022,65,71,4,1
2014,37,71,2,0
2013,5,1,1,0.75
2016,71,43,3,1
2019,97,41,4,1
2018,0,46,0,1
2019,113,49,4,1
2018,41,24,4,1
2022,810,40,2,1
2018,85,47,1,1
2017,0,48,4,1
2016,99,34,3,1
2016,67,73,4,1
2022,0,44,0,1
2016,0,22,3,1
2017,0,14,3,1
2016,0,56,4,0.5
2019,0,48,4,1
2022,27,3,3,1
2018,111,51,4,0.5
2020,0,47,3,1
2018,73,71,3,0
2023,23,3,3,1
2020,91,14,3,1
2020,0,64,1,1
2018,157,54,4,1
2018,0,13,1,1
2020,67,71,2,0.75
2021,113,49,4,1
2023,13,71,3,1
2020,37,71,3,1
2017,135,49,4,1
2021,3,82,3,1
2021,61,49,4,1
2021,0,25,4,1
2018,89,21,3,0
2015,0,3,3,0
2023,0,14,0,1
2017,0,73,1,0.75
2022,0,33,0,0
2019,33,73,3,1
2017,157,49,4,1
2017,111,51,4,1
2022,31,52,3,1
2017,7,48,4,1
2021,0,47,0,1
2019,11,73,4,1
2017,0,61,1,1
2023,0,32,4,1
2020,37,54,2,1
2019,0,36,0,1
2018,0,73,1,1
2016,25,25,4,0.75
2021,101,43,3,1
2023,47,46,4,1
2021,37,71,3,1
2022,17,3,2,1
2022,0,22,0,0.25
2018,0,62,4,1
2017,0,22,0,0
2020,1,98,2,1
2018,95,43,4,1
2019,0,23,1,0.5
2020,201,49,2,1
2023,1,71,3,1
2022,3,65,4,1
2023,0,53,1,1
2023,510,52,2,1
2023,13,61,2,1
2023,0,36,1,1
2019,0,14,1,1
2023,329,49,4,1
2023,0,24,1,1
2021,0,13,2,1
2017,309,49,4,0.25
2017,0,21,4,1
2016,37,71,2,0
2019,0,53,0,1
2019,3,14,3,1
2022,0,43,3,1
2017,0,24,3,0
2021,0,42,0,1
2019,29,12,4,1
2019,97,44,3,1
2022,81,13,2,1
2020,43,14,4,1
2018,0,81,1,0
2021,125,23,3,1
2021,3,52,3,1
2019,53,33,4,1
2016,17,72,4,1
2020,5,52,3,1
2019,0,62,4,1
2021,59,13,3,1
2022,67,44,3,1
2016,35,24,3,1
2016,0,54,3,1
2017,0,3,3,1
2016,139,49,3,1
2019,7,12,4,1
2023,43,21,3,1
2016,101,43,3,1
2017,0,3,3,1
2019,0,68,1,1
2018,61,73,3,1
2016,79,25,4,1
2020,31,52,4,1
2022,67,47,4,1
2022,0,47,4,1
2016,201,49,4,1
2018,0,13,4,1
2022,61,73,3,1
2018,103,13,3,1
2013,0,54,4,0.25
2023,0,14,1,1
2016,0,13,0,0
2020,0,24,1,0.25
2022,453,49,4,1
2016,0,49,3,1
2023,0,62,2,1
2023,0,25,1,1
2017,85,71,4,1
2023,1,47,4,1
2023,65,23,4,1
2016,65,71,4,1
2020,0,48,4,1
2018,15,12,3,1
2022,37,71,2,1
2021,45,32,4,0
2020,0,3,3,1
2022,29,49,4,1
2017,3,65,4,1
2015,23,24,4,0.75
2020,197,21,3,1
2021,85,71,4,1
2021,29,49,4,1
2018,0,14,1,1
2019,485,49,4,1
2021,121,49,4,0
2016,0,21,0,0.75
2022,303,49,2,1
2022,45,14,3,1
2013,99,34,3,0.75
2023,73,71,2,1
2016,491,49,4,1
2018,0,40,3,1
2018,31,21,2,1
2023,120,1,2,1
2021,37,71,3,0
2019,33,52,3,1
2023,160,1,1,1
2017,0,31,0,1
2022,9,3,3,1
2023,0,21,0,1
2023,0,23,0,0.5
2017,0,22,0,0
2019,0,62,4,0.75
2019,0,23,4,1
2023,0,62,3,1
2016,85,71,2,1
2020,0,47,0,1
2019,0,71,4,1
2018,0,51,0,0.25
2016,0,44,0,1
2013,163,23,2,0.25
2018,113,49,2,1
2022,0,43,0,0
2022,0,62,2,1
2021,67,47,4,1
2020,39,71,4,1
2013,0,34,1,0.75
2022,0,14,3,1
2023,183,47,4,1
2014,13,61,3,0.25
2021,37,71,3,0
2021,0,43,0,1
2018,5,11,3,1
2023,11,43,3,1
2013,75,71,2,0.25
2021,163,23,3,1
2013,85,71,4,0.25
2021,37,71,3,1
2023,115,43,4,1
2022,29,13,3,1
2017,31,21,2,0.75
2017,339,49,4,1
2016,55,71,4,1
2020,31,43,2,1
2016,0,63,4,1
2019,35,24,3,1
2019,0,2,1,1
2021,453,49,2,1
2022,109,13,4,1
2021,51,44,4,1
2016,0,14,3,1
2020,0,49,1,1
2019,491,49,3,1
2023,27,3,3,1
2016,0,31,0,1
2020,57,43,4,1
2018,7,5,3,1
2014,0,31,0,0
2023,37,71,4,1
2023,439,49,4,1
2017,0,25,3,1
2020,15,51,3,1
2021,21,43,4,1
2022,67,72,4,0
2023,59,71,2,1
2020,0,35,1,1
2017,0,72,0,1
2020,0,23,3,1
2015,0,67,0,0.75
2021,47,13,2,1
2018,0,24,3,0
2018,0,71,1,1
2022,0,2,4,1
2016,1,71,4,1
2023,97,21,3,1
2022,0,49,0,1
2016,65,71,4,1
2021,0,49,0,1
2022,0,6,1,1
2017,47,13,2,1
2019,91,43,4,1
2021,103,13,3,1
2013,0,42,1,0.75
2023,87,13,3,1
2020,59,25,3,1
2018,35,67,3,1
2021,113,49,4,1
2016,0,34,0,1
2016,0,43,4,1
2021,5,13,2,1
2023,111,71,4,1
2020,0,24,1,1
2022,61,73,3,1
2023,85,49,2,0.75
2023,53,33,2,1
2016,0,51,1,1
2022,0,25,0,1
2017,123,33,2,1
2020,439,49,3,1
2018,189,34,3,1
2023,0,40,0,0
2017,0,14,4,1
2021,59,71,2,1
2022,0,71,1,1
2017,5,13,2,1
2019,37,71,2,1
2020,153,24,3,1
2018,37,71,4,1
2023,103,43,4,1
2023,25,25,3,1
2023,37,71,3,1
2023,81,13,2,1
2016,0,49,3,1
2018,71,45,2,0
2020,5,52,3,1
2020,59,13,3,1
2017,39,49,3,1
2020,0,40,0,1
2019,0,24,0,1
2023,33,73,4,1
2019,13,61,4,1
2017,453,49,4,1
2022,23,3,3,1
2018,0,49,1,1
2021,0,3,2,1
2019,0,49,0,1
2021,3,14,3,1
2019,47,72,4,0.5
2016,0,3,2,1
2023,223,44,3,1
2020,31,21,2,0
2022,37,12,3,1
2022,0,3,0,1
2019,31,21,2,1
2018,113,49,4,1
2022,0,14,1,1
2019,0,54,0,1
2019,3,12,3,1
2018,103,43,3,1
2017,163,31,4,1
2019,111,43,4,0
2023,0,52,4,1
2016,0,35,1,1
2023,1,71,3,1
2023,0,53,0,1
2022,27,12,3,1
2014,35,24,3,0.75
2013,3,14,2,0.25
2017,113,49,4,1
2021,3,22,4,1
2020,23,12,3,1
2018,67,72,3,1
2019,157,22,4,1
2023,11,43,3,1
2021,27,49,4,1
2023,0,44,0,1
2020,37,71,3,1
2023,103,43,4,1
2023,1,43,4,1
2023,59,51,4,1
2017,81,23,4,1
2016,39,72,3,1
2022,3,14,3,1
2023,119,42,4,1
2021,0,3,2,1
2022,197,21,4,1
2020,0,51,0,0.5
2013,0,53,4,0.75
2022,31,21,4,1
2019,37,71,3,1
2017,53,73,2,1
2022,31,12,3,1
2019,85,71,2,1
2020,37,71,3,0.75
2023,3,52,3,1
2018,59,13,3,1
2017,85,49,2,1
2016,31,43,2,1
2018,0,64,0,1
2022,201,49,4,1
2016,91,49,4,1
2019,201,49,4,1
2022,15,61,4,1
2022,0,43,3,1
2023,59,71,3,1
2023,37,71,4,0.75
2018,19,71,4,1
2022,113,49,4,1
2017,47,71,3,1
2023,5,12,3,1
2018,0,4,4,1
2022,111,43,4,1
2020,91,14,3,0.5
2017,0,56,0,0
2021,57,24,3,1
2018,0,43,3,1
2023,29,49,4,1
2018,17,53,4,1
2017,0,67,0,1
2017,165,54,3,1
2022,31,52,3,1
2017,13,61,2,1
2023,13,12,3,1
2023,59,71,3,1
2022,113,43,3,1
2021,37,71,3,1
2020,99,23,4,0
2021,215,49,4,0
2016,453,49,4,1
2020,19,21,4,1
2021,367,49,3,1
2022,1,71,4,1
2023,0,14,1,0
2021,0,40,4,1
2014,0,47,1,0.75
2021,0,82,0,1
2018,73,71,3,1
2017,61,43,4,1
2017,0,3,3,1
2021,0,42,4,1
2019,0,41,4,1
2017,0,63,0,1
2022,13,12,3,1
2018,0,44,1,1
2017,71,71,3,1
2022,31,21,2,1
2016,99,23,3,1
2019,99,43,3,1
2016,13,61,2,0.75
2022,85,13,2,0.5
2022,33,46,3,1
2018,59,13,3,0
2016,101,14,2,1
2022,0,53,1,1
2023,25,25,4,1
2013,31,21,2,0.25
2023,25,12,3,1
2023,3,65,2,1
2017,0,14,0,0
2020,163,21,3,1
2018,0,53,0,1
2017,85,47,1,1
2022,31,21,4,1
2023,0,66,1,1
2018,0,22,0,1
2018,0,24,4,1
2023,0,24,1,0
2023,37,71,4,1
2019,183,47,4,1
2017,0,40,3,1
2017,0,62,4,1
2017,0,25,1,1
2016,183,47,4,1
2023,25,12,3,1
2017,0,47,0,1
2014,157,22,4,0
2019,3,14,3,1
2020,31,43,4,1
2023,189,34,3,1
2019,141,22,4,1
2022,161,23,3,1
2019,0,24,1,1
2020,0,25,1,1
2023,65,23,4,0
2016,59,71,4,1
2021,0,3,4,1
2018,0,13,0,1
2018,99,43,4,1
2018,0,33,0,1
2015,0,25,0,0.25
2022,0,33,1,1
2015,0,13,3,0
2020,0,32,1,1
2022,0,14,3,1
2019,0,73,1,1
2017,35,67,3,1
2018,51,48,4,1
2021,0,14,0,1
2022,0,31,4,0
2016,17,24,3,0
2021,0,63,3,1
2022,65,71,3,0
2019,0,47,0,1
2017,201,49,4,1
2021,0,40,0,1
2021,37,71,3,1
2016,33,73,4,1
2013,0,32,1,0.25
2016,9,5,3,1
2019,0,71,1,1
2021,75,71,2,1
2016,0,32,4,1
2019,107,71,4,1
2023,0,14,1,1
2022,75,71,2,0.5
2019,0,24,1,1
2018,11,1,4,1
2021,85,71,2,1
2019,33,73,3,1
2015,0,72,1,0.25
2021,183,47,4,1
2018,375,49,4,1
2018,11,43,3,1
2019,0,44,2,1
2021,55,35,4,1
2017,0,13,4,1
2018,201,49,4,1
2018,85,49,3,1
2022,17,3,3,1
2022,7,71,4,0.5
2015,0,41,0,0.75
2018,121,49,3,1
2023,0,61,0,1
2022,67,47,4,1
2019,73,71,2,1
2022,0,40,0,1
2016,0,23,1,1
2022,3,65,3,1
2013,29,71,4,0.75
2021,0,44,0,1
2022,29,12,3,1
2020,0,62,1,1
2018,111,51,4,1
2020,17,14,3,1
2014,81,13,2,0.25
2016,251,49,3,1
2019,95,34,3,1
2017,37,71,2,1
2018,135,49,4,1
2020,0,23,1,0.25
2022,117,51,3,1
2019,41,12,3,1
2023,11,2,1,1
2023,85,71,4,1
2019,103,13,3,1
2022,33,73,4,1
2023,31,12,3,1
2018,59,13,3,1
2019,0,54,0,1
2018,0,46,1,1
2013,49,66,4,0
2017,0,67,3,1
2017,0,23,0,1
2014,0,43,3,0
2020,339,49,4,1
2021,61,73,3,1
2020,0,49,0,1
2023,59,71,4,1
2023,41,49,4,1
2023,3,65,4,1
2016,113,49,4,0.75
2022,0,13,4,1
2021,33,52,3,1
2016,63,44,3,1
2020,31,21,4,1
2018,0,14,0,1
2023,71,43,3,1
2018,0,3,2,0
2022,85,71,4,0.75
2023,0,66,1,0
2018,0,4,2,1
2019,0,34,1,1
2016,0,43,4,0
2017,29,49,2,0.5
2019,0,34,4,1
2020,0,46,1,0.25
2016,91,32,3,1
2016,1,1,4,1
2016,3,65,4,1
2019,0,56,4,1
2018,439,49,4,1
2013,31,43,2,0.25
2017,3,1,3,1
2020,0,49,1,0
2023,0,13,3,1
2017,73,71,3,0.5
2016,0,23,1,1
2018,0,44,1,1
2021,0,48,0,1
2020,0,41,3,1
2023,0,44,0,1
2019,0,31,0,1
2018,69,62,4,1
2020,9,5,3,1
2018,0,62,3,1
2022,113,49,4,1
2018,1,71,4,1
2019,201,49,4,1
2023,57,73,4,0.75
2020,95,71,4,1
2021,111,71,4,1
2018,97,22,4,1
2016,1,71,4,1
2017,9,43,4,1
2021,157,49,4,1
2021,93,23,3,1
2023,75,14,4,1
2017,0,44,4,1
2022,3,14,3,1
2022,67,44,4,1
2022,0,61,3,1
2014,0,31,0,0.75
2018,0,47,0,0
2022,57,67,4,1
2020,201,49,4,1
2019,0,32,1,1
2019,0,43,4,1
2018,111,51,4,1
2019,0,43,3,1
2023,27,12,3,1
2022,0,32,1,1
2016,31,21,2,1
2023,0,32,4,1
2021,0,46,3,1
2020,0,32,4,1
2018,45,14,3,0
2018,59,13,3,1
2023,85,13,2,1
2018,87,71,4,1
2020,0,32,1,1
2019,0,54,1,1
2018,0,33,0,0
2023,59,71,4,1
2018,13,71,3,1
2023,0,44,0,1
2020,0,53,1,1
2022,107,40,3,1
2015,101,14,2,0.75
2017,37,71,3,1
2016,73,71,2,1
2023,31,21,4,0.75
2023,113,49,2,1
2017,163,23,3,1
2017,0,44,0,1
2022,13,61,4,1
2021,0,14,1,1
2021,0,44,1,1
2022,119,13,4,0
2017,37,71,4,1
2022,0,31,1,1
2015,85,71,4,0.25
2021,37,71,3,1
2013,0,31,4,0.25
2022,93,54,4,1
2020,47,71,4,1
2020,87,13,3,1
2021,37,71,3,1
2018,0,62,4,1
2023,11,43,3,1
2018,183,47,4,1
2016,0,63,1,1
2020,0,48,4,0
2021,55,35,4,1
2022,85,71,2,1
2013,0,31,4,0.75
2020,67,71,4,1
2022,85,13,2,1
2021,47,13,2,1
2015,0,41,0,0.25
2022,0,43,0,1
2023,83,71,4,1
2021,0,68,1,1
2020,53,33,2,1
2013,0,43,3,0.25
2018,55,35,4,1
2019,95,43,4,1
2019,31,21,3,1
2020,0,23,1,0
2019,29,12,3,1
2017,57,47,4,1
2022,89,22,3,1
2021,5,61,4,1
2013,0,45,4,0.25
2020,0,48,3,1
2021,73,71,4,1
2017,19,14,3,1
2018,0,47,0,1
2023,45,24,4,1
2019,0,45,3,0
2022,63,22,3,1
2021,125,23,3,1
2014,0,53,2,0
2018,0,43,3,1
2013,37,71,4,0.75
2023,0,13,0,1
2017,0,24,1,0.5
2021,0,44,0,1
2023,135,44,3,1
2017,83,43,4,1
2019,97,43,3,1
2016,0,48,3,0.5
2023,0,33,1,1
2019,1,71,4,1
2021,87,13,3,1
2023,87,71,4,0
2016,19,72,1,1
2018,31,71,4,1
2023,153,24,4,1
2020,7,12,3,1
2023,0,33,0,1
2018,0,2,1,1
2021,0,33,1,1
2022,27,3,3,1
2020,1,71,3,1
2016,0,43,4,1
2018,0,40,3,1
2018,20,81,2,1
2016,37,71,3,1
2023,55,71,4,1
2020,0,25,0,1
2022,0,24,4,1
2021,19,34,4,1
2020,99,34,3,0
2018,41,49,4,0
2020,0,45,3,1
2019,0,43,0,0
2016,91,32,3,1
2016,77,73,3,0.75
2018,111,71,4,1
2018,57,43,4,1
2019,0,25,1,1
2013,0,14,4,0
2016,79,25,4,0.75
2023,81,71,4,0.5
2016,81,23,4,1
2022,107,40,3,1
2013,49,24,4,0.25
2020,0,21,0,1
2015,0,54,0,0
2021,0,13,3,1
2021,11,43,4,1
2017,95,43,3,1
2022,0,54,0,1
2021,37,71,3,1
2016,41,49,4,0.25
2023,0,34,0,0
2017,0,44,4,1
2014,71,14,3,0.25
2023,3,65,2,1
2018,0,46,2,1
2022,0,54,1,1
2018,59,13,3,1
2021,37,71,3,1
2016,81,13,2,1
2021,0,73,1,1
2018,117,51,3,1
2021,31,21,2,1
2023,245,44,2,1
2021,81,13,2,1
2016,71,13,3,1
2020,43,21,3,1
2018,113,24,3,0.5
2016,0,22,3,1
2021,17,36,4,1
2023,111,21,3,1
2021,73,73,4,1
2021,439,49,4,1
2022,65,71,2,1
2019,35,24,2,1
2017,0,34,0,0
2017,157,54,4,0
2019,183,34,3,1
2013,157,54,4,0
2018,47,13,2,1
2020,25,12,3,1
2016,73,71,2,1
2019,59,71,3,1
2016,37,71,3,1
2021,25,12,3,1
2021,81,13,2,1
2019,57,43,3,1
2017,0,62,4,1
2023,439,49,4,1
2023,123,62,4,1
2022,139,25,4,1
2016,0,45,0,1
2017,0,23,1,1
2018,147,47,4,1
2013,0,24,4,0.75
2022,0,40,4,0.5
2016,11,43,4,1
2021,41,12,3,0
2017,13,61,4,1
2018,0,44,2,1
2017,0,56,0,1
2019,49,24,2,1
2020,0,33,1,1
2019,99,23,3,1
2022,479,49,2,1
2023,99,23,3,1
2016,0,21,0,1
2020,0,2,3,1
2022,145,23,4,1
2019,99,71,4,1
2018,157,54,4,1
2022,0,22,0,1
2018,0,40,0,1
2015,0,25,0,0
2019,37,71,2,1
2016,121,49,4,1
2017,0,13,3,1
2021,65,71,3,1
2016,117,51,3,1
2019,0,13,3,1
2020,0,47,0,0
2018,0,61,0,1
2016,31,21,2,1
2018,21,12,3,1
2020,0,51,3,1
2022,1,71,4,0
2017,115,21,4,1
2020,79,25,4,0
2020,1,71,4,1
2021,67,47,4,1
2019,49,24,4,1
2022,9,3,3,0.5
2021,93,24,3,1
2018,0,73,0,1
2016,0,47,0,1
2023,0,72,3,1
2016,13,61,4,1
2023,0,22,1,1
2018,1,98,2,1
2020,0,47,0,1
2018,143,21,4,1
2019,0,49,1,1
2020,75,13,3,0.75
2019,0,22,0,1
2017,0,23,1,1
2022,97,71,3,1
2018,47,13,2,1
2019,0,40,3,1
2018,439,49,3,1
2023,97,71,4,1
2018,0,41,1,0
2020,37,71,2,1
2022,0,46,3,1
2019,0,48,4,1
2019,201,49,4,1
2017,439,49,3,1
2016,0,47,0,1
2019,5,12,3,1
2019,29,14,3,1
2020,33,73,2,1
2020,0,45,0,1
2018,11,43,4,1
2020,0,51,1,1
2019,0,3,3,1
2021,1,71,4,1
2019,3,14,3,1
2018,9,43,4,1
2023,83,43,3,0
2021,5,12,3,1
2022,0,2,0,0
2014,0,62,4,0
2023,0,62,4,1
2022,33,73,2,1
2021,5,13,2,1
2018,0,51,0,1
2016,25,25,4,1
2017,111,71,4,0.5
2018,61,13,2,1
2018,0,31,0,1
2020,83,13,4,1
2019,0,73,1,1
2021,13,61,3,1
2021,0,3,3,1
2018,0,41,1,1
2017,53,73,2,1
2021,99,23,3,1
2022,5,43,4,1
2019,33,73,3,1
2022,57,43,3,1
2018,47,13,2,0.75
2017,81,13,2,1
2021,1,98,2,1
2016,439,49,4,0.75
2017,0,54,0,1
2016,87,25,4,1
2023,61,73,4,1
2023,13,61,3,1
2014,700,40,2,0.75
2019,85,49,3,1
2015,201,49,4,0
2019,3,14,3,0.5
2017,0,14,4,1
2015,85,71,4,0.75
2022,0,14,1,0
2022,0,41,4,1
2019,65,71,3,1
2016,103,13,3,1
2023,153,24,3,1
2017,13,61,3,0.5
2016,21,44,4,1
2021,81,13,2,1
2019,101,14,2,1
2017,37,71,4,1
2021,13,61,2,1
2019,71,43,4,1
2021,97,22,4,1
2023,0,49,1,0
2021,31,65,4,1
2015,145,33,4,0
2020,41,24,4,1
2021,47,13,2,1
2020,0,73,0,0.75
2023,0,40,2,1
2017,89,71,4,1
2017,0,51,1,1
2022,89,22,3,1
2017,95,43,4,1
2013,0,37,1,0.75
2019,117,43,3,1
2023,29,49,4,1
2020,39,72,4,1
2016,179,54,4,1
2018,103,24,3,0.75
2017,59,71,4,0
2021,31,52,4,1
2016,125,23,3,1
2019,11,43,3,1
2020,3,12,3,0.5
2023,101,43,3,1
2016,0,6,1,1
2021,0,25,1,1
2017,113,49,2,1
2014,55,71,4,0
2021,57,43,3,1
2023,17,3,2,1
2016,91,43,4,1
2017,3,65,4,1
2018,47,13,2,1
2020,91,14,3,0
2020,19,47,3,1
2015,0,43,3,0.75
2020,15,44,3,1
2021,0,23,0,1
2023,125,23,4,1
2016,0,24,1,1
2019,25,71,4,1
2023,61,13,2,1
2017,0,21,0,1
2023,0,14,3,1
2022,0,22,1,1
2020,61,24,4,0
2023,103,13,3,1
2018,0,14,3,1
2019,85,71,2,1
2018,0,44,2,1
2018,0,23,1,1
2018,0,40,4,1
2021,111,43,4,1
2020,0,64,0,0.5
2018,23,12,3,0.5
2016,77,71,3,1
2021,0,35,1,0.75
2023,0,44,0,1
2018,0,67,0,0.5
2018,0,3,3,1
2013,0,35,0,0.75
2018,0,33,0,1
2017,367,49,3,1
2016,1,98,2,1
2016,550,40,3,1
2018,67,71,4,0
2018,43,14,3,1
2016,37,71,2,1
2016,71,43,4,0.25
2019,31,21,2,1
2023,190,1,3,1
2021,31,52,4,1
2016,1,1,4,1
2021,37,71,3,1
2020,0,21,0,1
2020,61,73,4,1
2023,0,43,3,1
2015,0,46,0,0.75
2021,0,66,4,1
2021,95,71,4,1
2016,43,66,3,1
2018,31,21,2,1
2017,67,71,2,1
2017,31,21,3,1
2015,0,63,4,0
2016,0,53,4,1
2019,0,33,1,1
2017,0,43,4,1
2023,61,13,2,1
2020,0,14,0,1
2017,65,71,3,1
2023,125,54,4,1
2019,3,82,4,1
2017,67,44,3,1
2021,35,73,4,1
2015,59,13,3,0.25
2017,0,40,0,1
2022,510,52,2,1
2023,65,71,3,1
2019,87,25,4,1
2018,0,40,0,1
2017,169,24,1,1
2019,0,54,0,1
2021,0,48,4,1
2013,7,5,3,0
2022,73,71,2,1
2023,31,21,3,1
2016,13,61,3,1
2017,0,40,4,1
2022,35,12,3,1
2018,0,49,1,1
2019,187,49,4,1
2022,89,44,3,0.75
2018,0,71,1,1
2019,37,12,3,1
2020,0,3,3,1
2016,3,82,2,1
2016,201,49,4,1
2019,0,53,4,1
2019,0,47,0,1
2016,35,24,3,1
2019,0,42,4,1
2018,0,23,1,1
2018,0,45,4,1
2021,67,71,2,1
2016,0,46,1,1
2017,0,25,0,1
2018,0,51,1,1
2019,0,31,0,1
2016,13,61,2,1
2016,61,13,2,1
2016,0,43,3,1
2017,57,43,4,1
2020,3,33,3,1
2021,0,54,0,0.75
2023,0,44,3,0
2021,31,21,2,0
2018,37,71,3,1
2021,3,65,4,1
2019,117,44,3,1
2017,157,49,4,1
2018,59,71,3,1
2016,103,31,4,1
2021,73,71,4,1
2013,0,62,1,0.75
2017,37,71,4,1
2022,0,2,0,1
2018,0,31,0,1
2019,141,49,2,1
2017,13,61,4,1
2017,43,21,3,1
2014,0,44,0,0.75
2017,0,41,1,1
2019,29,14,3,1
2020,11,67,3,1
2017,141,49,4,1
2016,37,71,3,1
2020,0,13,4,1
2023,151,44,3,1
2020,0,33,0,1
2014,29,49,4,0.25
2019,0,71,1,1
2023,0,62,2,1
2019,103,43,2,1
2022,107,14,1,1
2014,0,63,3,0.25
2017,71,13,3,1
2023,0,25,0,1
2023,0,47,1,0
2016,0,63,0,0.75
2014,31,21,2,0
2021,41,49,4,1
2021,25,3,2,1
2021,0,49,1,0.5
2021,0,42,1,1
2022,0,42,4,1
2018,157,49,4,1
2023,39,12,3,1
2023,0,54,4,1
2020,0,34,3,1
2019,67,44,3,1
2019,9,1,3,1
2023,37,71,2,1
2019,111,43,4,1
2016,201,49,4,1
2021,31,21,3,1
2021,0,40,3,1
2023,183,47,4,1
2016,35,47,4,1
2018,0,3,3,1
2022,37,71,4,1
2016,0,31,0,1
2021,81,47,4,1
2023,63,48,3,1
2023,163,33,3,1
2021,0,40,4,1
2014,119,42,4,0.25
2017,135,44,3,1
2017,147,47,4,1
2021,0,44,2,0.5
2017,0,23,3,0.75
2019,0,24,4,1
2023,0,43,3,1
2022,0,66,3,1
2021,201,49,4,1
2020,3,82,3,1
2020,43,66,3,1
2020,453,49,2,1
2017,0,43,3,1
2022,13,61,4,1
2019,0,41,4,1
2023,0,34,0,0.75
2021,0,51,3,1
2017,0,43,4,0.75
2020,103,13,3,1
2022,103,13,3,1
2023,0,4,1,0.75
2017,25,3,2,0
2020,0,25,0,0.75
2023,73,73,3,1
2023,65,71,4,1
2017,89,21,4,1
2022,1,71,4,0
2018,85,47,1,1
2019,0,49,1,0.5
2018,47,13,2,1
2021,59,13,3,0.75
2020,47,13,2,1
2020,1,98,2,1
2023,0,72,4,1
2020,77,73,3,1
2017,0,62,4,1
2018,99,43,3,1
2016,29,13,4,1
2013,163,23,3,0.75
2018,0,25,0,1
2020,27,12,3,1
2021,163,23,3,1
2020,3,3,4,1
2021,0,51,1,1
2023,37,71,3,1
2017,0,24,1,1
2023,0,62,4,1
2023,37,71,4,1
2018,141,49,4,1
2021,0,48,3,1
2021,61,73,3,0.5
2022,99,23,3,1
2016,183,34,3,1
2019,0,62,4,1
2019,7,12,3,1
2017,55,71,4,1
2018,21,14,4,1
2017,31,21,2,1
2016,0,62,4,1
2022,0,37,0,0.75
2022,0,73,0,1
2013,0,32,1,0.75
2020,37,71,3,1
2016,19,12,3,1
2023,0,47,1,0
2020,3,41,4,1
2018,35,24,3,1
2021,59,13,3,1
2016,113,49,2,1
2017,17,12,3,1
2019,0,31,0,1
2022,0,14,3,1
2021,11,43,4,1
2020,87,13,3,0.25
2021,0,24,0,1
2018,59,13,3,1
2023,139,49,3,1
2022,0,31,0,1
2018,0,48,3,1
2022,1,71,3,1
2017,97,71,4,1
2015,0,3,3,0.25
2018,183,47,4,1
2023,119,47,4,1
2021,23,12,3,1
2022,183,34,4,1
2016,201,49,3,1
2019,25,12,3,1
2015,13,61,3,0.25
2022,0,45,3,1
2019,111,51,4,1
2023,0,40,3,0.75
2020,0,22,1,1
2015,43,66,3,0.25
2021,67,71,4,1
2015,37,71,3,0.75
2018,47,13,2,0.75
2023,49,67,2,1
2016,0,81,0,1
2019,1,71,4,0.5
2020,0,62,4,0
2017,27,12,3,1
2021,27,61,4,1
2023,183,47,4,1
2019,0,13,4,1
2018,67,72,4,1
2023,73,71,4,1
2018,59,71,4,0.75
2016,59,71,4,0.75
2023,81,13,2,1
2023,0,44,1,1
2016,29,71,4,1
2017,163,23,4,1
2019,37,54,4,1
2019,151,44,3,1
2015,510,40,2,0.75
2022,37,71,3,1
2020,119,21,3,1
2021,3,65,4,1
2019,111,71,4,1
2019,0,54,0,1
2023,0,23,1,1
2022,67,71,4,1
2020,49,24,4,1
2018,71,13,3,0.5
2018,187,49,4,1
2019,0,47,1,1
2014,25,71,4,0.25
2022,0,34,1,1
2022,0,6,0,1
2023,0,54,0,1
2016,71,43,3,1
2019,17,14,3,1
2022,0,46,1,1
2020,65,71,3,1
2013,0,40,3,0.25
2022,201,49,4,1
2021,13,61,2,1
2019,0,14,1,1
2020,0,46,3,1
2023,13,61,4,1
2019,11,1,4,1
2021,0,42,1,1
2018,0,13,3,1
2022,29,13,3,0.75
2018,33,52,3,1
2022,43,14,3,1
2022,0,13,0,1
2020,11,43,4,1
2023,0,63,4,1
2023,123,33,2,1
2016,0,51,0,1
2018,67,71,3,1
2017,0,47,1,1
2020,0,3,4,1
2017,0,56,0,1
2022,77,23,3,1
2019,0,34,1,1
2017,117,43,3,1
2017,13,61,3,1
2016,39,12,3,1
2021,11,73,2,0
2020,33,73,2,1
2019,15,12,3,1
2021,19,14,3,1
2021,39,12,3,0.75
2014,0,31,0,0.25
2018,0,6,4,1
2022,0,44,1,1
2013,83,13,4,0.75
2018,11,43,3,0.5
2021,197,21,3,1
2013,55,13,2,0.25
2023,0,62,3,1
2020,81,47,4,1
2019,65,71,3,1
2019,121,23,4,1
2023,309,49,4,1
2017,59,71,4,1
2022,0,14,1,1
2016,201,49,4,1
2019,111,51,4,1
2018,21,43,3,0.75
2019,0,3,3,1
2013,71,43,3,0.75
2019,71,71,4,0
2023,73,71,2,0
2021,113,49,4,1
2020,133,14,4,1
2018,3,65,4,1
2021,43,21,4,1
2023,0,73,1,1
2021,0,49,0,0.75
2023,127,43,4,1
2022,0,48,0,1
2022,0,62,2,1
2019,1,13,3,0.5
2019,71,14,4,1
2020,0,51,0,0.5
2019,67,72,4,1
2023,3,82,3,1
2019,0,48,1,1
2014,133,25,4,0.25
2016,0,41,0,1
2022,0,24,3,1
2021,19,71,4,1
2019,0,21,0,1
2018,109,53,4,1
2020,37,71,4,1
2023,51,47,4,1
2014,0,51,1,0.25
2023,17,45,4,0
2019,101,14,2,1
2017,0,13,3,1
2022,0,31,1,1
2019,0,43,0,0
2013,13,13,1,0.75
2021,29,14,3,1
2019,99,43,4,1
2015,0,48,4,0.75
2017,0,23,1,1
2019,1,71,4,1
2021,37,33,3,1
2021,91,21,4,1
2017,0,3,3,1
2019,87,40,3,1
2019,201,49,2,0
2019,65,71,3,1
2022,165,24,3,1
2013,65,71,3,0.75
2017,0,62,4,1
2022,0,49,0,1
2017,31,52,4,1
2019,71,45,2,1
2022,57,73,4,1
2016,0,24,3,1
2014,0,22,1,0
2018,439,49,4,1
2020,31,43,2,1
2017,0,24,4,1
2018,13,61,4,1
2016,0,46,0,1
2022,0,43,3,1
2021,17,12,3,1
2022,0,25,0,1
2023,49,24,4,1
2018,0,62,4,1
2019,167,21,4,1
2018,0,43,4,1
2021,0,72,1,1
2022,0,41,0,0.5
2022,201,49,4,1
2022,0,32,1,1
2022,19,71,4,1
2017,85,71,2,0.5
2013,5,52,3,0.75
2022,0,25,0,1
2022,17,53,4,1
2023,111,71,4,1
2016,115,43,4,1
2019,0,3,3,1
2019,0,13,3,1
2016,0,34,4,0.75
2013,0,40,0,0.75
2021,0,72,0,0.75
2019,0,67,1,1
2014,19,47,3,0.25
2015,0,33,1,0
2020,3,82,3,1
2023,37,71,3,1
2022,0,21,4,1
2020,0,46,2,1
2022,0,56,0,0
2016,0,49,0,1
2019,103,43,4,1
2019,0,44,4,1
2022,33,73,4,1
2018,0,53,0,1
2023,0,44,0,1
2018,3,14,3,1
2019,1,98,2,1
2021,77,23,2,1
2021,71,13,3,1
2018,113,24,4,0
2017,85,71,2,1
2023,1,71,4,1
2023,33,73,4,1
2017,0,40,4,1
2017,27,14,4,1
2022,0,12,3,1
2022,1,71,4,1
2023,0,40,0,1
2021,3,1,4,1
2018,0,49,4,1
2016,29,49,2,1
2018,0,24,1,1
2021,29,71,4,1
2017,89,24,3,1
2023,329,49,4,0.5
2020,0,22,1,1
2021,0,46,1,0
2022,1,71,2,1
2021,37,71,4,0
2020,0,68,0,0
2017,0,35,0,1
2022,0,24,1,1
2018,157,49,4,1
2020,3,14,3,1
2023,37,71,4,1
2020,0,21,0,1
2019,0,14,1,1
2022,83,48,4,0.75
2020,0,56,0,1
2023,0,54,3,0
2013,97,21,3,0.25
2019,0,54,4,1
2022,0,21,0,1
2017,73,71,4,1
2022,0,37,0,1
2022,29,49,4,1
2014,85,14,3,0.75
2017,121,49,3,1
2020,37,33,3,0
2018,7,5,3,1
2023,1,71,2,1
2020,163,23,3,1
2020,17,14,3,1
2019,103,43,2,1
2018,0,4,4,1
2023,0,62,4,1
2022,73,71,4,1
2020,111,43,4,1
2018,61,73,3,0
2017,25,12,3,1
2016,0,24,3,1
2018,79,25,2,1
2020,0,56,1,1
2023,19,48,4,1
2022,75,13,3,1
2023,37,71,3,1
2020,0,73,0,1
2021,7,5,3,1
2022,113,43,3,1
2023,0,2,0,1
2021,77,23,3,1
2020,157,54,4,1
2018,510,52,2,1
2022,3,52,3,1
2022,19,47,3,1
2014,0,23,1,0.75
2017,99,71,4,1
2020,37,71,2,1
2018,83,71,4,0.75
2017,55,35,4,1
2015,0,61,3,0
2023,11,2,1,1
2018,57,43,3,1
2021,5,12,3,0
2023,67,72,4,1
2023,83,48,4,0.5
2019,157,54,4,1
2016,0,48,1,1
2016,71,71,4,1
2021,0,22,1,1
2017,17,43,4,1
2016,121,49,4,1
2020,113,49,4,1
2018,309,49,4,1
2021,0,67,0,1
2018,21,43,3,1
2022,0,44,0,1
2022,21,3,3,1
2020,135,44,3,1
2017,0,32,1,1
2023,65,71,2,1
2019,85,71,4,1
2023,0,43,0,1
2021,0,40,2,1
2017,167,21,4,0.5
2016,19,71,3,0
2018,0,41,1,1
2022,0,49,1,1
2023,85,71,2,1
2019,0,46,1,1
2022,121,44,4,1
2023,201,49,4,1
2022,87,40,3,1
2022,25,12,3,1
2019,0,67,0,1
2021,67,44,3,1
2019,21,47,4,1
2023,0,32,4,1
2021,5,12,3,1
2018,0,44,1,1
2018,0,35,0,1
2017,0,31,0,1
2023,61,13,2,0
2018,31,21,2,1
2015,95,22,4,0.25
2018,0,72,4,1
2022,31,21,3,1
2022,0,43,3,1
2022,61,13,2,0
2016,75,71,2,1
2023,0,43,4,1
2018,510,40,2,1
2019,121,49,3,1
2019,0,33,0,1
2020,355,49,4,1
2020,439,49,4,1
2016,65,54,4,1
2023,0,51,0,1
2017,65,71,4,1
2013,700,40,2,0.75
2020,11,67,4,1
2018,25,12,3,1
2019,107,40,3,1
2023,95,71,4,1
2023,81,71,4,1
2019,0,62,2,0
2017,31,21,2,1
2020,0,3,3,1
2023,31,21,3,1
2023,63,44,3,1
2021,0,22,0,1
2023,0,31,0,1
2018,5,52,3,1
2015,0,62,1,0.75
2018,201,49,4,1
2018,1,98,2,1
2016,0,3,3,1
2022,91,14,3,1
2020,55,71,4,1
2021,149,54,4,1
2016,550,40,3,1
2019,111,51,4,1
2018,491,49,4,1
2017,5,61,4,1
2017,189,34,3,1
2018,0,73,1,1
2020,0,47,0,1
2017,13,71,3,1
2023,0,51,0,0.5
2016,0,35,1,1
2023,17,12,3,1
2023,91,32,4,1
2016,25,12,3,1
2018,103,43,4,1
2016,0,48,3,0.75
2022,115,43,4,1
2017,0,13,0,1
2023,0,24,3,1
2021,163,23,3,1
2021,0,62,4,1
2016,133,25,3,1
2022,201,49,4,1
2020,201,49,3,1
2018,0,49,0,1
2023,0,61,4,1
2016,47,13,2,1
2016,0,47,3,1
2020,0,64,0,1
2023,103,43,4,1
2017,5,52,3,0.75
2018,0,66,4,1
2023,13,40,2,1
2017,31,21,4,1
2021,57,43,3,1
2016,35,24,3,0
2016,77,71,3,1
2021,0,31,0,1
2018,37,71,2,1
2017,0,54,0,1
2023,0,43,4,1
2016,0,22,0,1
2021,0,40,3,1
2020,0,54,0,1
2016,0,49,0,0
2019,31,52,3,1
2021,491,49,4,1
2023,0,54,4,1
2020,0,33,0,1
2021,0,48,4,0.5
2016,0,13,0,1
2018,59,71,4,1
2019,37,71,3,1
2013,103,43,4,0.75
2019,0,45,0,1
2016,15,52,3,1
2021,47,13,2,1
2016,0,73,4,1
2019,0,43,3,1
2021,163,23,3,1
2016,0,24,1,1
2018,53,33,4,1
2019,189,34,3,1
2022,0,63,0,1
2019,0,33,0,1
2023,201,49,4,1
2018,9,1,3,1
2018,0,47,4,1
2018,0,21,0,1
2018,0,62,4,1
2023,0,49,0,1
2016,0,14,3,1
2018,81,13,2,1
2022,37,71,3,1
2018,0,41,4,0.5
2023,0,43,0,1
2018,37,71,3,1
2023,99,43,4,1
2017,0,21,1,1
2018,201,49,4,1
2021,37,71,3,1
2015,85,13,2,0
2015,163,23,2,0.25
2018,61,13,2,1
2018,0,62,4,1
2022,3,14,2,1
2022,81,13,2,1
2020,0,3,4,1
2021,153,35,3,1
2020,163,23,4,1
2022,125,54,4,1
2015,0,53,0,0.25
2023,21,43,4,0.5
2017,57,43,3,1
2018,215,49,3,1
2018,3,82,3,1
2015,1,71,3,0.75
2020,0,66,0,1
2016,81,13,2,1
2023,93,23,3,1
2017,0,56,0,1
2023,0,34,1,1
2023,0,73,0,1
2019,21,12,3,1
2017,0,14,0,0
2016,0,40,3,1
2023,61,73,3,1
2023,491,49,4,1
2015,0,32,0,0.75
2021,37,71,2,1
2017,27,49,4,0
2023,71,71,3,1
2019,87,13,3,1
2020,0,47,1,0
2023,17,12,2,1
2018,17,14,3,1
2017,1,2,4,1
2019,0,32,1,0.75
2023,35,67,4,1
2020,0,73,4,1
2022,143,53,4,1
2023,39,22,4,1
2022,5,13,2,0
2021,13,71,3,1
2021,0,62,4,1
2020,0,54,4,1
2023,47,13,2,1
2022,25,52,3,1
2020,0,3,4,0
2018,0,41,0,1
2021,0,62,3,1
2023,0,31,0,1
2023,0,47,4,0
2018,33,52,3,1
2013,93,24,3,0.75
2023,143,53,4,0.25
2021,5,13,2,1
2023,29,14,3,0
2019,251,49,3,1
2022,51,72,2,1
2018,37,71,3,1
2016,119,47,2,1
2017,51,72,4,1
2023,41,71,4,0
2021,0,72,4,1
2023,190,1,3,1
2020,0,49,0,1
2019,0,49,0,1
2020,39,22,4,1
2019,139,49,3,1
2021,0,53,0,1
2016,0,22,0,1
2019,59,71,3,1
2017,453,49,2,1
2021,93,24,4,1
2021,59,71,4,1
2022,29,49,4,1
2017,0,33,1,1
2022,453,49,2,0
2016,31,21,2,1
2020,87,40,3,1
2019,31,21,3,1
2023,29,12,3,1
2019,37,71,3,1
2021,97,21,3,1
2015,0,24,1,0.25
2023,127,25,1,1
2018,103,24,3,1
2016,157,54,4,1
2019,37,71,2,1
2019,0,25,4,1
2020,0,22,1,1
2019,95,34,3,1
2021,107,40,3,1
2016,37,71,3,1
2019,0,14,0,1
2018,510,52,2,1
2023,37,71,4,1
2016,95,22,4,1
2017,55,41,4,0.75
2023,0,4,3,1
2018,29,49,4,1
2018,37,71,3,1
2016,0,23,0,0
2023,91,32,4,1
2018,67,44,3,1
2018,5,13,2,1
2018,39,12,3,0
2018,89,22,3,1
2017,57,24,3,1
2022,37,71,3,1
2021,0,43,4,1
2023,7,12,3,1
2017,23,12,3,1
2016,201,49,3,1
2020,0,62,3,1
2020,147,23,3,1
2017,0,47,3,1
2023,31,21,4,1
2020,103,13,3,1
2019,103,13,3,0.75
2022,3,41,4,1
2020,0,21,3,1
2017,37,71,4,1
2018,23,12,3,1
2018,65,71,4,1
2022,105,43,4,0.75
2016,0,3,3,1
2019,81,13,2,1
2022,0,25,0,1
2019,0,62,4,1
2019,0,62,2,1
2017,0,56,0,1
2016,57,67,4,1
2019,0,24,0,1
2017,0,42,0,1
2020,67,72,3,1
2023,0,71,1,1
2021,25,3,2,1
2016,0,34,0,0.75
2020,91,14,3,0
2018,0,40,0,0.75
2016,0,4,0,0
2023,49,24,4,1
2021,31,43,2,1
2019,0,40,3,1
2020,101,47,3,1
2023,29,49,4,1
2022,21,23,4,1
2017,3,1,4,1
2017,0,43,3,1
2017,3,41,4,1
2023,0,54,0,1
2015,0,31,0,0
2018,29,12,3,1
2023,41,40,3,1
2021,3,1,3,0.75
2023,27,49,4,1
2016,77,71,4,1
2016,37,71,2,1
2022,0,34,1,1
2021,111,43,4,1
2016,85,13,2,1
2020,0,62,4,1
2022,51,72,4,1
2021,0,43,3,1
2020,7,5,3,1
2019,37,71,2,1
2021,37,71,3,1
2022,99,23,3,1
2019,73,41,4,1
2017,0,44,4,1
2017,61,49,4,1
2022,3,14,3,1
2017,53,33,2,1
2018,69,62,4,1
2017,65,71,3,1
2018,99,43,4,1
2020,111,51,4,0
2023,0,66,4,1
2017,61,71,4,1
2022,17,3,3,1
2020,0,32,1,1
2022,0,14,4,0
2016,81,47,4,1
2023,0,72,3,1
2016,0,34,4,1
2019,43,14,4,0
2019,97,22,4,1
2018,0,41,2,1
2022,13,71,3,0
2023,135,44,3,0.5
2022,0,14,0,0.5
2021,0,41,4,1
2017,73,41,4,1
2020,197,21,3,1
2018,11,43,4,1
2021,0,32,2,1
2020,0,62,4,1
2021,13,61,3,1
2019,0,49,0,1
2023,31,52,3,1
2022,103,43,2,1
2013,19,47,3,0.25
2017,39,49,3,0
2019,0,21,0,1
2014,0,52,4,0
2019,83,71,4,1
2023,190,1,3,1
2014,37,71,3,0.75
2015,0,25,0,0.75
2021,39,12,3,1
2023,339,49,4,1
2020,0,73,0,1
2013,1,71,4,0.25
2021,111,71,4,1
2020,111,71,4,1
2016,91,49,4,1
2019,0,43,4,1
2017,37,71,3,1
2013,0,23,1,0.75
2016,31,21,4,1
2020,0,72,0,1
2022,85,43,3,1
2016,0,34,0,1
2023,0,14,1,1
2020,111,21,3,0
2020,0,22,0,1
2018,3,82,4,1
2018,0,13,3,1
2017,0,24,3,1
2017,0,53,0,1
2023,0,71,4,1
2015,0,22,0,0.75
2018,41,12,3,1
2018,439,49,4,1
2017,113,49,4,1
2017,91,14,3,1
2017,3,22,4,1
2022,140,1,4,1
2019,375,49,4,1
2016,119,47,4,1
2018,7,12,3,1
2018,35,67,4,1
2021,0,54,0,1
2018,0,48,1,1
2021,61,24,4,1
2019,183,34,4,1
2022,57,44,3,1
2019,0,61,3,1
2021,23,12,3,1
2019,0,51,0,1
2020,61,71,4,1
2014,0,21,0,0.75
2023,77,71,3,1
2020,0,48,3,1
2018,113,49,4,1
2020,0,49,0,1
2020,91,13,3,1
2019,0,43,4,1
2016,5,52,3,1
2016,201,49,4,1
2023,71,71,4,1
2023,17,14,3,1
2020,95,43,4,1
2020,27,12,3,0
2021,0,3,3,1
2021,31,52,3,1
2017,0,53,0,1
2020,510,34,2,1
2023,129,14,3,1
2022,0,24,1,1
2020,0,62,1,1
2023,97,43,3,1
2019,0,53,0,0.5
2019,3,11,4,1
2021,0,63,0,1
2017,115,21,4,1
2019,17,24,3,1
2022,103,13,3,1
2022,127,43,4,1
2023,121,44,4,1
2019,41,49,4,1
2021,57,43,3,0.75
2013,3,1,3,0.75
2019,3,3,4,1
2019,0,48,3,1
2020,51,72,4,1
2022,0,41,4,1
2023,0,56,1,1
2023,19,33,3,1
2021,0,47,0,1
2022,91,32,4,1
2018,71,14,4,0.5
2022,91,13,3,1
2017,0,45,0,1
2022,17,3,4,1
2022,0,13,0,1
2017,31,52,3,1
2022,0,5,3,1
2021,75,71,2,1
2016,0,46,1,1
2019,117,43,4,1
2017,0,13,1,0.5
2022,31,21,2,1
2019,123,33,3,1
2022,3,65,2,1
2019,97,43,4,1
2019,0,32,2,1
2020,0,31,4,1
2023,7,71,4,1
2023,0,44,0,1
2020,0,40,4,1
2016,47,72,4,1
2016,0,48,0,0.75
2023,0,49,0,1
2022,67,44,3,0
2019,0,62,4,1
2021,3,14,3,1
2022,0,43,0,1
2023,0,61,3,1
2021,71,13,3,1
2015,0,45,0,0
2022,59,13,3,1
2015,0,41,0,0.25
2021,35,24,3,1
2017,39,12,3,1
2023,103,13,3,1
2020,3,65,4,1
2022,160,1,1,1
2016,61,49,4,0.75
2023,95,71,4,1
2017,0,35,1,1
2017,31,21,2,1
2019,201,49,4,1
2019,31,65,4,1
2016,0,25,0,1
2021,113,49,3,1
2020,67,72,4,1
2022,37,71,3,1
2019,21,44,4,1
2016,71,47,4,0.25
2020,0,6,4,1
2019,101,43,3,1
2017,0,46,1,1
2023,5,13,2,1
2022,11,43,4,1
2018,101,43,3,1
2018,0,31,4,0.75
2018,111,71,4,1
2019,0,40,0,1
2016,0,42,0,0.5
2017,63,73,4,1
2020,0,32,1,1
2022,9,25,3,0
2018,61,13,2,1
2021,0,33,0,1
2017,0,35,1,1
2023,77,73,3,1
2021,153,24,4,1
2016,81,71,3,1
2016,0,3,3,1
2023,73,71,4,1
2019,0,48,3,1
2020,113,24,3,1
2023,37,71,2,1
2018,0,13,0,1
2017,59,13,3,1
2020,9,1,3,1
2016,79,25,4,1
2023,97,71,3,1
2013,0,21,1,0.75
2016,0,25,0,0.75
2018,13,61,2,1
2019,37,71,2,1
2016,53,33,2,1
2023,0,62,3,1
2020,13,71,3,1
2017,57,43,4,1
2022,0,44,0,1
2019,37,71,2,0
2023,17,12,3,1
2020,0,6,1,0.75
2019,0,43,0,1
2021,29,49,4,1
2017,163,23,3,1
2020,33,43,4,0.5
2016,0,23,1,1
2022,0,47,3,1
2021,0,24,4,1
2013,0,3,3,0.25
2023,0,14,3,1
2014,103,43,3,0.25
2018,0,14,4,1
2016,0,49,4,1
2018,59,71,4,0
2021,91,14,3,1
2023,5,52,4,1
2019,0,4,3,1
2023,37,71,2,1
2023,37,54,4,1
2017,5,12,3,1
2022,0,23,1,1
2016,5,13,2,1
2023,83,71,4,1
2015,0,53,2,0.25
2019,0,56,4,1
2023,57,24,4,1
2022,19,71,4,1
2013,0,24,1,0
2019,85,13,2,1
2022,81,13,2,1
2018,0,47,1,1
2022,0,63,0,1
2022,31,21,4,1
2022,0,14,1,1
2021,0,22,3,1
2018,1,71,4,1
2021,0,49,0,1
2023,31,65,4,1
2023,61,13,2,1
2022,0,33,0,1
2018,0,73,1,1
2015,0,61,3,0.25
2023,67,44,3,1
2018,0,23,1,1
2017,61,13,2,1
2016,63,73,4,1
2019,0,21,1,1
2022,61,49,2,1
2019,0,82,0,1
2014,111,51,4,0.25
2016,0,61,3,1
2016,59,13,3,1
2023,37,71,3,1
2014,0,40,2,0
2023,139,23,3,1
2019,0,14,0,1
2022,85,49,3,1
2018,53,33,3,1
2013,17,12,3,0.25
2020,0,25,1,1
2023,15,52,3,1
2023,0,62,4,1
2020,0,33,0,1
2018,0,54,1,1
2022,5,13,2,1
2021,47,13,2,1
2021,31,65,4,1
2017,0,34,1,1
2020,25,25,4,1
2017,0,41,4,1
2015,19,61,4,0.25
2019,0,34,1,1
2021,0,23,4,0
2016,95,43,4,1
2019,29,12,3,1
2022,160,1,1,1
2020,37,71,4,1
2013,163,23,2,0.25
2019,0,46,0,1
2019,0,14,4,1
2018,37,71,3,1
2022,101,14,2,1
2023,35,48,4,1
2023,5,52,4,1
2022,143,42,4,1
2020,0,62,2,1
2021,0,47,3,1
2017,121,49,4,1
2023,375,49,4,1
2016,39,71,4,0
2019,11,43,4,1
2023,439,49,4,1
2017,23,12,3,1
2022,0,42,4,1
2018,0,44,4,1
2017,201,49,4,1
2020,37,71,4,1
2023,99,23,3,1
2021,35,73,4,1
2019,0,41,4,1
2017,3,11,3,1
2022,99,43,4,0.5
2017,0,23,4,1
2014,27,49,4,0
2021,55,35,4,1
2017,0,40,3,1
2021,0,14,4,1
2019,79,25,2,1
2017,0,21,0,1
2016,81,47,4,0
2020,113,49,2,1
2019,37,71,3,1
2018,125,23,3,1
2019,73,71,4,0
2020,5,52,3,0
2018,97,22,4,1
2020,0,43,0,0
2023,13,71,4,1
2022,127,43,4,1
2017,0,47,1,1
2017,25,52,3,0
2019,31,21,2,1
2016,0,32,1,1
2022,3,48,3,0.5
2023,700,40,2,1
2018,7,5,3,1
2023,0,40,3,1
2018,9,5,3,1
2021,0,48,4,1
2020,0,31,1,1
2020,1,71,4,0
2017,0,48,3,1
2021,0,62,0,0
2021,65,23,4,1
2019,0,14,1,1
2021,63,13,4,1
2022,0,43,3,1
2023,37,54,2,0.75
2020,145,33,4,1
2021,105,22,4,1
2022,0,48,3,1
2019,0,47,0,1
2018,101,14,2,1
2018,0,62,2,1
2023,87,40,3,1
2022,93,54,4,1
2023,157,49,4,1
2020,39,12,3,1
2022,0,40,0,0
2016,59,13,3,1
2017,0,48,4,0
2016,0,64,1,1
2022,0,4,3,1
2019,31,21,2,1
2016,97,71,4,1
2018,13,61,2,1
2018,37,71,4,1
2018,5,72,3,1
2023,13,61,3,1
2018,85,71,2,1
2021,0,36,0,1
2021,0,33,0,1
2014,0,42,1,0.25
2017,35,73,4,1
2021,105,43,4,0
2017,3,65,4,1
2017,3,82,4,1
2021,31,21,2,1
2018,71,14,3,1
2018,0,44,2,1
2017,141,49,2,1
2018,0,4,3,1
2017,0,43,3,1
2016,0,21,0,1
2021,9,1,2,1
2016,59,71,4,1
2018,57,44,3,1
2021,17,72,4,1
2023,0,44,0,1
2019,21,52,4,1
2017,0,54,4,1
2018,67,47,4,1
2013,61,24,4,0.75
2023,59,71,4,1
2021,0,61,1,1
2021,127,25,1,1
2021,0,46,0,0.75
2016,700,40,2,1
2022,0,1,4,1
2018,201,49,4,1
2022,25,71,4,1
2017,0,45,3,1
2022,35,67,4,1
2021,59,71,4,1
2019,0,13,4,0.5
2016,13,61,2,1
2021,61,71,4,1
2016,63,44,3,1
2018,29,49,2,0.75
2019,65,54,4,1
2023,0,61,4,1
2019,23,12,3,1
2020,31,21,2,1
2018,453,49,4,1
2021,0,73,0,1
2022,113,49,2,1
2016,0,22,1,0.75
2017,0,37,1,1
2013,0,37,1,0
2017,107,40,3,1
2016,0,81,1,1
2021,59,71,3,1
2016,29,14,3,1
2021,0,24,4,1
2019,0,49,1,1
2020,0,14,3,1
2020,15,12,3,1
2017,55,71,4,1
2023,201,49,2,1
2017,0,22,1,1
2017,125,23,3,1
2023,85,49,2,1
2017,63,44,3,0.75
2017,0,62,4,1
2017,375,49,4,1
2022,0,47,1,1
2016,0,48,0,1
2018,37,54,2,1
2021,0,53,3,1
2019,510,52,2,1
2023,33,73,2,1
2023,0,49,0,1
2022,57,43,3,1
2023,101,43,3,1
2017,55,13,3,1
2018,0,44,4,1
2015,61,73,3,0.75
2022,0,45,0,1
2018,61,43,4,1
2016,153,24,4,0.5
2023,59,13,3,1
2023,0,49,0,1
2016,113,49,3,1
2018,0,41,1,1
2022,49,24,4,1
2018,0,43,3,1
2022,140,1,3,1
2022,135,44,3,1
2016,115,43,4,1
2020,65,23,4,1
2019,19,61,4,1
2016,35,24,2,1
2017,111,71,4,1
2019,27,52,4,1
2022,157,49,4,1
2023,59,71,4,1
2023,0,14,3,0
2019,510,52,2,1
2017,201,49,4,1
2022,1,13,4,1
2020,37,71,3,1
2020,47,72,4,1
2016,0,71,3,1
2018,0,62,4,0.5
2021,81,13,2,1
2013,0,52,4,0.75
2018,0,14,4,0
2023,77,23,3,1
2020,0,23,4,1
2023,313,44,4,1
2022,0,21,3,1
2017,0,46,1,1
2023,0,67,0,0.75
2013,0,49,3,0.25
2018,0,22,0,1
2017,0,13,0,0.75
2023,73,44,3,1
2019,0,34,4,1
2022,71,43,3,1
2018,0,21,1,0
2016,99,43,4,1
2021,303,49,4,1
2014,29,12,3,0.25
2022,0,49,0,1
2015,0,48,0,0
2018,73,41,4,0.5
2017,375,49,4,1
2021,53,73,4,1
2018,0,73,0,0.75
2023,23,3,3,1
2022,89,21,4,1
2018,47,13,2,1
2021,15,1,3,1
2022,0,34,0,0
2023,121,44,3,1
2020,163,33,3,1
2022,29,72,4,1
2020,0,3,3,1
2020,0,61,1,1
2015,0,25,0,0.75
2015,0,44,0,0.25
2016,135,44,3,1
2018,1,43,4,0
2021,439,49,4,1
2016,149,54,4,1
2023,29,71,3,1
2017,1,1,4,1
2022,0,61,1,1
2020,79,25,3,1
2017,11,73,3,1
2018,83,43,4,1
2020,99,43,4,1
2021,3,14,3,1
2018,31,21,3,0.5
2016,47,13,2,0.5
2018,329,49,4,1
2016,39,72,3,1
2013,0,49,0,0.75
2023,35,24,3,1
2019,810,40,2,1
2017,163,23,3,1
2019,0,68,0,0.5
2016,0,13,3,0.75
2015,0,56,1,0.75
2020,85,71,4,1
2021,0,24,1,1
2017,0,62,4,1
2016,0,45,3,1
2022,0,33,4,1
2021,0,43,4,1
2023,0,64,0,1
2020,31,21,2,1
2019,101,14,2,1
2022,77,23,2,1
2018,73,71,4,1
2015,73,71,4,0.25
2017,0,43,4,1
2016,0,35,0,1
2020,51,47,4,1
2022,37,71,2,1
2022,69,62,4,1
2021,0,47,1,1
2020,0,73,1,1
2018,107,71,3,1
2016,103,13,3,1
2022,67,44,3,1
2020,0,24,0,0
2022,1,71,4,1
2016,97,71,3,1
2021,5,61,4,0.5
2017,0,45,3,1
2017,65,71,3,1
2021,167,21,4,1
2016,201,49,4,1
2019,0,3,3,1
2021,71,45,2,1
2020,159,47,3,1
2022,165,24,3,1
2023,37,71,2,1
2023,71,71,4,1
2016,73,71,3,1
2019,37,71,3,0.5
2020,61,24,4,1
2021,9,1,3,0
2017,0,48,3,1
2023,0,22,0,1
2019,0,22,3,1
2022,81,13,2,1
2021,0,62,4,1
2022,31,21,2,0.75
2017,65,71,3,1
2017,9,25,4,1
2021,61,43,4,1
2022,17,3,3,0.5
2019,0,53,1,1
2018,0,32,1,1
2020,25,25,4,1
2022,143,53,4,1
2018,99,43,4,1
2019,71,43,4,1
2021,0,73,0,1
2020,55,35,4,1
2021,17,24,3,1
2022,0,42,0,1
2018,37,71,3,1
2023,13,61,4,1
2020,3,22,4,1
2017,0,48,3,1
2019,35,24,3,1
2022,13,71,3,1
2017,33,73,4,1
2018,99,43,3,1
2019,49,66,4,1
2018,1,98,2,1
2023,201,49,3,1
2017,77,44,3,1
2017,125,23,3,1
2019,29,14,3,1
2013,21,12,3,0
2020,0,43,3,0
2016,201,49,4,1
2023,111,21,3,1
2013,71,71,3,0.25
2018,65,71,3,1
2019,0,47,0,1
2019,0,53,0,1
2021,13,61,4,0
2023,91,13,3,1
2015,7,42,4,0.25
2015,111,43,4,0
2014,0,13,0,0.75
2017,89,24,3,1
2018,0,22,3,1
2019,135,49,4,1
2013,25,61,4,0.75
2019,81,13,2,1
2013,0,12,4,0
2022,0,52,4,1
2019,37,54,2,1
2022,11,14,4,1
2021,129,14,3,1
2017,1,71,3,1
2018,3,33,3,1
2023,35,24,3,1
2019,0,45,0,1
2021,0,64,0,1
2023,0,41,4,1
2017,127,22,3,1
2023,0,13,4,0
2016,27,14,4,0.75
2017,0,37,0,1
2021,7,12,3,1
2019,91,32,3,1
2013,87,25,4,0.25
2017,71,71,3,1
2013,0,48,4,0.25
2018,57,43,4,1
2017,67,71,3,1
2019,67,44,3,1
2019,55,13,3,1
2023,35,12,3,1
2017,0,61,0,1
2017,19,61,4,1
2017,1,47,4,1
2017,33,73,2,1
2018,215,49,3,1
2023,91,32,4,1
2015,85,49,3,0.75
2017,47,13,2,1
2022,0,64,4,1
2021,0,3,4,1
2018,61,73,3,1
2018,13,61,2,1
2021,0,64,0,1
2017,0,13,4,1
2021,0,40,3,1
2017,0,3,3,1
2015,5,52,3,0.25
2019,19,61,4,1
2023,0,63,0,1
2017,0,67,0,1
2022,0,32,4,0
2022,35,24,2,1
2019,57,43,4,1
2020,1,98,2,0
2018,71,43,3,1
2016,0,56,4,1
2021,101,14,2,1
2020,0,12,4,0
2020,0,21,1,1
2017,0,24,4,0.75
2017,91,21,4,1
2021,29,13,2,1
2019,0,40,4,1
2019,47,71,3,1
2021,153,35,3,1
2020,11,14,4,1
2020,9,43,4,1
2021,0,62,3,1
2020,5,72,3,1
2019,35,73,4,1
2021,0,49,1,0
2020,99,21,1,1
2020,439,49,4,1
2023,13,61,2,1
2018,491,49,4,1
2023,0,33,1,1
2016,141,49,4,1
2018,19,61,4,0
2023,0,62,0,0
2022,0,13,3,1
2023,0,61,4,1
2017,163,23,3,1
2013,157,54,2,0.25
2021,0,47,0,1
2023,23,12,4,1
2020,163,23,4,1
2016,25,12,3,1
2022,0,21,0,1
2018,0,46,3,1
2017,49,67,3,1
2023,0,49,1,1
2023,190,1,4,1
2023,3,14,2,1
2021,3,22,4,1
2019,85,49,3,1
2022,0,68,1,1
2013,0,71,3,0.75
2019,19,43,3,1
2016,61,13,2,1
2016,33,52,3,0.5
2019,1,1,4,1
2014,0,41,0,0.75
2022,0,13,4,1
2020,39,12,3,1
2016,53,43,3,0.75
2021,3,12,3,1
2018,55,13,3,1
2016,85,71,4,0.75
2019,0,44,0,1
2023,29,49,2,1
2023,35,67,3,1
2020,0,13,0,0
2019,0,21,0,1
2022,760,40,2,1
2014,53,33,4,0.25
2014,139,24,4,0.25
2023,25,12,3,1
2019,0,33,0,1
2014,0,64,0,0
2016,101,14,2,1
2018,0,3,4,1
2023,163,23,2,1
2016,29,13,2,1
2017,11,43,4,1
2022,19,71,4,1
2017,0,14,1,0
2023,55,13,3,1
2018,111,71,4,1
2023,83,43,4,1
2022,31,21,2,1
2017,0,40,0,0
2016,0,64,4,0.75
2023,81,71,4,1
2014,0,63,0,0.75
2022,0,40,2,1
2017,109,13,4,0
2018,107,71,3,1
2019,133,25,4,0
2018,0,68,0,1
2021,11,67,4,1
2019,49,24,4,1
2018,165,54,3,1
2023,33,73,4,1
2015,510,52,2,0
2021,67,71,4,1
2016,0,61,3,1
2021,87,40,3,1
2022,119,13,4,1
2021,510,34,2,1
2021,91,43,4,1
2020,0,33,1,1
2016,0,40,0,0.5
2023,0,35,0,1
2023,0,43,4,1
2018,1,71,4,1
2020,121,49,3,1
2018,43,66,3,1
2020,3,52,3,1
2017,0,63,0,1
2021,0,2,3,1
2021,29,12,3,1
2022,107,71,3,1
2019,79,71,4,1
2021,35,24,2,1
2016,95,43,4,1
2020,21,23,4,1
2016,0,22,0,1
2016,117,41,4,1
2016,113,44,3,1
2016,0,44,0,1
2021,103,43,4,1
2018,0,13,0,1
2019,760,40,2,1
2019,81,13,2,1
2019,37,71,2,1
2013,7,12,3,0.75
2022,13,71,4,1
2020,65,71,3,1
2018,0,33,1,1
2016,5,12,3,0.75
2021,29,13,3,1
2017,0,62,4,1
2016,103,43,3,1
2019,1,71,3,1
2022,97,71,4,1
2016,0,22,1,1
2017,0,62,4,1
2023,439,49,4,0
2021,0,48,3,1
2022,13,71,3,1
2016,37,54,4,1
2022,31,52,3,1
2022,61,24,4,1
2017,31,21,3,1
2016,91,14,3,1
2016,13,61,2,1
2023,0,24,0,1
2019,0,13,1,1
2013,9,25,4,0.75
2018,0,51,0,0
2019,91,43,4,1
2018,11,43,3,1
2021,0,32,0,1
2023,29,13,3,1
2018,0,49,0,1
2020,0,13,3,1
2023,113,49,3,1
2017,3,14,3,0
2018,0,49,1,1
2014,0,13,0,0
2018,31,21,2,1
2021,0,62,4,1
2018,0,21,1,1
2017,5,52,3,1
2019,73,44,3,1
2018,13,61,3,1
2023,0,47,0,1
2022,0,13,0,1
2018,0,25,0,1
2021,0,41,1,1
2023,81,47,4,1
2021,19,61,4,1
2020,91,14,3,1
2023,37,71,3,1
2018,0,49,1,1
2018,55,71,4,0.75
2019,0,43,3,1
2020,81,13,2,1
2017,27,53,4,1
2016,0,62,4,1
2017,201,49,4,1
2016,0,33,3,0.75
2021,510,52,2,1
2017,0,13,3,1
2021,3,22,4,1
2023,189,34,3,1
2017,0,45,0,1
2020,0,37,1,1
2021,0,46,0,1
2020,99,34,3,1
2022,27,3,3,1
2021,1,1,3,1
2018,0,61,3,1
2022,0,31,1,1
2017,0,44,0,1
2021,0,40,4,0
2019,0,42,0,0
2021,87,71,4,0
2023,650,40,3,1
2017,0,21,0,1
2019,13,71,3,1
2021,0,44,3,1
2016,1,47,4,1
2019,29,13,2,1
2016,0,72,4,1
2016,49,24,2,1
2020,3,33,3,1
2021,700,40,2,1
2016,0,73,0,1
2022,35,24,2,1
2021,23,12,3,1
2022,25,25,4,1
2023,113,49,2,1
2016,31,21,2,1
2020,55,71,4,1
2022,11,43,3,1
2023,0,40,3,1
2013,25,71,4,0
2023,71,14,3,1
2016,71,43,4,0.25
2018,0,47,4,1
2017,27,49,4,1
2023,0,22,1,1
2017,103,43,4,1
2022,47,13,2,1
2019,67,44,4,1
2017,103,13,3,1
2016,139,49,3,1
2021,0,33,4,0
2022,0,24,1,1
2021,0,62,0,1
2021,31,21,2,1
2023,13,12,3,1
2018,29,13,4,1
2020,0,56,3,1
2016,71,71,2,1
2018,37,33,3,1
2020,0,40,3,0
2022,0,14,3,1
2019,0,13,4,0
2016,0,44,4,1
2016,47,71,4,1
2023,0,46,0,1
2016,0,13,0,1
2021,0,47,1,1
2021,67,51,2,1
2021,47,13,2,0
2021,111,71,4,1
2022,89,44,4,1
2023,0,23,1,1
2022,0,68,1,1
2023,0,3,0,1
2017,13,71,3,1
2022,99,43,4,1
2018,167,49,3,1
2020,0,41,1,1
2018,77,71,4,1
2017,0,42,0,1
2016,33,73,4,1
2016,29,49,2,1
2019,0,12,4,1
2022,0,14,3,1
2023,99,43,3,1
2018,61,13,2,1
2016,0,25,0,1
2016,123,33,2,0
2020,37,71,3,1
2017,39,49,3,0
2020,77,73,3,1
2017,3,65,4,1
2016,0,54,1,1
2016,139,49,3,1
2017,179,54,4,1
2018,0,24,1,1
2014,71,43,3,0.25
2023,3,52,3,1
2022,33,43,3,1
2018,151,44,3,1
2021,85,71,4,1
2020,0,32,0,1
2017,57,43,4,0.5
2023,93,54,4,1
2022,0,52,0,0
2022,81,43,4,1
2015,63,25,4,0
2019,0,43,3,1
2022,37,71,3,1
2018,85,49,2,1
2017,33,73,2,1
2018,11,67,4,1
2019,61,73,4,1
2020,21,52,4,1
2020,67,71,3,1
2016,145,23,4,1
2021,0,33,0,1
2018,59,71,3,0
2022,0,40,4,1
2018,183,47,2,1
2018,35,24,2,1
2017,141,49,2,1
2018,339,49,4,1
2021,0,49,0,1
2017,31,71,4,1
2021,71,43,3,1
2018,0,32,0,0.25
2021,101,14,2,1
2021,0,46,1,1
2018,37,71,2,1
2016,510,34,2,1
2016,0,62,2,1
2018,189,34,3,1
2016,7,5,3,1
2018,91,32,4,1
2017,0,21,0,0
2018,453,49,4,1
2017,0,47,4,1
2021,63,73,4,1
2016,0,41,4,1
2018,0,49,0,1
2017,91,48,4,1
2019,0,81,0,1
2020,25,52,3,1
2022,69,62,4,1
2021,0,34,1,1
2023,0,47,4,0
2021,0,13,3,1
2022,107,14,1,1
2023,5,13,2,1
2016,9,1,2,0
2021,201,49,4,1
2022,65,71,3,1
2017,189,34,3,1
2022,31,21,2,1
2021,0,13,0,1
2019,53,73,4,1
2023,0,62,4,1
2017,0,40,3,1
2019,189,34,3,1
2017,83,71,4,1
2018,51,47,4,1
2018,0,13,2,1
2015,85,71,4,0
2016,51,48,4,1
2020,0,42,4,1
2020,0,51,0,1
2018,61,24,4,1
2021,65,71,3,1
2016,11,43,4,1
2017,105,43,4,1
2021,0,43,2,0
2022,61,71,4,1
2019,179,21,3,1
2021,0,48,0,1
2022,0,47,0,1
2017,71,43,3,1
2019,163,23,3,0.5
2023,37,71,2,1
2017,29,71,4,1
2013,0,51,1,0
2019,9,54,3,1
2021,3,82,4,1
2018,0,44,0,0.5
2016,0,49,1,1
2021,117,25,4,1
2023,31,52,3,1
2021,0,65,0,0.75
2019,41,49,4,0
2023,37,71,4,1
2017,103,43,4,1
2018,31,21,2,1
2018,65,71,3,1
2016,13,61,3,1
2018,19,61,2,1
2016,3,33,3,1
2023,29,49,4,1
2022,73,73,4,0
2018,73,71,4,1
2017,37,71,4,1
2021,11,2,1,1
2021,83,48,4,1
2023,53,33,2,0
2018,3,65,4,1
2018,121,49,3,1
2017,0,41,0,1
2023,17,71,3,1
2019,5,72,3,1
2013,0,33,1,0
2019,57,43,4,0
2019,0,37,0,1
2023,65,71,3,0.5
2023,85,71,4,1
2018,19,63,4,1
2017,510,34,2,0.5
2016,201,49,4,1
2017,0,43,3,0.75
2016,67,44,3,1
2023,201,49,4,1
2021,37,71,2,1
2019,5,1,1,1
2017,13,61,3,1
2016,223,44,3,1
2019,0,42,4,1
2017,59,13,3,1
2023,103,43,4,1
2021,67,44,3,1
2018,65,54,4,1
2018,0,72,4,1
2017,25,3,2,1
2019,99,43,3,1
2017,43,21,3,1
2016,59,71,3,1
2020,37,71,3,1
2016,0,32,0,1
2016,0,44,0,1
2019,17,52,3,1
2017,0,62,3,1
2021,101,43,3,1
2019,85,71,4,1
2018,39,12,3,1
2017,73,71,2,0
2021,0,48,4,1
2016,3,1,2,0
2023,47,13,2,0
2022,23,12,3,1
2015,161,23,4,0.75
2020,59,71,4,1
2022,0,61,4,0
2021,113,49,4,1
2018,0,54,1,1
2019,0,40,3,1
2018,0,81,0,1
2022,0,49,0,1
2023,41,40,3,1
2019,0,22,0,1
2023,81,71,4,1
2023,0,52,4,1
2020,49,67,4,1
2015,0,49,0,0.25
2021,57,67,4,1
2016,550,40,3,1
2021,0,23,1,1
2017,0,4,2,0
2018,61,13,2,1
2016,27,12,3,1
2021,0,73,4,1
2021,117,25,4,1
2022,89,71,4,1
2021,1,71,3,1
2023,0,44,4,0
2020,7,48,4,1
2022,139,23,4,1
2020,77,73,4,1
2018,47,72,4,1
2017,45,14,3,1
2023,73,25,4,1
2014,0,44,3,0.25
2019,0,25,0,1
2022,71,71,3,1
2018,0,71,1,0
2023,59,13,3,1
2014,0,44,0,0.75
2023,53,43,3,1
2022,25,61,4,1
2018,0,33,0,1
2020,0,40,4,0
2019,0,25,1,1
2022,0,62,2,1
2022,121,49,4,1
2022,49,14,4,1
2017,53,73,4,1
2017,0,3,2,1
2017,37,12,3,1
2014,95,34,4,0.75
2016,13,61,3,0.5
2018,43,21,3,1
2019,0,62,4,1
2023,0,24,1,1
2023,0,49,1,1
2023,37,71,2,1
2020,0,53,0,1
2023,0,48,0,1
2022,0,49,1,1
2019,0,33,4,1
2021,43,21,3,1
2019,0,44,0,0
2013,43,52,4,0.75
2021,59,71,4,1
2022,61,73,3,1
2017,0,61,0,1
2019,13,61,3,1
2017,0,51,0,1
2020,73,71,3,1
2021,0,81,1,1
2019,0,43,0,1
2023,3,65,2,1
2022,35,67,3,1
2018,73,71,2,1
2021,9,5,3,1
2021,0,45,3,0.5
2022,91,14,3,1
2016,57,43,3,1
2022,0,13,0,0.75
2018,81,13,2,1
2023,37,71,4,1
2017,0,49,3,1
2016,141,22,4,0
2022,73,71,3,1
2023,0,22,1,1
2017,37,71,2,1
2018,25,12,3,1
2021,29,13,3,1
2018,0,65,0,1
2018,0,49,0,1
2023,37,71,3,1
2019,13,61,2,1
2016,103,43,2,1
2019,119,47,4,1
2016,0,24,1,0.75
2016,53,73,4,1
2019,201,49,4,1
2023,89,21,3,1
2017,1,71,3,1
2023,700,40,2,1
2016,37,71,4,1
2021,3,11,3,1
2023,103,13,3,0
2014,0,31,4,0
2018,107,40,3,1
2022,0,44,0,1
2018,0,24,4,1
2022,63,48,3,1
2020,111,51,4,1
2014,11,14,4,0
2019,105,43,4,0
2018,0,32,0,1
2013,0,48,1,0
2021,55,35,4,1
2023,59,71,2,1
2021,19,43,3,1
2019,33,73,4,1
2022,0,14,0,1
2019,139,25,4,0
2022,61,24,4,1
2023,13,61,4,1
2016,0,21,0,1
2013,209,49,3,0
2017,111,43,4,1
2019,31,21,2,1
2019,97,21,3,1
2023,0,23,1,1
2018,85,47,1,1
2022,0,24,3,1
2023,700,40,2,1
2016,0,22,1,1
2014,0,13,1,0
2015,0,37,1,0.75
2018,61,13,2,1
2022,13,61,4,1
2022,3,65,4,1
2021,0,33,0,1
2019,423,49,4,1
2016,3,1,2,1
2021,0,42,4,1
2022,0,52,4,1
2021,0,49,0,1
2020,37,71,4,1
2021,0,61,0,1
2022,113,49,4,1
2017,0,53,4,1
2021,115,21,4,1
2022,0,34,0,1
2019,0,48,4,1
2016,11,43,3,1
2022,163,22,4,1
2023,339,49,4,1
2023,25,25,4,1
2017,0,46,1,1
2017,0,63,0,0
2015,0,54,4,0.25
2023,0,14,1,1
2023,201,49,4,1
2021,159,47,3,0.75
2018,187,49,4,0.75
2020,1,1,4,1
2019,0,66,1,1
2020,109,53,4,1
2019,5,52,3,1
2017,61,49,4,1
2022,0,61,4,1
2018,0,56,4,1
2020,0,67,0,0.75
2017,11,43,4,1
2013,0,33,1,0.75
2023,17,3,3,1
2023,73,73,4,1
2022,17,14,3,1
2023,810,40,2,1
2016,0,47,3,1
2018,183,34,4,1
2019,0,37,0,1
2020,0,62,4,1
2022,43,21,4,0
2018,73,73,4,1
2018,135,47,4,1
2016,0,34,1,1
2019,0,51,1,1
2017,31,21,2,0.5
2017,67,71,2,1
2016,41,71,4,1
2021,0,62,4,1
2020,21,52,3,1
2020,0,3,2,1
2016,0,56,0,1
2018,0,67,3,1
2019,19,61,4,1
2020,111,51,4,1
2021,99,43,4,1
2019,0,62,3,1
2016,51,72,2,1
2014,1,43,4,0.25
2019,19,61,4,1
2021,107,71,3,1
2020,0,4,1,1
2022,23,71,1,1
2019,0,32,0,1
2014,33,73,4,0.75
2016,0,24,4,1
2016,0,44,2,1
2023,113,71,4,1
2019,47,13,2,1
2021,81,43,4,1
2017,29,49,4,1
2017,0,44,0,1
2018,97,21,3,1
2017,31,21,4,1
2022,0,32,1,0
2020,0,31,0,1
2019,810,40,2,1
2018,101,43,3,1
2022,117,25,4,1
2018,0,40,3,1
2018,21,44,4,1
2019,57,24,3,1
2021,61,73,3,1
2016,0,33,0,0.75
2017,65,71,3,0
2022,29,49,4,0
2017,0,44,3,0.75
2022,65,71,4,1
2022,53,33,3,1
2016,71,47,4,1
2013,107,71,3,0.75
2022,35,24,3,1
2023,3,52,3,1
2021,17,43,4,1
2016,0,40,4,0
2023,491,49,4,1
2021,0,62,4,1
2020,0,45,3,1
2013,0,40,0,0.25
2021,5,72,3,1
2021,15,43,4,1
2018,0,43,4,1
2018,13,61,2,1
2016,0,22,3,1
2021,31,21,3,1
2015,59,71,4,0.75
2013,0,13,1,0.25
2018,61,73,3,1
2022,189,54,3,0.5
2017,510,52,2,0.75
2013,101,14,2,0
2022,0,24,1,1
2021,29,49,4,1
2018,37,71,4,1
2017,0,47,4,1
2017,113,49,4,1
2016,0,25,0,1
2023,37,71,2,1
2019,71,71,4,1
2015,13,13,1,0
2020,87,40,3,1
2018,113,43,3,1
2022,0,24,1,1
2021,31,52,4,1
2022,0,44,0,0.75
2023,13,71,3,1
2018,0,43,0,0
2018,0,3,3,1
2014,0,24,0,0
2021,0,53,4,1
2020,0,23,1,1
2020,0,53,0,1
2018,0,54,3,1
2016,0,42,1,0.5
2019,73,44,3,1
2018,11,73,4,1
2021,3,1,3,1
2021,59,71,4,0.75
2023,0,40,4,1
2019,49,66,4,1
2020,113,49,2,1
2021,81,47,4,1
2015,245,49,4,0
2019,0,51,0,1
2019,37,71,2,1
2023,13,61,2,0
2019,0,14,3,1
2017,0,62,4,1
2022,3,82,3,1
2019,491,49,3,1
2022,65,71,3,1
2017,19,12,3,1
2018,0,24,3,1
2019,13,61,3,1
2022,97,22,4,1
2019,91,13,3,1
2016,43,21,4,1
2021,0,47,1,1
2020,439,49,4,1
2016,33,52,3,1
2013,111,51,4,0.25
2023,0,4,1,1
2019,45,14,3,0
2017,201,49,4,1
2018,109,53,4,0
2019,0,49,1,1
2021,33,73,3,1
2019,1,98,2,1
2023,0,23,1,1
2019,27,12,3,1
2019,13,61,3,1
2021,33,52,3,1
2021,25,12,3,1
2015,491,49,4,0.25
2021,0,56,1,1
2021,5,52,4,1
2023,0,40,0,1
2018,97,22,2,1
2019,51,48,4,1
2014,45,24,4,0.75
2018,43,21,3,1
2019,0,13,1,1
2019,113,49,2,0
2020,0,62,4,1
2021,19,71,4,1
2018,0,64,1,1
2020,35,12,3,1
2021,165,54,3,1
2021,197,21,3,1
2022,31,21,2,1
2023,0,23,4,1
2023,143,53,4,0
2013,0,48,4,0.25
2021,0,62,0,1
2020,0,23,3,1
2017,71,71,3,1
2018,0,46,0,1
2023,31,12,3,1
2016,135,44,3,0
2022,0,45,3,1
2018,85,71,4,1
2019,0,14,1,1
2019,0,44,3,1
2017,111,71,4,0.25
2017,73,41,4,1
2018,81,13,2,1
2022,1,43,4,1
2018,81,71,4,1
2016,101,43,3,0
2017,89,21,4,1
2019,13,61,4,1
2021,0,62,3,1
2022,0,43,3,1
2022,85,71,4,0
2018,0,6,1,1
2017,29,12,3,1
2023,39,49,3,0
2022,0,67,1,1
2022,0,56,1,1
2018,0,14,1,1
2018,0,48,4,1
2021,25,12,3,0
2023,0,41,4,1
2019,57,43,4,1
2021,31,21,2,1
2017,11,67,3,1
2017,0,13,4,1
2023,0,49,0,1
2023,201,49,4,1
2020,1,1,4,1
2022,37,71,2,1
2023,0,41,3,1
2017,0,56,0,1
2019,63,25,4,1
2018,111,51,4,1
2016,0,49,0,1
2019,37,71,3,1
2019,0,3,3,1
2023,439,49,4,1
2020,41,12,3,1
2022,0,25,3,1
2020,115,43,4,1
2023,75,71,2,1
2017,97,22,4,1
2020,83,43,4,1
2017,115,23,4,0.75
2019,0,21,3,1
2022,73,71,3,1
2018,0,44,1,1
2019,47,13,2,1
2017,0,14,4,1
2020,73,71,4,1
2018,0,22,3,1
2023,121,49,3,1
2017,0,41,0,1
2019,0,40,3,1
2017,135,47,4,1
2022,0,32,4,0
2020,47,13,2,1
2016,31,21,2,1
2023,61,73,3,1
2018,63,47,4,1
2016,0,49,1,1
2023,113,31,4,1
2021,0,56,4,1
2014,0,46,0,0.75
2018,0,34,1,1
2020,0,34,0,1
2019,0,34,1,1
2017,47,13,2,1
2017,0,53,0,1
2022,153,31,2,1
2017,163,23,4,1
2023,439,49,4,1
2023,89,24,3,1
2023,0,25,3,1
2017,37,71,2,1
2016,53,73,4,0.75
2018,13,61,2,1
2018,63,73,4,1
2022,87,13,3,1
2019,111,21,3,1
2015,0,44,0,0.25
2018,0,2,1,1
2019,0,32,0,1
2023,135,44,3,1
2023,37,71,3,1
2021,0,34,1,0.5
2021,35,47,4,0.5
2019,19,61,2,1
2014,151,44,3,0.25
2019,0,14,3,1
2021,0,37,0,1
2023,650,40,3,1
2018,33,73,4,1
2021,81,13,2,1
2021,0,63,0,1
2019,159,47,3,1
2019,29,49,4,1
2021,0,54,0,1
2023,3,65,4,1
2022,0,21,4,1
2023,1,43,4,0
2017,0,49,0,0
2022,15,43,4,1
2022,111,71,4,1
2018,37,71,2,1
2023,0,44,0,1
2021,0,22,0,1
2020,5,13,2,0
2020,55,13,3,1
2021,73,71,2,1
2017,49,24,4,1
2023,0,43,4,1
2021,0,62,0,1
2016,0,31,0,1
2022,35,67,3,1
2018,0,22,4,1
2019,0,62,4,1
2023,303,49,2,1
2017,0,72,1,1
2016,13,61,4,1
2016,139,25,4,1
2018,47,72,4,1
2019,101,14,2,1
2020,0,45,0,1
2017,479,49,4,1
2016,89,22,3,1
2021,11,73,3,1
2023,0,48,4,1
2016,97,43,3,1
2022,0,34,0,1
2018,31,52,4,1
2019,0,3,3,1
2020,81,13,2,1
2023,47,71,4,1
2018,3,33,3,1
2020,43,14,4,0
2021,0,54,4,1
2017,163,23,4,1
2017,0,35,1,1
2023,19,22,3,1
2023,0,21,1,1
2018,87,13,3,0.75
2021,21,44,4,0
2023,93,13,4,0.5
2023,143,53,4,1
2015,191,47,4,0.25
2016,0,3,4,1
2021,0,71,1,1
2019,0,54,0,1
2015,61,49,2,0.25
2020,13,61,2,0.5
2019,55,13,3,1
2023,23,3,3,1
2020,0,14,1,1
2016,0,49,0,1
2020,77,71,4,1
2021,0,46,3,1
2023,119,54,3,1
2022,0,48,0,1
2023,55,13,3,1
2020,0,24,4,1
2021,0,43,3,1
2021,0,45,3,1
2023,15,43,4,1
2020,201,49,2,1
2020,11,43,3,0.5
2022,0,44,0,1
2019,127,22,3,1
2016,167,49,3,1
2019,47,13,2,1
2018,0,62,4,1
2023,13,61,4,1
2013,0,67,0,0.75
2018,0,53,1,1
2020,37,71,4,1
2020,37,71,3,1
2023,1,71,4,0
2016,197,21,3,0
2020,0,46,0,1
2020,19,71,4,1
2019,0,25,1,1
2021,0,48,3,1
2021,7,12,3,1
2018,37,71,3,1
2023,0,49,0,1
2019,251,49,3,1
2019,0,3,4,1
2020,0,13,3,1
2023,23,12,4,0
2021,0,4,3,1
2018,97,71,4,1
2016,0,44,0,1
2019,89,22,3,0.75
2020,355,49,2,0.5
2022,75,71,2,1
2019,0,47,0,1
2019,73,41,4,1
2016,113,43,3,1
2019,83,48,3,1
2018,27,12,3,1
2018,0,53,2,1
2020,201,49,4,1
2022,83,43,4,1
2019,1,1,4,1
2021,9,25,4,1
2018,0,67,1,1
2019,113,24,3,1
2017,189,34,3,1
2018,31,12,3,1
2017,0,81,1,1
2017,189,34,3,1
2014,0,41,0,0.75
2021,11,67,4,1
2022,11,43,4,1
2022,147,23,3,1
2018,0,24,1,1
2023,0,37,0,1
2023,21,12,4,1
2017,0,53,4,1
2020,65,71,4,0
2020,183,47,4,1
2017,0,49,0,0.5
2022,121,49,4,1
2018,0,63,1,1
2017,113,49,4,1
2019,67,71,4,1
2017,201,49,4,1
2018,13,12,3,1
2021,491,49,3,1
2019,49,47,4,1
2018,37,71,2,1
2019,7,1,4,1
2017,245,49,4,0
2021,0,21,0,1
2022,0,49,0,1
2020,9,5,3,0.5
2021,119,47,4,1
2021,65,71,3,1
2018,0,44,0,1
2019,69,62,4,1
2021,0,44,0,1
2023,0,40,4,1
2021,0,2,1,1
2016,33,52,3,1
2016,113,24,3,1
2017,0,47,0,1
2020,87,40,3,1
2022,33,73,4,1
2020,0,24,4,0
2022,29,13,3,1
2013,0,66,0,0.25
2023,37,71,3,1
2018,0,33,0,1
2015,0,36,0,0.75
2022,0,73,4,1
2023,0,35,1,1
2018,11,43,3,1
2022,0,14,1,1
2022,140,1,2,1
2021,510,34,2,0.5
2016,0,54,0,0
2020,0,33,0,1
2023,0,54,3,1
2017,201,49,4,1
2022,67,44,4,1
2023,79,71,4,1
2023,113,71,4,1
2017,19,14,3,1
2016,0,47,0,0.5
2021,0,62,4,1
2019,0,51,0,1
2022,13,61,2,1
2023,113,49,4,1
2020,49,14,3,0.75
2019,0,34,0,1
2017,0,45,3,1
2017,65,71,3,1
2017,453,49,4,0.5
2020,77,23,2,1
2022,95,34,3,1
2022,57,67,4,1
2016,35,67,4,1
2016,13,13,1,1
2023,71,71,3,1
2019,21,23,4,1
2019,0,24,3,1
2016,0,68,1,0.5
2020,125,23,4,1
2018,0,34,3,1
2019,59,71,4,1
2018,439,49,4,1
2019,81,23,4,1
2019,5,52,3,1
2023,49,67,4,1
2018,157,54,4,1
2017,0,14,4,1
2022,1,71,4,1
2021,53,33,4,1
2022,0,43,0,0.75
2023,61,13,2,1
2021,31,21,2,1
2023,1,71,4,1
2019,31,21,2,1
2015,59,71,4,0.75
2020,43,21,3,1
2021,0,24,0,1
2021,0,62,2,1
2023,33,73,2,1
2021,103,24,3,1
2016,91,13,3,0.75
2021,0,43,3,1
2016,0,44,4,1
2019,13,61,4,0
2021,0,44,0,1
2016,0,31,4,1
2017,0,62,2,1
2016,21,47,4,1
2022,0,51,0,1
2013,0,21,0,0.25
2013,1,71,4,0.75
2018,57,43,4,1
2017,7,5,3,1
2015,71,13,3,0
2019,0,62,4,1
2021,0,31,1,1
2023,0,42,4,1
2018,97,21,3,1
2017,0,44,0,1
2021,161,23,3,1
2021,29,14,3,1
2023,0,49,1,1
2017,0,62,3,1
2017,0,43,3,0.75
2018,0,48,4,1
2016,309,49,4,1
2022,0,40,0,1
2020,5,23,1,1
2019,0,3,3,1
2017,0,33,0,0.5
2020,0,12,4,1
2017,35,24,3,1
2017,0,24,1,1
2022,145,23,4,1
2022,13,12,3,1
2013,151,44,3,0.25
2022,89,44,3,1
2016,0,14,4,1
2019,65,71,4,1
2019,0,66,4,1
2020,0,48,0,1
2022,47,13,2,1
2019,61,71,4,1
2021,15,43,4,1
2016,20,81,2,0
2020,0,54,4,1
2016,47,13,2,1
2022,0,32,4,1
2023,0,49,0,1
2022,5,72,3,0
2018,0,42,0,0.75
2022,0,13,3,1
2017,81,71,3,1
2023,37,71,3,1
2020,183,34,3,1
2016,37,71,4,1
2021,11,43,3,1
2017,0,34,4,0
2017,57,67,4,1
2021,1,13,4,1
2022,191,47,4,1
2020,0,21,0,1
2020,65,71,4,1
2016,11,73,3,1
2021,0,41,0,0.25
2019,1,43,4,1
2018,201,49,2,1
2023,0,21,4,1
2017,9,43,4,1
2013,59,71,4,0.25
2021,0,13,3,1
2018,0,3,3,1
2017,35,47,4,1
2023,0,44,0,1
2017,91,14,3,1
2021,109,53,4,1
2020,0,48,4,1
2022,0,43,3,1
2018,33,45,4,1
2023,19,71,4,1
2019,201,49,3,1
2022,23,3,3,1
2017,0,25,1,1
2017,157,54,4,0.5
2022,93,24,3,1
2016,29,12,3,1
2022,143,53,4,1
2019,71,14,4,1
2021,0,66,4,1
2016,13,61,2,1
2015,31,21,2,0.25
2021,0,43,4,1
2018,0,34,4,1
2020,37,71,2,1
2019,0,14,1,0.25
2023,141,49,4,1
2023,0,45,0,0
2019,163,23,2,1
2021,0,13,1,1
2018,91,13,3,1
2020,103,45,3,0.5
2020,0,73,1,1
2015,0,52,4,0
2023,0,53,3,1
2019,37,71,4,1
2018,33,73,4,1
2019,95,34,3,1
2021,0,45,3,1
2017,95,43,4,0
2016,0,51,0,0.5
2022,13,3,3,1
2021,85,71,4,1
2017,13,61,3,0
2021,0,44,0,1
2023,103,13,3,1
2016,0,54,0,0
2017,0,48,3,0
2016,0,34,0,1
2018,183,34,4,1
2023,0,25,0,1
2020,0,56,4,1
2019,11,73,3,1
2021,71,71,3,1
2022,35,73,4,1
2023,0,40,0,1
2018,109,35,4,1
2019,157,54,2,1
2023,31,52,3,1
2017,45,44,3,1
2022,123,62,3,1
2022,35,73,4,0.25
2016,183,34,4,1
2018,17,71,3,1
2022,0,24,4,1
2021,0,43,3,1
2021,27,13,3,0
2022,31,21,3,1
2017,0,51,0,1
2019,59,71,4,0
2019,25,3,2,1
2022,29,13,2,1
2021,0,56,1,1
2019,189,34,3,1
2023,47,46,4,1
2022,650,40,3,1
2019,0,47,1,1
2021,125,42,3,1
2021,53,73,3,1
2017,0,22,0,1
2022,0,35,1,1
2022,135,44,3,1
2019,163,22,4,1
2018,0,47,1,0
2019,245,44,4,1
2023,201,49,4,1
2017,73,25,4,1
2023,19,71,4,1
2016,0,44,3,1
2021,5,72,3,1
2020,11,43,4,1
2017,37,71,2,1
2018,0,42,0,1
2023,0,61,4,1
2019,73,71,4,1
2016,85,71,4,1
2017,27,14,4,0
2019,11,73,3,1
2021,63,13,3,1
2021,113,43,3,1
2016,13,61,4,1
2022,313,44,4,1
2017,37,71,3,1
2018,0,33,0,1
2022,89,71,4,1
2016,0,42,0,1
2022,119,13,3,1
2016,53,33,4,0
2020,163,23,4,1
2013,81,71,4,0.25
2023,71,71,2,1
2019,0,13,1,1
2021,51,72,2,0
2023,439,49,4,1
2021,77,44,3,1
2020,37,71,2,0.5
2014,3,65,4,0.25
2021,59,71,3,1
2023,0,21,0,1
2021,59,71,4,1
2014,107,71,3,0.75
2020,0,25,1,1
2020,143,21,4,1
2021,0,71,1,1
2021,355,49,2,1
2023,11,67,3,1
2020,0,13,3,1
2019,79,25,4,1
2019,47,46,4,1
2022,19,48,4,1
2021,0,34,0,1
2020,0,41,4,1
2021,0,40,3,1
2022,0,45,0,1
2018,31,52,4,1
2017,29,49,2,1
2016,0,44,2,1
2014,91,48,4,0.75
2019,121,49,4,1
2016,0,44,3,1
2018,33,45,4,0.75
2018,81,13,2,1
2019,3,65,4,1
2018,59,71,4,1
2016,0,47,4,1
2023,111,51,4,1
2019,0,47,1,0
2019,101,43,3,0.75
2018,143,42,4,0.5
2016,0,13,3,1
2017,61,71,3,1
2023,143,53,4,1
2014,0,49,0,0.75
2018,121,49,4,1
2016,0,62,4,1
2017,0,49,1,1
2021,11,73,4,1
2022,49,67,4,1
2022,0,72,0,1
2016,21,52,4,1
2018,0,47,1,1
2014,53,33,4,0.75
2016,79,71,4,1
2016,91,13,3,1
2017,453,49,2,1
2021,0,48,4,1
2022,0,14,1,1
2021,0,43,0,1
2021,0,42,4,1
2021,0,33,0,1
2021,45,32,4,1
2023,0,64,0,1
2016,23,12,3,1
2016,37,71,2,1
2022,13,71,3,1
2023,13,61,4,1
2016,0,62,4,1
2023,111,51,4,0
2020,21,43,3,1
2017,93,24,4,1
2022,139,25,4,0
2019,0,44,0,0.25
2023,65,54,4,1
2021,67,44,3,1
2020,0,33,1,1
2016,0,52,4,1
2017,39,72,3,1
2019,0,34,1,1
2020,479,49,4,1
2018,0,44,4,1
2017,1,98,2,0
2018,81,13,2,1
2016,111,71,4,1
2016,0,13,4,1
2022,0,41,4,1
2018,0,14,3,1
2022,33,73,2,1
2019,453,49,4,1
2016,3,65,4,0.25
2018,107,14,1,1
2016,25,25,4,1
2016,0,3,3,1
2021,71,43,3,1
2018,37,71,3,1
2016,0,23,1,0
2022,23,3,3,1
2023,37,33,4,1
2017,25,12,3,1
2016,0,14,1,0.75
2021,0,48,4,1
2022,67,44,3,1
2022,0,4,0,1
2021,35,73,4,1
2015,0,32,1,0.75
2022,0,44,3,1
2019,97,22,2,1
2018,99,23,3,1
2019,0,42,0,1
2021,0,13,4,1
2015,73,71,3,0.75
2013,0,3,3,0.25
2019,0,37,0,1
2016,37,71,3,1
2018,0,46,1,0.25
2021,0,62,0,1
2018,0,48,0,1
2021,33,73,4,1
2016,0,54,0,0.25
2019,139,25,4,1
2021,157,22,4,1
2021,73,71,3,1
2022,61,24,4,1
2017,71,13,3,0
2021,163,21,3,1
2022,21,44,2,1
2021,33,73,2,1
2017,105,25,4,1
2018,0,33,0,1
2022,105,43,4,1
2020,0,34,1,0
2022,0,23,3,1
2013,101,14,2,0.25
2023,81,71,4,1
2016,163,21,3,1
2016,141,49,2,1
2022,0,48,4,1
2023,0,62,4,1
2016,1,98,2,1
2018,0,23,1,1
2014,0,46,3,0.25
2019,7,12,3,1
2019,7,42,4,1
2023,0,24,0,1
2019,113,24,4,1
2017,107,40,3,1
2020,0,62,3,1
2015,0,44,0,0.75
2021,0,2,3,1
2022,5,3,3,1
2023,0,61,2,1
2016,85,49,2,1
2021,0,44,0,1
2018,139,23,3,0.5
2020,3,52,3,1
2022,0,62,4,1
2023,127,43,4,1
2017,11,67,3,1
2020,65,71,3,1
2023,93,13,4,1
2023,61,71,3,1
2021,59,71,4,1
2020,0,44,1,1
2015,85,71,2,0.75
2016,73,41,4,1
2021,0,72,0,1
2020,0,25,3,0
2018,0,47,3,1
2021,0,43,0,0
2021,0,47,0,1
2021,47,13,2,1
2022,0,33,4,1
2016,19,21,4,0
2023,13,52,3,1
2017,3,65,3,1
2016,0,34,0,1
2016,97,21,3,0.75
2020,73,71,3,1
2014,0,53,1,0.75
2021,0,25,0,0.75
2015,101,43,3,0.25
2022,0,12,4,1
2023,99,43,3,1
2022,151,44,3,1
2022,13,61,4,0.75
2022,61,24,3,1
2020,0,34,3,1
2017,103,13,3,1
2016,73,71,4,0.75
2021,65,71,2,1
2021,0,51,3,1
2020,13,61,2,1
2018,73,71,4,0.5
2021,0,41,0,1
2018,35,24,2,1
2020,135,44,3,1
2018,3,12,3,1
2016,157,49,4,1
2023,215,49,4,1
2016,33,73,4,1
2023,0,14,4,1
2013,71,71,4,0.25
2022,0,4,0,1
2022,1,71,3,1
2016,31,71,4,1
2020,381,49,4,1
2020,5,13,2,1
2022,27,3,3,1
2023,113,24,3,1
2019,89,13,1,1
2017,0,14,0,0
2016,113,21,4,1
2019,3,82,4,1
2018,0,54,4,1
2021,3,5,4,1
2017,31,21,2,1
2021,15,44,3,1
2021,0,42,0,0
2022,99,43,3,1
2018,55,45,4,1
2019,0,40,3,1
2022,0,40,0,0.5
2023,95,43,3,1
2016,0,47,1,1
2021,7,1,4,1
2019,201,49,2,1
2016,119,47,4,1
2021,0,14,3,1
2019,0,46,0,1
2017,31,21,2,1
2020,87,71,4,1
2017,31,65,4,1
2022,0,34,0,0
2018,133,14,4,1
2013,119,47,2,0.25
2019,0,31,1,1
2019,189,34,3,1
2023,0,40,0,0
2023,0,13,3,1
2016,71,43,3,1
2016,65,71,4,1
2023,1,13,3,1
2022,37,71,4,0.75
2022,13,71,3,0.75
2022,17,3,3,1
2021,95,71,4,1
2018,0,44,3,1
2014,103,43,4,0
2018,67,71,4,1
2020,37,54,4,1
2017,59,13,3,1
2018,59,71,4,0.5
2016,0,54,4,1
2021,39,12,3,1
2023,19,71,4,1
2016,201,49,4,1
2018,0,42,4,1
2022,93,24,3,1
2022,0,44,0,1
2019,0,44,4,1
2016,73,71,2,1
2020,0,54,1,1
2015,309,49,4,0.25
2023,0,44,0,1
2021,0,31,1,1
2016,13,12,2,0
2016,117,25,4,0
2020,9,43,4,1
2022,0,49,0,1
2018,77,71,4,1
2017,31,21,2,1
2023,0,49,0,0
2021,37,71,3,1
2017,49,24,2,1
2018,17,12,2,1
2018,85,71,2,1
2021,37,54,2,1
2023,27,3,3,1
2018,101,14,2,1
2013,0,22,1,0.25
2023,0,51,0,1
2019,53,73,2,1
2017,0,6,1,1
2018,91,14,3,1
2018,303,49,2,1
2018,0,43,4,1
2021,91,48,4,1
2017,3,65,4,1
2022,0,62,2,1
2023,0,49,1,1
2022,19,48,4,1
2017,3,11,3,0.75
2018,71,43,3,1
2017,37,21,3,0
2020,53,33,4,0
2020,309,49,4,1
2018,13,61,4,1
2016,59,71,4,1
2020,0,43,3,1
2023,127,25,1,1
2023,157,49,4,1
2020,0,3,2,0
2020,123,33,3,1
2016,37,71,2,1
2016,57,43,3,0.5
2016,0,2,1,1
2022,145,23,4,0
2023,45,24,4,1
2023,63,73,4,1
2023,25,61,4,1
2021,67,72,4,1
2020,15,12,3,1
2017,165,54,3,1
2017,0,25,1,1
2016,189,34,3,1
2022,103,43,4,1
2017,0,48,3,0.5
2019,93,24,3,0
2018,0,43,3,1
2016,0,73,4,1
2018,99,71,3,1
2017,119,42,4,1
2020,0,44,0,1
2021,0,56,4,0
2019,0,25,0,1
2014,0,48,3,0.25
2016,41,49,4,0
2020,183,47,4,1
2022,0,40,3,1
2017,0,33,1,1
2021,0,63,0,1
2020,59,71,4,0
2016,0,41,1,0.75
2016,67,71,4,1
2016,810,40,2,1
2023,0,40,3,1
2023,49,24,4,1
2017,95,43,4,1
2017,139,23,3,1
2021,0,72,0,1
2023,57,43,4,1
2020,0,33,1,1
2023,13,61,3,1
2018,1,47,4,1
2018,0,73,1,1
2016,0,61,0,1
2023,0,41,0,1
2014,21,23,4,0
2013,0,13,3,0.25
2018,0,22,0,1
2023,0,23,1,0
2023,0,32,1,1
2020,39,12,3,1
2019,163,23,2,1
2017,0,33,0,1
2022,99,71,4,1
2023,0,21,0,1
2018,0,23,4,1
2023,189,34,3,1
2022,0,13,0,1
2020,23,24,4,1
2017,0,44,3,1
2013,105,25,4,0
2021,439,49,4,1
2014,0,47,1,0
2023,73,45,4,1
2016,65,71,4,1
2023,107,71,3,1
2016,13,61,2,1
2017,0,63,3,1
2019,103,13,3,1
2022,355,49,2,1
2020,37,71,4,1
2017,141,49,2,1
2019,99,23,3,1
2019,119,47,4,1
2023,201,49,4,1
2015,0,54,0,0
2023,0,24,3,1
2023,1,71,3,1
2014,0,46,0,0.75
2016,149,54,4,0
2019,43,21,3,1
2016,0,54,4,0.5
2020,111,51,4,1
2019,21,47,4,0.5
2021,13,61,3,0.5
2019,0,54,3,1
2019,0,43,4,1
2020,67,71,4,1
2021,453,49,4,1
2018,0,43,3,1
2018,0,46,0,1
2023,0,54,1,1
2017,0,44,4,1
2019,59,71,4,1
2017,71,71,3,1
2023,97,22,4,1
2021,197,21,3,1
2013,0,61,0,0.75
2016,119,42,4,1
2017,0,31,0,1
2016,29,49,4,1
2023,47,13,2,0.75
2023,0,14,2,1
2023,81,23,2,1
2023,57,24,4,1
2021,33,73,3,1
2019,0,41,4,1
2022,77,23,2,1
2023,0,73,1,1
2023,41,71,4,1
2022,101,14,2,0.5
2018,0,42,1,0.5
2019,0,3,2,1
2023,35,22,4,1
2016,35,67,4,1
2023,33,43,4,1
2019,0,22,4,1
2017,37,71,2,1
2017,103,43,4,1
2016,47,13,2,1
2020,0,48,0,0
2022,201,49,4,1
2021,57,24,3,1
2018,0,14,4,1
2022,135,44,3,1
2019,0,62,2,1
2022,89,24,3,1
2020,0,13,0,1
2020,0,49,0,0.5
2019,201,49,4,1
2020,73,71,2,1
2019,0,73,4,1
2017,0,43,2,1
2021,0,32,4,1
2023,27,3,3,1
2020,1,1,4,1
2016,5,52,3,1
2022,0,61,4,1
2018,13,12,3,1
2016,0,49,0,1
2021,0,48,1,0.5
2018,35,22,4,1
2022,55,45,4,1
2013,0,54,0,0.25
2020,37,71,3,1
2021,0,13,3,1
2022,13,61,3,1
2020,0,43,3,1
2022,0,66,4,1
2019,13,71,3,1
2019,0,66,2,1
2014,0,47,1,0.25
2023,3,65,4,0.5
2020,53,73,4,1
2014,0,13,0,0.75
2021,0,25,0,1
2019,95,34,4,1
2020,91,14,3,1
2022,49,67,4,0.5
2020,0,44,0,1
2020,439,49,4,1
2022,167,22,4,1
2018,0,36,0,0.25
2021,0,43,3,1
2022,0,49,0,0.75
2021,21,12,3,1
2021,61,49,4,1
2014,25,61,4,0.75
2023,75,14,4,0
2021,0,43,3,1
2022,119,47,2,1
2018,73,71,3,1
2018,0,21,1,1
2013,97,41,4,0.75
2016,0,49,3,0.5
2022,37,71,2,1
2020,0,49,0,1
2023,43,21,3,1
2017,0,13,3,1
2022,0,45,0,1
2022,0,65,1,1
2023,0,67,0,1
2023,215,49,4,1
2021,53,73,2,1
2018,3,14,4,1
2019,103,45,3,1
2021,109,35,4,0
2018,0,61,0,1
2021,37,71,2,1
2023,67,72,4,1
2018,0,3,3,1
2021,0,54,0,1
2017,91,14,3,1
2021,201,49,4,1
2015,11,43,3,0.25
2023,439,49,4,1
2023,103,13,3,1
2022,153,24,3,1
2020,101,14,2,0
2017,0,31,1,0.75
2019,0,62,4,1
2017,37,71,3,1
2017,71,45,2,1
2023,0,63,3,1
2017,53,33,2,1
2016,0,24,1,1
2014,7,1,4,0.25
2019,17,71,3,1
2017,37,71,3,1
2017,81,13,2,1
2023,49,24,4,1
2021,31,65,4,0.5
2023,51,44,4,1
2018,0,23,1,1
2023,65,54,4,1
2022,119,54,3,0.75
2017,0,43,2,1
2019,65,54,4,1
2015,0,62,4,0.75
2018,37,71,2,1
2019,105,43,4,0.75
2017,0,47,0,1
2017,61,73,3,1
2017,47,71,3,0.5
2017,201,49,4,1
2021,81,13,2,1
2021,35,67,3,1
2018,13,31,4,1
2022,0,47,4,1
2023,29,13,3,1
2021,87,13,3,1
2018,0,14,0,1
2019,0,23,1,1
2023,0,37,1,1
2018,0,21,0,1
2023,139,23,3,1
2015,115,23,4,0.75
2022,35,12,3,1
2018,101,43,3,1
2020,3,65,4,1
2021,47,72,4,1
2020,31,21,4,1
2023,141,22,4,0
2019,39,49,3,1
2020,183,47,4,1
2019,85,71,2,1
2016,0,13,4,1
2016,49,67,2,1
2023,187,49,4,1
2016,103,13,3,1
2017,57,43,3,1
2017,7,71,3,1
2017,0,51,1,1
2013,441,49,4,0
2023,21,52,3,1
2022,109,53,4,1
2022,11,43,3,1
2019,23,12,3,1
2021,0,13,0,1
2016,3,12,3,1
2018,0,43,4,1
2016,33,43,4,0.75
2020,69,62,4,1
2018,85,71,4,1
2019,65,54,4,1
2016,0,54,0,0.5
2017,25,52,3,1
2018,81,71,4,1
2013,13,61,3,0
2021,0,53,0,1
2020,13,40,2,1
2013,0,31,0,0.75
2019,0,24,3,1
2019,375,49,4,1
2018,0,31,4,1
2023,1,71,2,1
2022,89,21,4,1
2021,1,1,3,1
2016,0,72,1,0
2016,29,72,4,1
2017,47,13,2,1
2018,0,49,0,1
2020,227,51,4,1
2019,41,71,4,0.75
2019,67,72,4,1
2018,109,35,4,1
2022,85,71,4,1
2019,0,12,4,0
2023,163,54,4,1
2020,0,49,0,1
2021,0,62,4,1
2019,53,33,4,1
2023,0,49,0,1
2023,153,31,4,1
2023,0,48,3,1
2016,43,52,4,1
2021,77,71,3,1
2019,1,71,4,1
2022,0,40,3,1
2023,11,67,3,1
2020,37,71,2,1
2016,0,49,1,0
2018,29,49,4,1
2016,1,71,4,0
2020,59,71,4,1
2021,0,62,3,1
2022,73,71,4,1
2019,0,62,3,1
2020,0,81,0,0.25
2017,85,49,4,1
2016,167,22,4,1
2021,53,73,3,1
2020,97,21,3,1
2023,35,67,2,1
2016,85,71,2,1
2017,99,43,3,1
2020,33,73,4,1
2022,0,47,3,1
2021,0,49,0,1
2021,439,49,4,0
2017,17,12,3,1
2022,89,22,3,1
2023,29,49,4,1
2021,0,24,0,1
2016,97,21,3,1
2017,89,71,4,1
2016,0,24,3,1
2022,29,71,4,1
2022,73,71,4,1
2021,1,71,4,1
2016,510,52,2,1
2019,0,53,4,1
2022,0,4,3,1
2017,0,32,0,1
2021,73,71,4,1
2023,97,21,3,1
2021,0,66,1,1
2017,0,62,4,1
2023,0,62,0,1
2021,0,13,4,1
2019,0,31,0,1
2016,19,71,4,1
2019,163,22,4,1
2017,491,49,3,1
2014,1,2,4,0
2020,0,24,1,1
2013,0,14,3,0
2019,99,23,3,1
2019,0,41,1,1
2021,0,49,1,1
2016,67,71,3,1
2018,0,12,4,1
2016,0,54,0,0.25
2021,117,43,4,1
2020,485,49,4,1
2023,0,14,4,1
2020,9,1,4,1
2019,163,21,3,1
2019,0,34,0,1
2020,0,21,0,1
2019,47,46,4,1
2015,0,36,0,0.75
2016,29,13,3,1
2023,0,43,0,1
2019,0,49,0,1
2023,91,13,3,1
2016,0,24,4,1
2023,71,13,4,1
2019,97,21,3,1
2016,73,71,3,1
2021,31,21,3,1
2021,47,13,2,0
2014,81,43,4,0.25
2018,35,24,2,1
2017,0,51,1,1
2019,0,51,3,1
2021,37,71,2,1
2023,39,12,3,1
2019,109,53,4,1
2016,0,51,0,1
2018,37,71,2,0.25
2016,0,53,1,1
2017,3,14,3,1
2019,0,23,1,1
2020,0,24,3,1
2019,0,34,0,0.5
2023,77,23,3,1
2023,27,3,3,1
2017,0,51,0,1
2022,9,43,4,1
2022,97,21,3,1
2021,0,44,4,1
2014,37,71,4,0
2017,0,71,1,0.75
2016,183,47,4,1
2019,0,13,1,1
2019,0,45,0,1
2020,183,47,2,1
2023,119,42,4,1
2016,27,13,3,1
2016,0,68,0,1
2020,0,41,0,1
2019,61,73,3,1
2023,15,44,3,1
2020,19,61,4,1
2023,0,31,0,1
2023,0,62,2,1
2021,99,43,3,1
2016,0,48,3,1
2020,0,23,4,1
2022,31,52,3,1
2019,0,24,1,1
2021,0,49,0,1
2018,0,13,0,1
2022,0,1,4,1
2022,0,24,1,1
2016,453,49,4,1
2022,0,52,4,1
2020,0,46,1,1
2016,55,71,4,1
2015,113,49,2,0.25
2018,303,49,4,1
2019,0,3,3,1
2021,0,53,0,1
2023,59,71,4,1
2016,37,71,2,1
2018,163,23,3,1
2016,0,40,3,1
2020,7,12,3,1
2018,197,21,3,0.75
2016,0,3,2,1
2020,71,71,4,1
2023,67,44,3,1
2023,0,14,3,1
2021,113,71,3,1
2017,113,24,4,1
2020,0,54,0,1
2022,0,51,1,1
2020,37,71,2,1
2022,31,21,4,1
2017,0,3,3,1
2016,35,12,3,1
2019,91,32,3,1
2023,45,24,4,1
2022,0,25,0,1
2021,61,43,4,1
2017,0,12,4,1
2016,0,4,3,1
2019,0,56,1,0.5
2016,65,71,3,1
2016,37,71,4,1
2019,97,21,3,1
2023,117,25,4,1
2021,31,52,3,1
2023,73,71,2,1
2023,0,34,0,1
2021,1,43,4,1
2019,37,71,4,1
2018,491,49,4,1
2017,7,1,4,1
2019,0,51,0,1
2014,0,49,0,0.75
2017,57,43,3,1
2021,63,73,4,1
2017,0,56,0,1
2021,37,71,3,1
2014,65,71,4,0.75
2013,125,23,3,0.75
2020,19,14,3,1
2023,0,37,1,1
2017,245,44,4,0
2016,0,63,0,1
2020,31,21,3,0
2023,0,24,2,1
2023,31,21,3,1
2022,13,61,4,1
2018,9,43,4,1
2023,21,47,4,1
2019,0,44,3,1
2020,61,13,2,1
2016,1,71,4,1
2021,0,40,3,0
2021,0,14,1,1
2023,0,43,4,1
2023,0,62,4,1
2020,0,62,4,1
2016,85,49,4,1
2023,3,65,4,1
2020,67,71,3,1
2018,187,54,4,1
2017,79,25,2,1
2019,183,47,2,0
2022,0,24,0,1
2021,95,43,4,1
2022,0,46,1,1
2023,0,54,0,1
2019,0,4,1,1
2017,105,43,4,1
2019,37,71,4,1
2018,0,56,0,1
2023,0,63,3,1
2019,439,49,4,1
2023,45,14,3,0.25
2019,13,61,2,1
2016,0,56,4,0.75
2021,71,43,4,1
2017,51,47,4,1
2018,111,51,4,1
2021,59,71,4,1
2017,59,71,4,1
2016,0,23,0,0.75
2014,5,13,2,0
2023,650,40,3,1
2019,0,49,0,1
2019,0,40,2,1
2017,0,25,0,1
2018,59,71,4,1
2013,49,67,4,0.25
2019,157,54,2,1
2021,33,73,4,1
2016,0,47,3,0.75
2020,0,31,1,1
2022,0,51,0,1
2017,0,73,0,1
2022,0,3,0,1
2022,0,62,4,1
2020,53,73,4,1
2019,43,21,3,0
2014,0,21,0,0
2017,381,49,4,1
2018,0,23,0,1
2019,71,45,2,1
2023,13,61,2,1
2016,0,43,0,0.5
2023,0,62,4,1
2019,0,48,4,1
2021,11,43,3,1
2022,0,32,0,1
2020,0,3,3,1
2023,0,73,0,1
2022,35,24,3,1
2019,31,21,2,1
2018,37,71,3,1
2017,19,34,4,0
2019,165,54,3,1
2018,11,1,4,1
2023,0,67,0,0
2020,77,23,3,1
2022,0,40,4,1
2023,85,13,2,0.75
2014,0,33,1,0.75
2023,99,23,3,1
2021,161,21,4,1
2023,17,3,3,1
2020,0,62,3,1
2019,215,49,4,0
2020,0,40,3,0
2023,91,14,3,1
2021,101,14,2,1
2023,0,6,1,1
2023,85,71,4,1
2015,35,24,3,0
2016,0,36,1,1
2017,31,21,2,1
2016,37,71,2,1
2021,97,43,4,1
2017,19,61,3,1
2013,67,71,4,0.25
2016,97,22,4,1
2020,0,14,1,1
2020,53,73,4,0.5
2015,760,40,2,0.75
2019,11,1,4,1
2014,3,12,3,0
2021,0,66,4,1
2013,47,13,2,0.25
2019,0,44,0,0
2019,115,43,4,1
2022,89,71,4,1
2013,101,25,4,0.75
2018,0,37,1,1
2023,59,51,4,1
2020,103,13,3,1
2019,0,62,2,1
2019,37,71,4,1
2019,43,21,3,1
2021,0,40,0,1
2023,17,45,4,1
2023,0,31,1,1
2016,73,71,3,1
2023,17,43,4,1
2020,0,72,1,1
2019,53,73,3,1
2018,0,64,0,1
2020,29,13,4,1
2018,1,71,2,1
2018,0,68,0,1
2016,0,22,1,0
2015,0,51,1,0
2018,73,71,4,1
2021,0,23,1,1
2014,67,71,4,0.25
2017,0,62,0,1
2016,453,49,2,1
2021,0,49,0,1
2021,21,47,4,1
2019,161,21,4,1
2021,13,52,3,1
2018,0,45,3,1
2018,0,14,0,1
2020,3,12,3,1
2017,0,33,1,1
2023,0,34,0,1
2014,0,25,0,0.75
2021,67,71,3,1
2017,25,25,4,1
2018,63,73,4,1
2019,65,71,4,1
2020,0,22,1,1
2022,105,43,4,1
2014,485,49,4,0.25
2023,113,49,4,0
2021,111,21,3,1
2021,0,41,4,1
2018,67,71,2,1
2022,0,4,1,1
2022,3,41,4,1
2023,0,24,1,1
2022,3,12,3,1
2019,37,71,3,1
2017,17,24,3,1
2018,37,71,3,1
2022,0,62,4,1
2017,191,47,4,1
2013,0,3,3,0.25
2023,37,71,3,1
2023,0,25,1,1
2017,0,13,1,0.5
2023,73,43,4,0
2018,0,66,0,1
2023,0,34,0,1
2018,0,3,3,1
2023,43,66,3,1
2021,0,43,0,1
2016,0,24,1,0
2023,33,73,2,1
2020,133,25,3,1
2018,0,14,0,1
2019,0,45,0,1
2020,0,4,1,1
2020,0,25,0,1
2022,0,51,0,1
2018,149,54,4,1
2018,79,25,2,1
2020,27,61,4,1
2016,3,3,4,1
2021,3,22,4,1
2023,0,47,0,1
2019,93,24,4,1
2021,89,21,4,1
2023,59,71,4,1
2020,1,1,4,0.75
2018,27,53,4,1
2018,0,54,0,1
2021,0,14,4,1
2022,510,52,2,1
2016,0,67,0,1
2020,0,33,1,1
2017,13,61,2,1
2017,13,61,4,1
2022,17,12,3,1
2017,0,35,1,1
2014,11,14,3,0.75
2019,25,61,4,1
2016,119,47,4,1
2021,9,1,4,1
2023,29,49,2,1
2018,0,72,1,1
2021,0,40,0,1
2018,0,51,0,1
2019,0,14,0,1
2017,13,61,2,1
2018,9,54,3,1
2022,71,13,4,1
2023,0,62,2,1
2018,0,41,3,1
2023,7,5,3,1
2017,0,23,0,1
2020,73,71,3,1
2022,73,71,4,1
2023,453,49,4,1
2022,700,40,2,1
2018,73,71,4,0
2021,73,71,2,1
2014,103,13,3,0
2015,0,44,0,0.75
2022,93,54,4,1
2022,71,71,4,1
2017,37,71,2,1
2017,0,33,0,1
2016,63,73,4,0.5
2020,37,71,3,0.75
2022,201,49,4,1
2016,61,13,2,1
2018,65,71,2,1
2021,0,3,3,1
2018,31,21,3,1
2016,45,24,4,1
2019,121,49,4,1
2020,0,63,0,0.5
2019,0,49,0,0
2016,0,62,0,1
2019,19,72,1,0
2022,93,13,4,1
2019,0,14,1,1
2016,201,49,4,0.25
2020,37,71,3,1
2016,23,12,4,0.25
2016,77,71,3,1
2022,3,11,3,1
2022,121,49,4,1
2019,0,56,0,1
2023,0,46,0,1
2017,35,73,4,1
2020,119,47,4,1
2021,439,49,4,1
2018,139,23,3,1
2016,13,31,4,0
2018,0,33,0,1
2022,111,71,3,1
2019,1,1,4,1
2022,17,3,4,1
2013,13,61,4,0.75
2023,0,53,1,0
2020,143,21,4,1
2022,83,13,4,1
2023,71,43,4,1
2019,1,47,4,1
2018,23,12,3,1
2019,81,13,2,1
2014,183,47,4,0.75
2023,45,14,3,1
2021,37,71,4,1
2019,37,71,3,1
2019,0,14,3,0
2019,0,34,1,1
2021,37,71,2,1
2016,3,41,4,0.75
2022,189,34,3,1
2017,145,33,4,0.5
2018,439,49,4,1
2022,0,34,0,1
2016,0,21,0,1
2019,95,71,4,1
2022,95,22,4,1
2016,0,42,4,1
2017,119,42,4,1
2019,29,14,3,1
2013,453,49,4,0.75
2018,29,49,4,1
2018,0,22,0,1
2021,59,13,3,1
2015,0,21,0,0.25
2023,35,24,3,1
2023,65,71,3,1
2016,59,71,4,1
2015,0,3,3,0
2018,0,54,0,1
2021,0,43,4,1
2023,0,21,0,1
2023,0,49,0,1
2021,0,3,3,1
2013,0,52,4,0.75
2016,37,71,2,1
2022,133,25,4,1
2022,37,71,2,1
2022,0,43,0,1
2015,0,46,0,0.25
2018,25,3,2,1
2017,1,71,4,1
2023,0,49,0,1
2018,0,24,0,1
2023,0,66,1,1
2017,27,52,4,1
2022,0,63,0,0.5
2022,49,14,4,1
2014,0,42,0,0.25
2023,439,49,4,1
2019,0,40,3,1
2020,0,6,4,1
2023,79,25,2,0.5
2018,0,3,3,1
2013,61,73,4,0.25
2023,59,71,3,1
2022,0,49,0,1
2023,75,71,2,1
2023,27,12,3,1
2018,197,21,3,1
2022,0,52,4,0.5
2023,77,23,3,1
2023,37,71,2,1
2020,13,71,4,1
2023,0,62,3,1
2017,55,13,3,1
2016,67,71,4,1
2022,190,1,3,1
2022,73,71,3,1
2020,0,36,1,1
2020,31,21,3,1
2019,0,46,1,0.75
2016,103,13,3,0
2019,0,43,3,1
2022,19,14,3,1
2018,0,44,0,1
2020,0,31,1,0
2015,0,49,0,0.25
2023,1,71,4,1
2021,29,49,4,1
2020,3,22,4,1
2021,111,51,4,1
2022,189,54,3,1
2022,47,13,2,1
2023,37,71,4,1
2021,63,13,4,1
2023,0,14,1,1
2017,33,73,4,0.75
2022,61,13,2,1
2022,0,33,4,1
2017,0,47,0,1
2019,0,61,3,1
2016,47,71,3,0.75
2021,0,23,1,1
2020,31,71,4,0
2019,0,4,3,1
2021,183,47,4,1
2020,35,24,2,1
2019,61,73,4,1
2022,29,12,3,1
2019,99,43,3,1
2019,21,43,4,1
2016,103,13,3,1
2019,135,44,3,1
2018,0,36,0,0.75
2017,61,73,3,1
2023,0,13,4,1
2022,23,24,4,1
2021,550,40,3,1
2021,37,71,2,1
2016,31,21,3,0.75
2014,0,67,0,0.25
2022,111,51,4,1
2020,5,11,3,1
2019,0,14,0,1
2013,0,53,0,0.75
2023,0,22,3,1
2018,0,71,1,1
2018,0,14,3,1
2018,0,73,1,0
2016,85,71,2,1
2018,0,13,3,1
2022,55,13,3,1
2019,29,49,4,1
2023,85,49,4,1
2016,25,25,4,1
2020,0,34,1,0.5
2020,103,43,3,1
2019,201,49,3,1
2023,0,37,1,1
2017,0,73,0,1
2023,33,73,2,1
2019,0,13,4,1
2023,0,33,3,1
2018,61,13,2,1
2016,0,51,0,1
2022,0,34,0,1
2021,111,71,4,1
2022,163,31,4,1
2016,0,36,0,1
2023,113,49,2,1
2018,0,40,4,1
2021,0,23,3,1
2017,47,13,2,1
2022,49,14,3,1
2016,157,49,4,1
2020,111,71,3,1
2023,47,13,2,1
2020,37,71,2,1
2022,0,1,0,1
2017,73,71,2,1
2019,0,25,0,1
2019,31,21,4,1
2020,13,61,3,1
2018,31,21,4,1
2019,29,13,3,1
2023,0,34,4,1
2018,31,52,3,1
2020,0,43,3,1
2016,491,49,4,0.5
2016,163,22,4,0
2022,0,34,0,0
2014,0,81,0,0.25
2018,0,47,0,1
2022,35,24,3,1
2022,73,43,4,1
2020,0,14,3,1
2021,0,22,1,1
2018,67,71,2,1
2023,63,73,4,1
2019,0,23,1,0.75
2017,0,54,0,1
2019,0,13,2,1
2018,0,48,0,1
2016,0,51,4,1
2017,73,43,4,1
2021,0,31,0,0.75
2022,17,3,3,1
2019,183,34,4,1
2020,95,34,4,1
2023,37,71,2,1
2019,1,1,4,1
2019,0,31,4,1
2019,0,62,4,1
2019,59,71,4,1
2016,51,44,4,1
2018,0,3,3,1
2018,13,71,4,1
2018,13,61,3,1
2016,0,72,4,1
2018,107,14,1,1
2020,135,44,3,1
2016,1,71,4,1
2022,73,71,2,1
2017,59,13,3,1
2022,0,61,4,1
2016,91,32,4,0
2018,0,54,0,1
2020,1,1,4,1
2016,31,21,2,1
2020,53,73,4,1
2017,0,47,4,1
2022,35,24,2,1
2018,21,23,4,1
2021,99,43,3,1
2022,43,21,4,1
2014,85,71,4,0.25
2022,61,13,2,0
2023,453,49,4,1
2015,75,71,2,0
2018,7,71,4,1
2019,313,44,4,0
2017,143,42,4,1
2020,0,34,1,0
2023,169,24,1,1
2018,0,22,4,1
2018,11,73,2,1
2018,3,82,3,1
2023,0,14,3,0
2017,87,71,4,1
2019,35,12,3,1
2015,3,82,3,0
2023,189,34,3,1
2019,65,23,4,1
2020,35,24,3,1
2021,61,73,3,0
2023,61,24,4,1
2021,13,61,3,1
2022,57,43,3,1
2017,41,40,3,1
2021,59,25,3,1
2018,21,23,4,0
2023,37,71,2,0.5
2018,0,62,3,1
2020,31,21,2,1
2017,99,23,3,1
2019,81,13,2,0.5
2013,31,21,2,0.75
2020,57,67,4,1
2019,111,43,4,0
2020,0,43,3,1
2019,53,73,4,1
2023,53,73,4,1
2023,149,54,4,1
2016,0,49,0,0
2022,141,49,2,1
2020,0,56,0,1
2022,0,35,0,0
2021,107,71,4,1
2021,3,1,4,1
2022,0,33,4,1
2016,33,46,3,1
2023,141,22,4,1
2021,73,71,4,1
2016,0,61,3,0.75
2019,37,71,3,1
2022,3,65,4,1
2020,97,71,4,0.75
2021,125,23,4,1
2021,381,49,4,1
2023,0,21,1,1
2016,0,14,0,1
2017,0,33,0,1
2013,0,21,0,0.25
2017,0,52,4,1
2017,0,14,1,0
2018,0,13,4,1
2019,113,49,4,1
2021,0,43,0,1
2019,0,22,0,1
2023,0,23,1,1
2014,0,25,4,0.75
2022,0,72,4,0.75
2019,1,1,2,1
2022,0,13,2,0
2018,0,43,0,1
2023,79,25,2,1
2021,13,12,3,1
2019,0,33,1,1
2016,491,49,3,0.75
2020,43,14,3,1
2013,85,49,2,0.25
2023,0,14,4,1
2013,29,71,4,0
2021,105,43,4,1
2021,0,54,4,1
2013,0,72,1,0.25
2016,13,61,3,1
2022,0,48,4,1
2014,61,24,3,0.75
2018,439,49,3,1
2020,0,65,0,1
2016,0,34,0,1
2014,37,33,4,0
2022,109,53,4,1
2015,0,47,1,0.75
2021,31,52,4,1
2020,0,54,0,0.5
2019,201,49,4,1
2021,0,46,1,1
2018,129,14,3,1
2021,13,61,2,1
2018,27,49,4,1
2019,59,13,3,1
2017,77,71,4,1
2016,151,44,3,1
2016,223,44,3,1
2019,0,49,1,1
2020,37,71,2,1
2017,59,71,4,1
2022,63,25,4,0.5
2014,65,71,3,0
2021,91,32,4,1
2018,0,24,3,1
2020,0,31,0,1
2018,0,31,0,1
2020,59,13,3,0
2021,125,23,3,1
2020,0,14,3,1
2023,0,54,0,1
2017,0,66,4,1
2019,0,71,3,1
2015,0,23,1,0
2022,121,44,2,1
2021,0,13,1,1
2020,0,24,1,1
2017,0,2,4,1
2017,17,14,3,1
2018,59,71,2,1
2019,31,52,3,1
2020,0,49,0,0
2018,491,49,4,1
2023,0,44,4,1
2019,33,73,4,1
2017,0,45,3,1
2013,29,12,3,0.25
2020,0,31,0,1
2021,37,71,3,0.75
2023,29,72,4,1
2018,0,61,1,1
2019,0,13,3,1
2023,453,49,4,1
2016,11,43,3,1
2022,99,43,3,1
2020,189,34,3,1
2017,0,66,0,1
2022,0,51,0,1
2019,0,21,0,1
2017,163,31,4,1
2023,37,71,3,1
2020,37,71,4,0
2018,99,34,3,1
2022,5,3,3,0
2019,0,14,1,1
2023,13,61,4,1
2018,97,21,3,1
2021,0,47,3,1
2022,0,41,0,1
2017,0,40,0,1
2017,17,12,3,1
2019,215,49,4,1
2023,21,43,3,1
2021,99,43,3,1
2016,59,71,4,1
2021,25,25,4,1
2022,67,72,4,1
2021,0,34,4,0
2020,0,40,4,1
2016,89,71,4,1
2023,0,49,0,1
2016,37,71,4,1
2020,201,49,4,1
2016,37,71,3,1
2022,0,63,0,1
2016,201,49,4,1
2018,1,1,3,1
2016,71,34,3,1
2016,439,49,3,1
2020,0,44,0,1
2017,3,14,3,1
2022,0,42,1,1
2021,201,49,4,1
2023,0,56,0,1
2017,3,82,2,1
2023,11,43,4,1
2019,0,3,2,1
2023,355,49,4,1
2020,381,49,4,1
2019,81,13,2,1
2023,61,13,2,1
2017,179,54,4,0
2023,105,43,4,1
2016,3,65,3,1
2020,59,71,3,1
2020,85,13,2,1
2016,0,73,0,1
2019,61,73,3,1
2023,0,33,4,1
2016,0,62,4,1
2018,47,13,2,1
2017,1,98,2,1
2022,0,14,1,1
2021,0,22,1,1
2017,135,44,3,1
2018,23,12,3,1
2021,0,46,1,1
2021,0,49,0,0.75
2021,79,25,2,1
2023,63,47,4,0
2017,0,33,1,1
2023,0,49,1,1
2018,0,43,0,1
2020,0,40,3,1
2020,0,48,3,1
2018,25,52,3,1
2018,113,49,2,1
2021,3,22,4,1
2022,0,21,1,0
2017,29,71,4,1
2019,0,21,0,1
2023,73,71,2,1
2019,179,21,3,1
2023,47,13,2,1
2021,53,33,3,1
2019,31,21,3,1
2023,67,71,4,1
2015,11,43,3,0.25
2018,61,24,3,1
2022,113,44,3,0.5
2018,37,71,3,1
2016,0,48,4,1
2021,37,71,2,1
2018,0,21,1,1
2021,169,24,1,1
2022,31,21,2,1
2019,25,52,3,1
2014,67,71,4,0.25
2017,109,35,4,1
2023,99,43,3,1
2021,19,71,3,1
2020,0,34,4,1
2018,0,22,0,1
2021,13,61,3,0
2017,0,53,0,1
2017,245,44,4,1
2019,17,12,2,1
2019,85,43,3,0
2022,51,72,4,1
2019,0,49,3,1
2018,0,66,4,1
2017,57,67,4,1
2017,85,43,3,1
2017,5,72,3,1
2023,0,1,3,1
2013,0,47,1,0
2022,59,13,3,1
2022,61,24,4,0.75
2021,215,49,4,1
2021,183,34,4,1
2018,51,72,4,1
2015,0,49,0,0.75
2021,0,14,0,0.75
2021,77,71,4,1
2019,45,14,3,1
2017,133,25,4,1
2018,37,71,4,1
2014,0,49,3,0.75
2018,45,24,4,1
2022,0,33,0,1
2015,103,43,4,0
2023,143,53,4,1
2014,0,42,0,0.25
2016,43,21,4,1
2022,27,12,3,1
2018,201,49,2,1
2018,55,71,4,1
2020,0,44,0,0
2021,63,13,3,1
2019,25,3,2,1
2021,0,40,4,1
2022,113,49,4,1
2017,31,21,2,1
2023,15,12,3,1
2015,21,23,4,0.75
2023,9,43,3,1
2022,101,43,3,1
2016,31,21,2,0.5
2022,0,48,0,0
2019,0,46,1,0.25
2022,1,98,2,1
2021,13,61,4,1
2022,71,71,4,1
2023,69,43,3,1
2018,0,40,3,1
2013,810,40,2,0.75
2021,63,73,4,1
2018,0,33,0,1
2016,0,53,1,1
2017,91,48,3,1
2019,0,32,2,1
2020,63,47,4,1
2022,35,43,3,1
2022,55,13,2,1
2018,103,13,3,1
2021,95,43,4,1
2020,61,43,4,1
2023,15,12,3,1
2022,0,63,0,1
2020,0,48,3,1
2023,29,49,2,1
2018,119,42,4,1
2021,119,47,4,1
2022,0,44,0,1
2022,95,34,3,1
2013,0,54,0,0.75
2021,0,43,3,1
2019,5,52,4,1
2017,11,43,3,1
2023,101,43,3,1
2016,0,14,0,1
2022,0,23,1,1
2015,67,71,4,0.75
2022,73,71,4,1
2015,9,43,4,0.75
2022,0,42,1,1
2019,63,44,3,1
2018,141,49,4,1
2020,0,33,0,1
2022,0,24,4,0.5
2014,0,40,0,0.25
2016,11,14,3,1
2013,1,71,4,0.25
2021,43,21,3,1
2023,83,43,4,0.75
2022,0,43,4,1
2014,75,71,2,0.75
2022,0,21,1,1
2018,133,14,4,1
2023,0,64,4,1
2018,3,65,4,1
2022,97,22,4,1
2018,33,73,4,1
2019,111,21,3,1
2021,81,71,4,1
2016,67,71,4,1
2023,355,49,2,1
2016,47,13,2,1
2022,113,49,4,1
2021,31,12,3,0.5
2022,0,45,3,1
2017,0,56,4,1
2023,0,13,4,0
2022,37,71,4,1
2023,113,49,4,1
2017,0,13,3,1
2022,173,24,3,1
2016,37,71,3,1
2023,0,40,2,0.75
2020,17,14,3,1
2018,201,49,3,1
2021,113,21,4,1
2021,37,71,3,1
2016,33,52,3,1
2016,0,34,1,0.5
2023,87,71,4,1
2023,45,14,3,1
2023,37,71,2,1
2021,0,14,0,1
2018,0,41,4,1
2022,183,47,4,1
2020,0,14,1,1
2014,37,71,2,0.25
2016,75,71,2,1
2020,0,21,0,1
2019,73,71,3,1
2018,189,34,3,1
2019,23,12,3,1
2018,37,71,4,1
2021,35,12,3,1
2017,0,40,3,1
2019,0,44,4,1
2017,39,49,3,1
2018,0,41,1,1
2014,0,41,0,0.25
2021,0,62,4,1
2018,37,71,2,1
2019,453,49,4,1
2014,49,67,4,0.75
2021,139,44,4,1
2023,27,12,3,1
2020,119,42,4,1
2014,133,14,4,0.25
2021,0,13,0,1
2023,0,1,4,1
2017,3,14,3,1
2015,77,71,3,0.75
2020,0,13,0,1
2020,31,21,3,1
2023,29,49,4,1
2017,39,49,3,0
2020,55,35,4,1
2016,453,49,4,1
2023,163,22,4,0
2018,49,67,4,1
2021,0,67,0,1
2022,0,21,0,1
2014,0,43,4,0.75
2021,39,72,4,1
2022,0,53,0,0
2015,0,61,0,0.75
2020,21,52,4,1
2023,45,32,4,0.5
2018,0,45,3,1
2016,111,21,3,1
2021,0,54,0,1
2023,59,13,3,1
2021,0,49,0,1
2020,0,49,0,1
2021,31,43,2,0
2019,309,49,4,1
2016,0,13,3,0.5
2014,71,71,4,0
2021,339,49,4,1
2020,83,13,4,1
2019,0,25,0,1
2017,29,49,4,1
2016,0,35,0,1
2015,43,21,3,0.75
2016,73,43,4,1
2013,71,45,2,0.25
2018,0,40,3,1
2016,67,71,3,1
2018,0,51,0,1
2021,0,3,3,1
2020,0,40,0,1
2019,57,44,3,0.5
2019,37,71,3,1
2023,101,25,4,1
2017,0,62,1,1
2014,31,43,2,0.75
2019,0,51,1,1
2022,0,34,1,1
2020,13,61,2,1
2022,13,12,3,1
2017,71,71,3,1
2017,65,71,4,1
2020,0,3,2,0
2017,19,2,4,1
2019,7,12,3,1
2021,37,71,3,1
2017,119,47,2,1
2022,39,22,4,1
2021,103,13,3,1
2016,3,14,2,1
2016,0,34,1,1
2020,0,42,4,0.5
2019,103,43,4,1
2015,37,71,3,0
2023,0,34,1,1
2017,7,71,3,0.25
2020,3,82,3,1
2019,71,45,2,1
2021,89,71,4,1
2017,5,13,2,1
2019,37,71,3,1
2021,3,14,3,1
2016,0,24,3,1
2023,61,13,2,1
2018,0,43,0,0
2022,43,21,4,1
2017,0,14,4,1
2018,75,71,2,1
2017,0,22,3,1
2023,13,52,3,1
2016,33,73,4,1
2023,0,51,0,1
2019,0,62,2,1
2022,37,54,2,1
2019,85,13,2,1
2021,0,31,1,1
2016,71,71,4,1
2021,47,13,2,1
2016,111,51,4,1
2019,201,49,4,1
2021,85,49,2,1
2017,0,53,2,1
2020,99,43,4,1
2018,0,41,1,1
2020,1,1,4,0
2019,0,33,4,0.5
2023,127,22,3,1
2019,67,71,4,1
2018,0,43,3,1
2022,71,13,4,1
2023,0,44,0,0.5
2022,65,71,4,1
2019,7,12,4,1
2022,5,72,3,1
2017,73,71,4,1
2016,0,31,0,1
2020,0,14,1,1
2021,73,43,4,1
2016,109,45,4,0
2019,453,49,4,1
2020,5,11,3,1
2019,0,37,1,1
2015,0,56,4,0
2021,31,21,3,1
2016,15,1,3,1
2016,183,34,4,0
2022,37,71,4,1
2019,167,21,4,1
2023,0,54,3,1
2021,65,71,4,1
2021,113,49,3,1
2018,0,61,3,1
2021,0,34,4,1
2018,51,72,4,1
2018,75,71,2,1
2019,0,44,2,1
2016,57,43,3,1
2023,29,13,3,1
2019,3,14,3,1
2017,0,54,0,1
2016,51,72,2,1
2022,650,40,3,1
2016,0,48,3,1
2022,0,45,3,1
2014,89,24,3,0.25
2022,31,43,4,1
2018,67,71,3,1
2022,0,61,4,1
2016,0,64,1,1
2020,0,31,0,1
2023,59,13,3,1
2022,0,14,0,1
2017,0,66,0,1
2023,0,52,0,1
2020,0,32,0,1
2018,201,49,4,1
2023,87,71,4,0
2017,107,71,4,1
2016,0,56,0,1
2016,0,32,4,1
2020,0,34,0,1
2023,0,44,0,1
2023,35,24,3,1
2022,29,71,4,1
2023,0,36,1,1
2019,0,36,1,1
2014,0,54,0,0.25
2021,3,1,3,1
2020,125,23,3,1
2023,17,36,4,1
2021,0,14,0,1
2021,99,43,3,1
2020,19,71,4,1
2016,57,43,3,1
2021,27,61,4,1
2020,13,61,4,1
2019,0,44,4,1
2023,7,6,4,1
2022,75,71,2,1
2018,29,71,4,1
2023,0,47,4,1
2019,33,43,4,1
2023,453,49,4,1
2020,91,32,3,1
2023,0,51,1,1
2016,153,24,4,1
2022,3,65,2,1
2019,79,25,2,1
2022,0,46,3,1
2019,0,41,0,1
2020,63,22,3,1
2020,45,24,4,1
2020,3,1,3,1
2021,0,66,1,1
2019,183,34,4,1
2019,0,13,1,1
2018,0,31,4,1
2021,0,63,0,1
2019,5,11,3,1
2022,3,65,4,1
2023,37,71,2,1
2021,0,63,4,1
2015,9,43,4,0.25
2018,0,66,3,1
2017,0,72,0,1
2022,0,73,0,1
2021,53,43,3,1
2022,0,41,4,1
2013,33,43,4,0.25
2023,0,23,1,1
2017,0,56,1,1
2020,35,24,3,1
2014,451,49,4,0
2019,3,24,4,1
2019,3,65,2,1
2023,0,23,0,1
2019,35,73,4,1
2022,85,24,3,1
2019,0,51,0,1
2018,0,51,3,1
2023,29,49,4,1
2017,439,49,4,1
2020,37,71,4,1
2021,33,73,2,1
2019,85,71,2,1
2021,23,12,3,1
2017,0,56,3,1
2015,39,49,3,0.25
2018,37,71,3,1
2022,0,43,3,1
2023,0,72,4,1
2017,113,21,4,0.5
2019,0,62,2,1
2021,0,13,3,0.5
2019,510,52,2,1
2021,83,43,4,1
2017,0,4,1,1
2020,101,43,3,1
2020,37,71,3,1
2022,61,73,3,1
2022,99,43,3,1
2019,157,49,4,1
2021,0,34,1,1
2021,0,33,0,1
2021,0,24,3,1
2021,0,3,3,1
2021,0,33,0,1
2023,9,3,3,1
2017,163,22,4,1
2019,105,43,4,1
2023,0,32,4,1
2020,15,1,3,0
2020,19,61,4,0
2020,0,36,0,1
2017,57,43,4,1
2016,0,25,1,1
2018,0,41,0,1
2021,0,40,3,1
2021,65,71,4,1
2019,67,71,4,1
2018,0,49,0,1
2022,145,23,4,1
2017,0,49,0,1
2018,201,49,4,1
2023,3,65,4,1
2022,201,49,4,1
2020,0,66,2,1
2021,0,46,3,1
2017,0,63,0,1
2017,0,24,0,1
2021,133,24,3,1
2020,43,21,4,1
2020,37,12,3,1
2017,453,49,4,1
2019,53,73,3,1
2019,63,47,4,1
2018,153,24,4,1
2016,81,13,2,1
2018,0,40,3,1
2023,149,54,4,1
2019,31,12,3,1
2018,0,68,0,1
2014,77,71,4,0.75
2021,0,21,0,1
2019,73,71,4,1
2019,760,40,2,1
2021,3,52,3,1
2023,0,54,4,0
2022,3,14,3,1
2018,101,14,2,1
2022,0,21,4,1
2023,73,71,4,1
2019,67,71,3,1
2021,103,13,3,0.25
2023,19,43,3,1
2020,0,62,2,1
2023,27,49,4,1
2016,201,49,4,1
2023,103,13,3,1
2021,33,45,4,1
2022,85,49,3,1
2022,0,67,0,1
2022,101,14,2,1
2016,0,13,1,1
2021,0,41,1,1
2017,0,40,3,1
2016,61,24,4,1
2021,31,21,2,1
2022,63,73,4,1
2017,0,48,1,1
2020,0,12,4,1
2020,91,32,3,1
2017,91,14,3,1
2023,71,43,4,1
2019,0,24,4,1
2020,23,12,3,1
2019,0,53,0,1
2017,0,32,1,1
2020,71,14,3,1
2023,99,43,4,1
2016,97,71,4,1
2019,33,73,4,1
2023,61,24,4,0
2023,35,73,4,1
2022,143,53,4,1
2021,0,21,0,1
2021,0,56,0,1
2017,15,12,3,1
2019,0,23,1,1
2019,171,33,3,0.25
2017,0,52,0,1
2017,0,46,1,1
2022,53,73,4,1
2018,17,14,3,1
2017,37,71,4,1
2023,163,23,4,1
2013,29,72,4,0
2021,37,71,3,0
2015,0,33,1,0
2018,83,71,4,1
2021,0,63,4,1
2018,0,56,1,1
2020,0,48,3,1
2016,61,71,4,1
2017,0,40,4,1
2019,85,14,3,0
2020,0,3,3,1
2013,0,62,4,0
2017,13,61,3,1
2017,105,43,4,1
2013,0,47,0,0.75
2023,29,49,2,1
2018,0,45,0,1
2022,0,40,0,1
2020,0,47,4,1
2021,33,73,3,1
2017,73,71,4,1
2023,0,62,4,1
2018,0,62,3,1
2018,85,49,2,1
2013,97,41,4,0.25
2017,69,62,4,0
2019,103,13,3,1
2023,0,21,1,1
2019,85,13,2,1
2019,0,51,0,1
2014,39,12,3,0.75
2019,37,71,4,1
2020,111,21,3,1
2017,0,64,1,1
2016,119,42,4,1
2016,0,32,1,1
2022,13,71,3,1
2020,41,71,4,1
2016,31,43,2,0
2022,5,3,3,1
2021,55,45,4,1
2014,113,24,3,0.75
2020,157,54,4,0.75
2018,0,41,0,0.75
2023,3,22,4,1
2018,510,40,2,1
2016,0,63,0,1
2015,29,72,4,0.75
2017,19,43,3,1
2020,121,49,3,1
2016,0,3,3,1
2018,0,45,0,0
2017,15,44,3,1
2017,37,71,4,1
2019,37,71,2,1
2018,103,13,3,1
2016,31,52,3,0.25
2016,0,3,3,1
2022,31,65,3,1
2019,9,25,3,0
2020,3,5,4,1
2023,15,12,3,1
2020,1,71,4,1
2020,0,33,0,1
2023,59,13,3,1
2017,9,1,3,1
2019,31,21,2,1
2014,0,43,1,0
2020,59,71,4,1
2023,85,71,4,1
2022,491,49,4,1
2021,153,24,4,1
2018,0,14,0,1
2023,43,21,4,1
2021,81,13,2,0.75
2017,0,45,0,1
2021,0,21,0,1
2021,73,41,4,1
2023,0,14,3,1
2021,439,49,4,1
2023,0,22,1,1
2020,27,14,4,1
2016,141,49,4,1
2021,0,48,4,1
2021,35,12,3,1
2018,0,47,1,1
2017,103,13,3,1
2021,59,71,3,0.75
2014,0,24,3,0.75
2023,0,47,4,1
2021,13,13,1,1
2023,0,13,0,1
2016,0,33,0,1
2020,29,13,3,1
2019,9,1,2,1
2022,31,21,4,1
2014,29,49,2,0.75
2021,0,54,0,1
2019,0,13,3,1
2020,510,52,2,1
2020,157,49,4,1
2018,13,61,2,1
2021,75,71,2,1
2018,53,73,4,1
2023,57,73,4,1
2018,71,71,4,1
2020,0,42,0,1
2020,0,25,0,1
2021,59,71,4,1
2022,37,71,4,1
2017,0,47,0,1
2023,0,53,1,1
2018,59,71,3,1
2021,0,14,1,1
2017,0,34,1,1
2022,0,4,0,1
2020,87,25,4,1
2022,121,44,4,1
2020,0,13,1,1
2022,59,71,4,1
2017,125,23,3,1
2020,77,71,4,1
2021,11,73,2,1
2019,0,42,1,1
2021,99,43,4,1
2021,23,12,3,1
2019,77,44,3,1
2017,0,14,3,1
2015,0,22,1,0.75
2016,43,14,3,1
2017,3,22,4,0.75
2022,123,62,4,1
2022,215,49,2,1
2018,133,25,3,1
2021,113,49,4,1
2019,47,13,2,1
2021,17,36,4,1
2019,0,66,1,1
2023,17,14,3,1
2018,0,13,4,1
2023,47,13,2,1
2023,0,63,3,1
2017,111,51,4,1
2023,83,43,4,0
2022,189,34,3,0
2016,0,47,0,0
2016,23,12,3,1
2023,27,3,3,1
2022,0,43,3,1
2018,375,49,4,1
2016,0,25,0,1
2021,133,24,3,1
2023,0,51,0,1
2020,69,62,4,1
2016,0,43,1,1
2013,0,54,0,0.25
2023,143,21,4,1
2018,57,47,4,1
2019,0,25,4,1
2021,77,71,4,1
2013,650,40,2,0.25
2023,73,71,4,1
2017,21,43,3,1
2017,35,24,2,1
2021,73,71,2,0
2022,61,71,3,1
2017,550,40,3,1
2016,165,54,3,1
2023,0,61,1,0.5
2022,21,3,3,1
2021,0,44,3,1
2021,0,12,4,1
2021,0,48,4,1
2016,810,40,2,1
2020,0,67,1,1
2017,71,43,3,1
2019,0,14,3,1
2020,0,31,4,1
2022,190,1,4,1
2020,41,12,3,0
2017,0,21,1,1
2023,95,71,4,1
2022,39,72,4,1
2016,0,6,1,1
2016,69,62,4,1
2020,59,71,4,1
2017,57,43,4,1
2019,85,14,3,1
2020,13,71,3,1
2017,99,43,4,1
2022,73,25,4,1
2019,43,21,4,1
2023,0,43,3,1
2021,0,48,4,1
2016,9,25,4,0
2022,0,62,1,1
2018,0,82,0,1
2021,77,71,3,1
2016,133,14,4,1
2019,111,71,3,1
2020,81,47,4,1
2017,85,47,1,1
2019,63,47,4,1
2019,9,1,3,1
2018,0,44,0,1
2019,5,72,3,1
2013,0,44,0,0.25
2023,0,40,3,0
2022,91,14,3,1
2019,209,32,4,1
2016,0,47,0,0.75
2013,11,43,3,0.25
2023,0,41,4,1
2023,0,44,1,1
2021,39,49,3,1
2019,0,44,0,1
2016,31,21,4,0
2019,55,71,4,1
2018,125,23,4,1
2017,75,71,2,1
2020,0,40,1,1
2016,87,40,3,1
2017,121,49,3,1
2023,95,43,4,1
2023,0,42,1,1
2018,0,71,4,1
2022,59,71,4,1
2020,0,54,0,0
2019,37,71,2,1
2020,59,13,3,0
2017,0,56,0,1
2017,0,23,4,1
2022,31,52,3,1
2019,245,49,2,1
2015,0,44,1,0
2022,17,14,3,1
2023,47,46,4,1
2023,0,33,4,0
2017,29,49,4,1
2020,0,23,0,1
2015,0,49,0,0.75
2021,107,40,3,1
2021,0,23,4,1
2016,0,54,4,1
2021,139,23,3,1
2023,0,47,0,1
2015,57,43,3,0
2023,453,49,4,1
2018,103,43,4,1
2018,33,73,4,1
2018,1,71,4,1
2023,121,49,4,1
2019,91,14,3,1
2015,0,34,1,0
2020,13,12,2,1
2018,0,56,1,0.75
2020,183,49,4,1
2021,0,35,1,1
2023,141,49,2,1
2017,57,43,3,1
2016,103,13,3,1
2016,25,52,3,1
2019,125,23,4,1
2016,0,40,3,1
2021,51,72,4,1
2018,0,53,1,1
2017,65,71,4,1
2016,37,71,3,1
2021,0,23,1,1
2020,35,24,2,1
2021,0,33,1,1
2020,19,61,4,1
2023,5,12,3,1
2017,37,71,2,1
2022,81,71,4,1
2021,0,48,4,1
2020,0,71,4,0.5
2021,0,48,0,0
2019,51,72,2,1
2018,61,13,2,1
2020,67,71,3,1
2013,13,61,2,0.25
2017,0,3,3,1
2019,91,32,4,1
2014,19,43,3,0.75
2023,0,13,0,1
2023,0,44,0,0.5
2019,67,71,4,1
2016,97,43,4,0.5
2020,1,1,4,1
2018,141,49,2,1
2022,11,43,3,1
2021,0,64,1,1
2023,51,44,4,1
2016,31,21,2,0
2016,0,42,0,1
2022,0,13,0,0
2020,3,1,3,1
2020,65,54,4,0
2023,0,67,0,1
2021,39,12,3,0
2018,29,71,3,1
2019,0,24,1,1
2023,121,49,3,1
2021,0,13,4,0.75
2023,143,42,4,1
2017,77,73,3,1
2019,69,62,4,1
2017,59,13,3,1
2022,0,2,3,1
2018,0,56,4,1
2019,1,82,1,0
2022,0,66,1,1
2022,87,71,4,1
2022,57,43,3,1
2020,0,51,0,1
2018,510,34,2,1
2020,71,43,3,1
2017,0,54,1,1
2013,0,81,1,0.25
2022,0,23,4,1
2017,97,44,3,1
2018,0,3,3,0.75
2020,163,23,3,1
2023,47,46,4,1
2013,29,24,1,0.25
2019,0,23,1,1
2015,0,24,3,0.75
2013,59,71,4,0
2019,5,1,1,1
2019,0,41,0,1
2018,111,71,4,1
2021,0,53,0,1
2018,25,12,3,1
2021,0,13,0,0
2021,479,49,4,0.75
2017,73,71,4,1
2016,0,54,1,1
2015,0,43,0,0.75
2021,0,53,4,1
2018,3,14,4,0
2021,0,56,1,0
2022,0,54,3,1
2022,143,53,4,1
2022,0,46,0,1
2022,17,12,2,1
2016,73,71,2,1
2020,35,73,4,1
2013,27,53,4,0.75
2019,81,13,2,1
2013,0,25,0,0.75
2023,0,25,1,1
2016,91,43,4,0.25
2022,0,32,1,0.75
2018,153,24,3,1
2013,0,32,4,0
2017,0,14,4,1
2022,103,43,4,1
2021,0,23,4,0.5
2020,53,43,3,1
2015,25,3,2,0.25
2022,3,14,3,1
2015,0,43,2,0.25
2022,0,62,4,1
2018,0,54,4,1
2023,0,66,1,0
2016,99,23,4,1
2021,0,49,0,1
2022,71,45,2,1
2017,31,12,3,1
2018,103,43,2,1
2018,0,34,1,1
2023,479,49,2,1
2017,0,24,3,1
2016,0,13,0,1
2013,73,41,4,0
2017,201,49,4,1
2019,49,67,3,1
2017,57,47,4,1
2022,0,73,0,0.5
2016,139,23,3,1
2023,69,62,4,1
2023,71,14,3,1
2021,5,13,2,1
2023,0,24,1,1
2017,0,73,0,1
2016,99,71,4,1
2019,91,14,3,1
2016,35,24,3,1
2015,0,62,4,0.75
2020,55,13,3,1
2013,0,49,0,0.75
2016,0,40,0,1
2023,21,3,3,1
2013,103,13,3,0.25
2022,157,54,3,1
2023,0,54,3,1
2017,81,47,4,1
2021,65,71,4,1
2017,99,43,4,0
2022,61,13,2,1
2017,197,21,4,1
2021,0,3,3,1
2021,0,45,4,1
2019,0,54,0,0.5
2018,101,14,2,1
2020,153,24,3,1
2022,33,73,4,1
2022,0,31,1,1
2023,0,63,4,1
2020,0,13,1,1
2021,163,31,4,1
2020,73,41,4,0
2020,0,14,3,1
2017,0,53,0,1
2017,491,49,4,1
2022,0,51,0,1
2021,19,61,3,1
2016,35,24,3,1
2017,37,71,2,1
2014,77,73,3,0.25
2017,37,71,3,0.75
2014,81,13,2,0.75
2016,0,21,3,1
2015,93,13,4,0.25
2016,0,71,1,1
2017,119,47,4,1
2022,157,49,4,0.75
2016,0,34,1,1
2023,0,56,0,1
2023,77,73,4,1
2018,0,21,3,1
2022,0,48,0,1
2016,0,13,3,1
2017,75,71,2,1
2015,3,82,2,0
2016,37,71,2,1
2017,49,67,3,1
2018,0,33,0,1
2022,59,13,3,1
2018,0,24,1,1
2021,0,41,4,1
2019,103,45,3,1
2019,0,31,1,1
2019,75,71,2,1
2016,37,71,3,1
2019,71,47,4,1
2016,111,51,4,1
2022,81,47,4,0.75
2021,109,24,3,1
2022,0,3,0,1
2013,81,43,4,0.25
2023,27,12,3,1
2016,0,53,4,0.5
2021,31,21,3,1
2017,0,34,0,1
2020,21,12,3,1
2020,111,71,4,1
2017,0,44,0,1
2020,81,47,4,1
2021,85,71,4,1
2016,0,43,3,1
2021,1,71,4,1
2020,37,71,3,1
2023,163,23,3,1
2017,0,31,0,1
2023,0,23,1,1
2018,13,61,3,1
2019,13,61,2,1
2019,0,3,3,1
2020,0,37,0,1
2016,0,54,4,1
2022,39,72,4,1
2019,0,32,1,1
2016,0,43,4,1
2018,189,34,3,1
2020,0,49,0,1
2018,0,34,0,1
2020,0,61,3,1
2022,3,12,3,1
2022,0,47,4,1
2019,0,40,2,1
2017,31,52,4,1
2023,3,14,3,1
2016,75,71,2,1
2016,0,44,3,1
2017,0,63,0,1
2014,39,49,3,0.25
2017,0,62,4,1
2019,55,13,3,1
2022,89,44,3,1
2021,87,13,3,1
2019,0,49,0,1
2019,27,12,3,1
2016,0,32,4,1
2023,133,25,4,1
2022,119,42,4,1
2017,209,32,4,1
2019,0,62,4,0
2018,0,72,1,1
2022,0,46,1,1
2019,3,14,3,1
2019,35,67,4,1
2022,0,49,0,0
2018,0,25,0,1
2018,189,34,3,1
2021,0,22,4,1
2021,135,47,4,1
2022,0,22,0,1
2022,21,3,3,1
2020,147,23,3,0.75
2020,13,71,4,1
2017,81,47,4,1
2016,0,3,4,1
2022,31,65,4,1
2022,31,43,4,1
2015,77,71,4,0.75
2018,13,61,2,1
2017,367,49,3,1
2016,0,44,0,1
2018,95,43,3,1
2016,0,14,0,1
2020,0,14,4,1
2015,121,23,4,0.75
2021,3,14,3,1
2023,119,47,4,1
2016,85,47,1,1
2018,167,49,3,1
2023,117,43,4,0
2023,133,25,4,1
2019,45,32,4,1
2018,17,12,2,1
2020,11,67,4,1
2021,0,43,3,1
2017,111,21,3,1
2022,77,71,4,1
2020,85,71,4,1
2022,101,43,3,1
2017,0,25,4,1
2022,81,13,2,1
2023,157,49,3,1
2023,121,49,4,1
2016,103,13,3,1
2023,0,65,0,1
2023,201,49,4,1
2013,3,12,3,0
2018,113,24,4,1
2019,0,43,3,1
2016,113,24,4,1
2021,75,71,2,1
2019,73,71,3,1
2019,491,49,3,1
2017,453,49,4,1
2020,3,12,3,1
2017,0,66,0,0.5
2021,0,42,0,0.75
2016,145,23,4,1
2023,37,71,4,1
2017,0,32,4,1
2021,29,14,3,1
2021,61,13,2,1
2022,0,48,4,1
2017,101,47,3,1
2019,3,12,3,1
2023,0,32,4,1
2016,453,49,4,1
2023,59,71,4,1
2023,25,12,3,1
2022,0,62,2,0.5
2017,67,72,4,1
2019,151,44,3,1
2018,65,71,3,1
2019,35,73,4,1
2022,453,49,4,1
2021,67,71,4,1
2023,167,49,4,1
2017,0,48,4,0.5
2022,59,71,4,1
2023,0,14,3,1
2017,61,73,3,1
2020,55,35,4,0.75
2014,0,35,1,0.75
2015,0,31,1,0
2023,97,71,4,1
2017,0,49,0,1
2015,0,42,1,0
2022,13,12,3,1
2020,51,72,4,1
2019,0,34,1,1
2019,0,54,0,1
2017,81,43,3,1
2014,201,49,2,0
2021,3,65,4,1
2023,51,47,4,1
2021,0,49,3,1
2020,57,43,4,1
2017,103,13,3,1
2022,0,40,0,0.5
2018,0,48,3,1
2018,0,44,2,1
2020,0,14,2,1
2021,75,71,2,1
2020,1,47,4,1
2019,139,44,4,1
2019,0,21,0,1
2016,71,34,3,1
2018,51,72,4,1
2018,55,13,3,1
2017,87,13,3,1
2019,49,24,4,1
2018,0,3,3,1
2019,810,40,2,1
2020,103,43,4,1
2018,209,49,3,1
2022,75,71,2,1
2023,0,40,4,1
2016,31,21,3,0.25
2016,51,48,4,0.5
2016,25,25,4,1
2023,17,14,3,1
2019,5,12,3,1
2015,0,41,1,0.25
2014,83,43,4,0.75
2017,81,13,2,1
2016,0,3,3,1
2016,0,33,0,1
2021,5,52,3,1
2017,201,49,4,1
2016,13,61,2,1
2017,0,62,4,1
2023,37,71,3,1
2021,355,49,4,1
2022,491,49,4,1
2021,0,32,2,1
2023,0,37,0,1
2023,0,49,0,1
2021,29,24,1,1
2016,3,1,2,0
2023,17,12,2,1
2021,49,67,2,1
2017,381,49,4,1
2020,31,21,4,1
2023,31,12,3,1
2017,111,51,4,1
2022,0,43,0,1
2022,71,43,3,1
2019,0,14,0,1
2018,0,40,0,0.5
2021,0,48,4,1
2014,103,43,4,0
2019,0,73,0,1
2022,11,43,4,1
2014,51,44,4,0
2018,85,49,2,1
2016,59,44,4,1
2016,201,49,4,0.5
2017,0,52,4,1
2017,0,51,1,1
2016,453,49,4,1
2018,127,25,1,1
2021,0,14,1,1
2022,19,71,4,1
2022,0,22,0,1
2013,29,49,2,0.25
2015,97,44,3,0.75
2021,1,82,1,1
2016,157,54,2,1
2018,109,13,4,1
2018,113,49,2,1
2022,13,61,2,1
2017,0,14,3,1
2022,0,45,3,0.25
2016,3,1,4,1
2020,31,21,2,1
2018,0,61,3,0
2020,91,13,3,1
2017,0,43,3,0.25
2023,491,49,4,1
2020,171,33,3,1
2014,61,24,4,0
2023,7,6,4,1
2013,0,33,0,0.75
2022,95,43,3,1
2023,33,73,4,1
2023,19,12,3,1
2020,19,12,3,0
2016,201,49,4,1
2017,451,49,4,1
2023,0,14,3,1
2019,105,43,4,1
2017,95,71,3,1
2013,113,24,3,0
2015,0,44,1,0.75
2021,115,43,4,1
2022,0,54,0,1
2021,85,71,4,1
2016,95,34,3,1
2023,35,24,3,1
2021,0,23,1,1
2020,3,65,4,1
2017,119,42,4,1
2019,0,63,4,1
2020,0,14,1,1
2018,163,23,3,1
2022,0,62,2,1
2016,0,48,4,0
2018,3,1,3,1
2021,0,53,0,1
2022,0,45,3,1
2020,63,13,3,1
2023,159,47,3,1
2022,0,44,4,1
2017,13,61,4,1
2013,339,49,4,0.25
2020,491,49,3,0.5
2023,93,54,4,1
2022,113,21,4,1
2022,73,71,3,1
2017,0,41,0,1
2019,0,23,1,0.75
2015,157,54,2,0.25
2020,81,13,2,1
2019,7,12,3,1
2021,0,54,0,1
2018,99,71,4,1
2023,0,49,0,1
2022,31,21,3,1
2018,65,71,3,0.75
2017,0,82,0,1
2021,163,33,3,1
2019,157,49,4,1
2023,73,71,3,1
2017,37,21,3,1
2018,0,53,2,1
2022,0,72,1,1
2023,0,73,1,1
2020,11,14,3,1
2017,0,3,3,1
2020,0,3,3,1
2021,43,21,4,0
2019,37,71,2,0.75
2016,13,61,4,1
2016,3,82,3,1
2016,0,33,1,0
2014,73,71,4,0.75
2023,37,71,3,1
2023,0,44,0,1
2018,0,14,3,1
2020,37,71,3,1
2022,0,1,3,1
2018,91,14,3,1
2021,13,61,2,1
2017,0,43,3,1
2021,65,71,3,1
2017,0,22,3,1
2022,73,71,4,1
2018,47,13,2,1
2016,5,52,3,1
2021,0,66,1,1
2023,55,35,4,1
2023,0,25,0,1
2022,5,72,3,1
2018,510,40,2,1
2017,149,54,4,1
2022,23,12,3,1
2020,19,71,3,1
2023,0,14,1,1
2022,59,71,4,1
2020,0,33,0,1
2017,0,22,0,1
2016,5,72,3,1
2017,99,23,3,1
2020,61,24,3,1
2022,73,71,3,1
2016,105,43,4,1
2017,57,24,3,1
2022,61,73,3,1
2015,0,41,3,0.25
2019,1,13,3,1
2016,23,12,3,1
2020,0,51,3,1
2018,0,3,4,1
2021,113,21,4,0.5
2020,161,23,4,1
2022,0,54,0,0.75
2021,39,72,3,1
2020,21,52,4,1
2019,0,31,4,1
2023,119,47,2,1
2023,0,22,3,1
2017,33,73,4,1
2018,103,43,4,1
2019,111,51,4,1
2023,95,43,3,1
2019,37,71,2,1
2019,39,49,3,1
2018,67,44,4,1
2018,25,25,4,1
2016,163,23,4,1
2020,109,35,4,1
2023,0,33,4,0.5
2019,27,14,4,0.5
2022,81,47,4,1
2023,67,73,4,1
2021,0,14,0,1
2021,67,71,2,1
2019,17,14,3,0.5
2018,37,71,3,0.5
2023,0,14,3,1
2023,0,14,0,1
2018,35,12,3,1
2020,0,62,4,0
2014,0,41,0,0
2022,183,47,4,1
2021,17,71,3,1
2018,0,48,3,1
2018,37,71,2,1
2020,103,43,2,1
2017,37,54,4,1
2018,107,40,3,1
2018,67,72,4,1
2023,99,43,3,1
2016,189,54,3,1
2019,29,49,4,1
2023,47,34,4,1
2019,157,54,2,1
2016,95,43,4,1
2016,0,14,4,0
2017,85,71,4,1
2021,81,13,2,1
2021,81,13,2,1
2021,31,21,2,1
2017,0,42,0,1
2014,0,54,0,0.75
2023,0,31,1,1
2023,153,24,4,1
2021,159,47,3,0
2020,0,32,0,1
2017,47,13,2,1
2016,95,43,4,1
2021,423,49,4,1
2018,453,49,2,1
2022,125,23,4,1
2018,85,13,2,1
2023,61,13,2,1
2015,0,21,0,0.75
2023,61,43,4,0
2023,0,61,1,0.5
2021,81,71,4,1
2018,0,53,4,1
2017,73,71,3,1
2023,0,13,3,1
2023,37,71,2,1
2021,0,14,1,1
2016,17,14,3,1
2019,0,33,0,1
2018,303,49,4,1
2023,57,67,4,1
2017,0,21,0,1
2017,1,71,4,1
2016,1,71,3,1
2022,27,52,3,1
2016,29,71,4,1
2022,0,46,4,0.75
2020,91,32,3,1
2021,37,71,3,1
2021,51,72,2,1
2023,73,43,4,0.5
2019,73,71,3,0
2015,0,32,1,0.75
2022,201,49,4,1
2016,59,13,3,0.75
2023,0,62,3,1
2016,135,49,4,1
2016,0,14,0,0
2023,197,21,3,1
2016,0,62,3,1
2022,0,32,1,1
2017,17,24,3,1
2018,0,3,3,1
2018,77,73,3,1
2017,37,71,3,1
2019,0,51,0,1
2023,0,2,1,1
2019,71,71,4,1
2023,99,43,4,1
2023,0,1,3,1
2021,63,73,4,1
2023,700,40,2,1
2016,23,12,3,1
2016,0,47,0,1
2018,1,1,4,1
2016,0,49,0,1
2017,17,14,3,1
2018,107,71,4,1
2014,0,14,3,0.25
2019,11,67,3,1
2023,0,37,1,1
2019,33,73,2,1
2023,41,49,2,1
2023,15,12,3,1
2022,0,24,1,1
2017,19,43,3,1
2016,111,71,4,1
2021,0,43,4,1
2022,0,71,4,1
2013,0,41,1,0.75
2022,5,13,2,0.5
2022,21,44,2,0
2016,0,66,0,0.5
2020,0,41,4,1
2021,37,54,4,1
2022,97,71,4,1
2020,0,64,4,1
2023,29,12,3,1
2019,113,71,3,1
2014,0,48,4,0.25
2022,89,44,3,1
2022,99,43,3,1
2020,215,49,4,1
2018,13,12,3,1
2020,0,73,4,0.25
2023,0,34,4,1
2019,0,41,0,1
2016,0,24,1,1
2019,33,52,3,1
2016,0,45,0,0
2023,0,51,1,1
2017,0,40,1,1
2017,0,43,3,0.5
2017,51,47,4,1
2017,33,73,4,1
2020,0,40,0,1
2020,19,34,4,1
2017,111,51,4,1
2020,3,82,2,1
2022,97,41,3,1
2019,0,49,0,1
2019,3,65,3,1
2020,0,62,4,1
2015,0,24,1,0.75
2016,0,33,1,1
2020,0,53,2,1
2018,43,21,3,1
2015,51,47,4,0.25
2017,1,71,4,0
2021,23,12,3,1
2021,9,43,4,1
2017,17,14,3,1
2018,31,12,3,1
2018,0,33,1,0.75
2021,0,64,0,1
2018,0,63,1,1
2021,0,13,0,1
2022,43,21,4,1
2021,0,33,3,1
2019,33,52,3,1
2021,1,71,3,1
2017,0,33,0,1
2021,37,71,3,1
2022,0,14,3,1
2020,439,49,4,1
2020,33,73,4,1
2018,0,44,0,1
2017,113,24,3,1
2020,0,23,4,1
2016,73,71,4,1
2019,0,54,0,1
2023,0,44,0,1
2021,0,54,1,1
2023,71,14,4,1
2014,0,48,3,0.25
2020,37,71,4,1
2020,39,72,4,1
2023,0,34,0,1
2020,1,1,4,1
2018,45,14,3,0
2017,0,43,4,1
2014,73,71,4,0.25
2023,0,23,1,1
2020,0,49,0,1
2020,103,43,4,1
2017,0,40,0,1
2022,0,13,1,1
2021,810,40,2,1
2018,95,43,3,1
2018,103,43,2,1
2018,129,14,3,1
2016,37,71,2,1
2020,0,44,4,1
2021,37,71,4,1
2021,0,44,0,1
2020,0,32,2,1
2018,99,43,4,1
2016,37,71,2,1
2018,0,51,4,1
2021,85,49,4,1
2019,33,52,3,1
2017,89,22,3,0.75
2015,3,12,3,0.25
2020,0,32,1,1
2017,97,22,4,1
2018,1,2,4,1
2021,0,13,3,1
2015,0,23,3,0.75
2020,57,43,4,1
2016,0,40,0,1
2020,0,35,1,1
2023,439,49,4,1
2023,37,71,3,1
2020,67,51,2,1
2021,67,73,4,0
2021,0,40,3,1
2023,3,52,3,1
2019,97,71,3,1
2022,1,13,3,1
2019,0,37,0,1
2017,97,44,3,1
2023,0,1,0,1
2017,0,72,0,1
2014,107,71,4,0.75
2019,0,49,1,1
2023,109,53,4,0
2016,57,43,4,0
2022,93,54,4,1
2013,113,49,2,0.25
2021,67,44,3,1
2016,113,49,3,1
2017,7,5,2,1
2017,37,71,2,1
2023,810,40,2,1
2021,0,54,1,1
2022,27,12,3,1
2018,63,22,3,1
2017,0,3,3,1
2016,51,72,2,0.75
2019,0,54,0,1
2016,0,67,0,1
2023,0,47,4,1
2017,0,34,4,1
2021,0,40,3,1
2021,3,65,3,1
2018,73,71,3,1
2021,73,43,4,1
2017,39,12,3,1
2020,37,71,3,1
2023,0,23,1,1
2019,375,49,4,1
2015,0,34,4,0.25
2019,35,73,4,1
2020,0,66,1,1
2017,19,34,4,0
2021,0,41,1,1
2021,61,13,2,1
2023,423,49,4,1
2017,27,52,4,1
2022,0,62,4,1
2023,27,3,2,1
2022,35,67,3,1
2016,143,42,4,1
2019,0,53,0,1
2022,0,31,0,1
2022,0,25,0,1
2019,73,71,3,1
2018,0,72,0,1
2016,453,49,4,1
2017,91,32,4,1
2023,113,71,4,1
2023,81,13,2,0
2022,23,3,3,1
2016,65,71,3,1
2022,55,13,3,1
2023,9,54,3,1
2019,183,47,3,1
2019,0,66,4,1
2018,0,49,0,1
2021,0,3,2,1
2019,0,43,4,1
2023,65,71,3,1
2018,65,71,3,0.75
2023,111,71,4,1
2020,0,49,0,1
2023,115,43,4,1
2022,0,22,0,1
2019,0,14,0,1
2022,119,47,2,1
2021,0,43,0,0
2023,95,43,4,1
2016,0,34,1,0.25
2021,1,1,4,1
2018,3,22,4,1
2015,1,71,3,0
2019,99,43,3,1
2018,35,73,4,1
2016,0,53,4,1
2019,0,54,1,1
2019,33,73,3,1
2019,63,13,4,1
2016,0,46,1,1
2016,201,49,4,1
2022,29,12,4,0.25
2016,0,44,2,1
2016,13,61,2,1
2016,101,14,2,1
2019,0,48,4,1
2023,3,12,3,1
2018,11,43,4,1
2021,33,73,4,1
2022,0,43,4,1
2023,89,22,3,1
2017,61,24,3,1
2023,59,71,4,1
2022,0,41,4,1
2017,0,40,4,1
2016,47,13,2,1
2020,201,49,3,1
2022,0,47,0,1
2019,0,61,0,1
2017,0,48,4,1
2017,17,14,3,1
2021,0,32,0,1
2023,0,66,4,1
2020,0,14,0,1
2023,0,62,3,1
2018,19,34,4,1
2016,5,13,2,1
2022,43,21,4,0.75
2020,31,21,3,1
2022,61,73,3,1
2016,0,44,3,1
2015,31,21,4,0.25
2014,139,49,3,0.25
2023,29,72,4,1
2022,121,49,4,0
2023,0,49,0,0
2020,0,21,0,0.5
2020,31,21,4,1
2017,9,43,4,1
2017,0,43,3,1
2018,0,24,1,1
2019,73,71,3,1
2022,31,52,4,1
2023,0,56,0,0
2019,0,48,3,0.75
2016,49,67,3,1
2018,453,49,4,1
2022,0,33,3,0
2018,21,44,4,0
2021,71,47,4,1
2023,49,24,4,1
2022,99,23,4,1
2018,0,33,1,1
2014,0,13,2,0
2016,47,72,4,1
2020,0,33,3,1
2016,139,49,3,1
2020,0,33,0,1
2021,57,43,3,1
2017,87,13,3,1
2019,21,12,3,1
2020,59,71,4,1
2022,0,40,1,0.75
2019,55,13,3,1
2015,37,71,4,0.75
2022,0,34,1,1
2020,0,53,3,0
2019,0,43,3,1
2017,179,21,3,1
2016,0,47,3,1
2022,3,52,3,1
2020,37,71,2,1
2023,31,21,2,1
2019,0,47,0,1
2017,3,14,3,1
2017,0,43,0,1
2017,113,43,3,0
2020,0,13,0,1
2017,0,49,3,0.5
2018,25,25,4,1
2021,81,41,4,1
2023,0,14,3,1
2020,81,43,3,1
2023,27,3,2,0.75
2018,0,13,3,0.5
2021,0,46,1,1
2015,39,49,3,0
2023,37,71,4,1
2021,47,13,2,1
2017,109,53,4,0.5
2018,439,49,4,1
2023,0,13,4,1
2017,81,13,2,1
2022,0,62,0,1
2016,43,21,3,0.75
2020,0,23,1,1
2023,61,24,3,1
2020,0,43,0,1
2021,119,42,4,1
2014,0,33,1,0.75
2022,0,34,0,1
2022,0,23,1,1
2017,119,47,4,1
2023,21,14,4,1
2017,101,14,2,1
2023,0,13,0,1
2017,11,73,4,1
2019,157,49,4,1
2021,27,12,3,1
2020,71,13,3,1
2014,201,49,4,0.75
2021,37,71,3,1
2018,89,14,4,1
2017,35,24,3,1
2022,423,49,4,1
2018,37,71,3,1
2021,0,6,1,1
2023,0,63,3,1
2018,0,3,3,0.75
2023,33,52,3,1
2016,73,41,4,1
2021,13,52,3,1
2022,201,49,4,1
2021,11,43,3,1
2022,0,71,1,1
2019,453,49,2,1
2016,0,21,1,0.75
2019,73,71,4,1
2016,71,13,3,1
2016,67,71,4,1
2021,0,24,3,1
2021,0,34,1,1
2021,59,13,3,1
2023,0,36,0,1
2022,17,43,4,1
2022,0,24,4,1
2018,0,44,2,1
2019,85,71,4,1
2021,0,47,1,1
2017,0,46,2,1
2019,0,13,3,1
2016,0,34,0,1
2023,57,43,3,1
2016,0,63,0,1
2021,141,49,4,1
2023,0,14,1,1
2023,0,22,3,1
2020,19,34,4,1
2019,439,49,4,1
2022,101,14,2,1
2023,47,46,4,1
2015,89,21,4,0
2018,109,33,4,1
2018,0,41,4,1
2017,0,4,1,1
2017,0,24,3,1
2018,13,71,4,1
2018,0,67,1,1
2017,145,33,4,1
2020,11,1,4,1
2018,31,21,3,1
2017,25,3,2,1
2015,99,43,4,0.25
2019,19,22,3,1
2021,0,3,3,1
2016,53,33,3,1
2023,0,49,0,1
2018,83,48,3,1
2022,0,73,1,1
2018,0,23,1,0.75
2016,113,49,4,1
2022,0,51,1,1
2017,61,24,3,1
2018,41,49,4,0.5
2019,13,12,3,1
2017,0,49,1,1
2018,0,21,1,1
2013,163,23,4,0.25
2023,89,21,4,0
2021,103,13,3,1
2021,0,44,0,1
2017,65,71,3,1
2022,13,61,3,1
2022,141,22,4,1
2022,65,71,3,1
2018,0,3,3,1
2019,0,34,4,1
2023,0,34,0,1
2023,17,43,4,1
2016,0,43,0,1
2017,0,41,1,0
2015,0,21,0,0.75
2023,97,21,3,1
2016,17,52,3,1
2017,201,49,4,1
2017,0,61,0,1
2022,33,52,3,1
2018,0,25,4,0
2022,201,49,4,1
2016,0,22,0,1
2016,31,21,3,1
2016,0,13,3,1
2022,81,13,2,1
2021,37,71,4,1
2013,13,12,3,0
2019,650,40,2,1
2021,0,33,1,1
2023,85,13,2,1
2023,67,72,4,1
2022,135,44,3,1
2014,29,24,1,0.25
2017,0,54,0,1
2016,0,66,1,1
2022,129,14,3,1
2023,133,14,4,1
2019,67,51,2,0.5
2014,33,52,3,0.75
2019,167,49,3,1
2021,0,34,4,1
2019,159,47,3,1
2020,0,82,0,1
2023,55,13,3,1
2020,0,53,0,1
2022,0,49,0,1
2017,11,43,3,1
2021,0,13,2,1
2017,5,72,3,1
2017,0,54,1,1
2019,11,73,2,1
2023,59,13,3,1
2020,71,14,4,1
2023,157,22,4,1
2018,439,49,4,0.5
2019,37,71,2,1
2014,113,49,4,0.25
2021,9,1,4,1
2018,103,24,3,1
2020,0,31,4,1
2023,0,37,1,1
2016,57,67,4,1
2022,1,71,2,1
2017,61,73,4,1
2017,119,47,4,1
2018,97,43,3,1
2019,183,34,4,1
2020,0,49,0,1
2015,97,21,3,0.75
2017,0,62,4,1
2019,0,40,2,1
2023,0,62,4,1
2021,201,49,4,1
2019,3,22,4,1
2014,0,23,2,0.75
2022,0,37,4,1
2020,0,3,3,1
2021,0,3,3,1
2014,0,33,0,0.75
2023,121,44,4,1
2021,0,22,0,1
2018,43,14,4,1
2022,113,49,4,1
2017,201,49,4,1
2021,37,71,2,1
2023,0,14,1,1
2021,61,71,4,1
2022,21,43,3,1
2022,0,23,1,1
2022,59,71,3,1
2019,37,71,4,0
2022,0,25,1,1
2016,39,72,4,1
2022,25,25,3,1
2021,0,41,1,0.5
2015,49,67,3,0.75
2021,55,45,4,1
2020,35,67,4,0
2019,83,71,4,0
2023,0,49,1,1
2017,77,23,2,1
2023,97,44,3,1
2016,61,13,2,1
2020,37,71,2,1
2022,63,73,3,1
2021,11,67,4,1
2018,0,13,0,1
2017,3,12,3,0.5
2018,0,23,3,0.5
2022,107,40,3,1
2016,23,12,3,1
2019,35,67,3,1
2017,0,47,3,1
2023,139,49,3,1
2017,0,23,1,1
2022,0,71,1,1
2021,0,63,0,1
2017,31,21,2,1
2023,0,40,0,1
2017,103,13,3,1
2023,0,49,0,1
2023,0,48,3,1
2019,0,63,4,1
2017,0,47,1,1
2021,0,54,4,1
2021,51,72,4,1
2019,13,12,3,1
2022,0,13,3,1
2021,0,13,3,1
2018,85,49,3,1
2023,9,3,3,1
2016,87,71,4,1
2020,0,63,0,1
2023,121,49,4,1
2022,83,48,3,1
2021,81,13,2,0.25
2023,13,61,4,1
2023,0,35,0,1
2017,37,71,3,0
2016,31,21,2,1
2019,0,42,0,1
2021,0,24,3,1
2019,439,49,4,0
2019,105,25,4,1
2018,103,31,4,1
2023,0,62,3,1
2019,53,73,4,1
2015,37,71,2,0.75
2013,97,43,4,0.25
2023,0,56,1,1
2023,0,4,3,1
2021,0,49,0,0
2016,113,49,4,1
2019,0,47,3,1
2018,97,71,3,1
2019,0,24,0,1
2021,0,62,4,1
2013,73,71,2,0.25
2023,67,73,4,1
2022,3,22,4,1
2019,37,71,2,1
2018,0,53,1,1
2017,87,71,4,0.75
2015,0,21,1,0
2016,0,44,0,0.75
2023,0,45,0,0.5
2014,3,65,4,0.75
2016,81,13,2,1
2018,95,34,2,1
2018,163,23,4,1
2022,57,43,4,1
2017,439,49,4,1
2020,0,45,0,1
2016,0,49,1,0
2022,135,44,3,1
2018,111,71,4,1
2018,0,3,4,1
2020,13,61,2,1
2019,0,24,4,1
2023,0,2,1,1
2023,0,41,4,1
2018,0,47,0,1
2022,0,56,0,1
2021,0,48,3,1
2018,0,25,1,0
2018,113,49,4,1
2013,109,35,4,0.25
2023,85,71,4,1
2018,0,73,0,1
2022,37,71,3,1
2023,0,49,0,1
2021,65,71,3,1
2022,0,53,0,1
2021,85,49,3,1
2018,1,98,2,1
2023,81,23,4,1
2017,37,71,3,0.5
2021,73,71,2,1
2016,0,48,4,1
2018,0,40,3,1
2022,133,25,4,0.75
2023,0,21,1,1
2022,0,63,0,1
2020,0,24,3,1
2017,0,53,4,0
2016,43,21,3,1
2023,0,65,0,1
2023,59,71,4,0
2016,0,22,3,1
2017,11,43,3,1
2019,37,33,3,1
2019,67,72,3,1
2022,63,48,3,1
2022,15,61,4,1
2019,0,14,1,1
2014,0,33,0,0
2016,41,24,4,1
2016,59,71,4,1
2021,367,49,3,1
2022,119,13,3,1
2018,121,49,4,1
2018,0,4,1,0
2023,0,71,4,1
2023,0,73,4,1
2016,25,52,3,1
2020,3,14,3,1
2022,0,22,0,1
2023,95,43,4,1
2018,0,44,0,0.5
2022,139,44,4,1
2016,0,24,0,1
2021,105,22,4,1
2015,0,21,0,0
2018,0,67,0,1
2020,37,71,4,1
2016,0,3,3,1
2017,157,54,2,1
2023,47,72,4,1
2017,0,13,3,1
2018,0,32,1,1
2023,49,67,2,1
2023,339,49,4,1
2014,113,49,2,0.25
2022,73,71,4,1
2023,65,71,4,1
2019,479,49,4,1
2014,0,49,1,0
2022,67,72,4,1
2021,109,35,4,1
2013,0,65,0,0
2021,95,34,2,1
2019,99,23,3,1
2018,71,71,3,1
2023,0,21,0,1
2013,0,23,2,0
2016,0,44,0,1
2019,13,31,4,1
2015,0,3,3,0
2021,99,43,4,1
2023,71,43,3,0.5
2017,0,64,0,1
2018,201,49,4,1
2016,0,41,0,0
2017,7,1,4,1
2020,65,71,4,1
2021,0,67,0,0.75
2022,3,65,4,1
2022,111,71,4,1
2016,81,23,3,1
2019,0,33,1,1
2016,99,23,3,1
2022,0,64,1,1
2019,59,71,4,0.75
2018,0,51,0,1
2023,453,49,2,1
2020,49,67,3,1
2016,0,73,4,1
2022,83,43,4,1
2022,0,25,1,1
2022,63,73,4,1
2018,91,13,3,0
2022,7,5,2,0
2018,157,49,4,1
2016,0,14,3,1
2023,0,72,0,1
2020,0,34,0,1
2023,85,71,3,1
2017,67,51,2,1
2016,29,12,3,1
2013,67,73,4,0
2023,453,49,2,1
2023,33,73,2,1
2018,15,44,3,1
2017,810,40,2,1
2016,3,1,3,1
2018,31,43,2,1
2019,0,41,1,0
2021,145,33,4,1
2013,0,54,3,0.75
2017,11,73,4,1
2020,163,23,4,1
2022,31,21,4,1
2017,17,43,4,1
2020,79,25,2,1
2019,11,43,4,1
2022,0,45,3,1
2022,381,49,4,1
2013,0,44,3,0.75
2020,57,44,3,1
2017,0,2,1,1
2020,0,14,4,1
2021,13,61,3,1
2021,49,67,4,1
2023,11,43,3,1
2023,41,12,3,1
2019,0,14,0,1
2022,9,43,4,1
2022,0,14,1,1
2020,0,37,1,1
2019,0,73,4,1
2022,0,14,1,1
2016,201,49,4,1
2017,41,12,3,1
2013,3,1,4,0.25
2016,0,44,0,1
2020,77,23,3,1
2018,53,73,4,1
2022,7,71,4,1
2020,3,11,4,1
2022,141,49,2,1
2019,0,33,0,1
2021,11,73,4,1
2018,0,51,3,1
2020,13,61,4,1
2017,0,43,3,1
2020,35,67,4,1
2014,57,43,4,0.25
2018,49,24,4,1
2017,0,62,4,1
2023,0,46,1,0
2017,0,32,1,1
2022,129,14,3,1
2016,75,71,2,1
2023,35,24,2,0
2013,0,22,1,0
2019,91,48,4,1
2023,105,25,4,1
2019,31,65,4,1
2023,85,14,1,1
2021,91,32,3,1
2022,37,71,3,1
2023,31,43,4,1
2022,0,49,0,1
2020,0,49,1,0
2023,223,44,3,1
2023,0,62,4,1
2020,183,47,2,1
2017,37,71,2,1
2021,19,71,3,0
2017,59,71,4,1
2016,453,49,2,1
2020,29,49,4,1
2023,0,49,0,1
2018,0,62,3,1
2017,23,12,3,1
2015,0,62,1,0.75
2017,13,12,3,1
2017,0,64,0,1
2018,0,47,0,1
2014,65,54,4,0.25
2014,0,23,1,0.75
2016,95,34,4,1
2021,33,73,3,0
2022,0,48,0,1
2022,57,24,4,1
2021,0,61,0,0
2022,9,54,3,1
2019,0,33,0,1
2016,13,61,2,1
2021,51,47,4,1
2017,0,13,3,1
2013,0,44,3,0.25
2021,49,24,2,1
2018,89,22,3,1
2020,35,67,3,1
2020,21,52,3,0.75
2019,0,43,2,1
2022,183,34,4,1
2018,0,22,1,1
2014,3,11,3,0.75
2016,0,54,0,1
2018,91,14,3,1
2021,179,54,4,1
2016,73,71,3,1
2019,13,61,2,1
2022,33,73,4,1
2023,89,21,4,1
2018,0,25,0,0.25
2020,23,12,3,1
2021,59,44,4,1
2018,105,43,4,0.5
2022,71,45,2,1
2019,201,49,4,1
2020,97,21,3,1
2017,0,51,0,1
2018,71,71,4,1
2019,77,71,4,1
2018,0,43,4,1
2022,99,34,3,1
2022,0,52,4,1
2022,0,49,0,1
2014,0,49,0,0.25
2015,0,46,4,0.75
2019,61,71,4,1
2022,33,52,3,1
2019,0,23,3,1
2022,37,71,3,1
2019,20,81,2,1
2023,0,14,1,1
2019,0,44,2,1
2017,0,37,1,1
2018,0,24,0,1
2019,0,13,3,1
2016,0,33,1,1
2019,47,13,2,1
2018,33,73,4,1
2013,99,23,3,0.25
2021,163,33,3,1
2016,5,13,2,0
2022,29,49,4,1
2014,0,23,1,0.25
2016,0,40,2,1
2017,81,71,4,1
2022,21,43,4,1
2018,0,44,0,1
2016,49,24,4,0.75
2018,103,13,3,1
2022,0,41,4,0
2020,117,44,3,1
2021,99,43,4,1
2023,41,48,4,1
2020,0,73,1,1
2018,59,13,3,1
2023,13,61,2,1
2021,201,49,2,1
2018,53,73,2,1
2023,453,49,4,1
2015,439,49,3,0.75
2018,31,21,4,1
2023,115,43,4,1
2020,43,21,3,1
2020,0,44,0,1
2022,23,3,3,1
2021,1,1,3,1
2019,67,51,2,1
2023,0,22,1,1
2022,113,71,4,1
2016,163,23,3,1
2020,49,24,4,1
2019,117,41,4,1
2016,0,23,1,1
2018,183,49,4,1
2016,1,1,2,1
2021,0,54,0,1
2017,37,71,4,1
2022,67,47,4,1
2022,170,1,3,1
2019,55,35,2,1
2019,0,3,3,1
2022,11,43,4,0.25
2017,0,46,1,1
2022,0,47,1,1
2020,0,34,4,1
2016,215,49,3,1
2017,339,49,4,1
2018,0,53,4,1
2023,121,44,2,1
2018,0,63,0,1
2022,0,73,0,1
2023,0,63,3,1
2019,47,13,2,1
2020,201,49,2,0
2019,0,62,4,1
2021,117,25,4,1
2019,125,23,4,0
2019,0,43,0,1
2016,0,44,0,0.75
2023,0,81,0,1
2017,53,33,4,0.75
2019,49,67,4,1
2018,113,71,3,1
2015,129,14,3,0.75
2016,3,82,3,1
2019,0,32,4,1
2019,15,52,3,1
2020,61,73,3,1
2023,45,48,4,1
2018,65,54,4,1
2023,13,71,3,1
2022,0,53,0,1
2020,61,49,2,1
2018,107,40,3,1
2022,201,49,4,1
2020,0,62,0,1
2019,107,14,1,1
2021,0,22,0,1
2021,21,52,3,1
2020,0,44,0,1
2023,0,40,4,1
2018,65,23,4,1
2017,71,47,4,1
2017,201,49,4,1
2017,53,33,3,1
2018,0,72,1,1
2019,89,13,1,1
2018,3,65,4,1
2016,3,12,3,1
2019,0,14,3,1
2018,0,34,1,1
2023,127,43,4,1
2023,3,65,3,1
2021,11,43,4,1
2016,37,71,3,1
2016,0,42,0,1
2016,189,34,3,1
2019,25,52,3,1
2021,0,23,4,1
2022,17,12,3,1
2022,0,62,4,1
2017,0,72,4,1
2016,0,25,1,1
2018,67,72,3,1
2016,35,24,3,1
2017,37,71,3,1
2017,1,47,4,0.5
2021,0,42,0,0.5
2016,111,71,3,0.5
2016,91,21,4,1
2019,53,33,2,1
2019,13,61,3,1
2019,0,62,2,1
2022,83,48,4,1
2021,13,12,3,1
2017,0,56,0,1
2014,0,24,1,0.75
2016,31,21,2,1
2017,27,49,4,1
2019,0,34,1,1
2023,189,34,3,1
2020,133,14,4,1
2021,439,49,4,1
2022,161,23,2,1
2017,135,44,3,1
2020,0,3,3,1
2020,35,73,4,1
2016,97,41,4,1
2020,0,14,0,0.75
2019,55,41,4,1
2022,0,13,3,1
2019,5,23,1,1
2022,91,14,3,0
2023,0,49,0,1
2019,0,51,1,1
2020,125,23,4,1
2018,0,49,0,1
2017,39,72,3,1
2017,105,43,4,0.75
2016,157,49,4,1
2023,71,43,4,1
2022,0,13,1,1
2021,81,13,2,1
2021,0,33,1,1
2018,75,71,2,1
2015,37,71,3,0.75
2023,0,41,1,1
2017,101,14,2,1
2017,3,52,3,0.25
2021,11,1,4,1
2019,5,52,3,1
2022,15,61,4,1
2019,0,13,3,1
2020,0,53,1,1
2020,0,33,0,0
2020,73,71,4,1
2021,123,33,2,1
2021,23,71,1,1
2018,73,44,3,1
2023,119,47,4,0.75
2021,85,49,2,1
2020,3,65,4,1
2023,57,43,3,1
2017,13,61,4,1
2022,0,13,1,1
2021,3,12,3,1
2015,0,51,1,0.75
2017,103,13,3,1
2023,91,14,3,1
2018,209,32,4,1
2019,113,24,4,1
2017,189,34,3,1
2016,0,37,4,0
2017,0,14,0,1
2019,0,62,4,1
2020,167,21,4,1
2022,9,25,3,0
2023,0,71,1,1
2013,89,22,3,0.25
2014,103,43,4,0.75
2020,17,24,3,1
2020,51,72,4,1
2021,35,67,4,1
2018,0,46,1,1
2019,111,51,4,1
2023,5,12,3,1
2023,153,31,4,1
2023,11,43,4,1
2017,37,71,4,1
2018,91,14,3,1
2023,49,24,4,1
2022,119,43,4,1
2017,7,12,4,1
2021,0,13,3,0.75
2020,1,71,4,1
2023,73,45,4,1
2018,139,25,4,1
2018,0,71,1,1
2015,0,49,0,0.75
2023,119,47,2,1
2021,125,23,3,1
2020,163,33,3,1
2023,189,34,3,1
2018,0,46,1,1
2023,37,71,4,1
2016,29,13,2,1
2018,0,45,0,1
2018,99,43,4,0.5
2018,117,43,3,1
2018,73,71,4,1
2022,0,53,1,1
2014,0,72,1,0.25
2018,141,49,4,1
2014,0,44,0,0.75
2017,107,40,3,1
2017,7,48,4,1
2023,0,61,4,1
2023,19,48,4,1
2019,63,73,4,1
2023,17,3,3,1
2013,113,49,4,0.25
2021,0,25,3,1
2020,145,33,4,1
2018,0,53,0,0
2020,13,61,2,1
2018,0,14,1,1
2022,0,23,1,1
2017,0,43,0,1
2022,45,14,3,1
2021,0,13,4,0
2022,0,35,0,1
2023,0,25,0,0.75
2017,19,12,3,1
2018,93,24,4,1
2020,0,21,1,1
2023,37,71,3,1
2019,81,13,2,1
2019,73,71,4,1
2023,85,71,3,1
2021,31,21,2,1
2018,0,21,3,1
2017,47,13,2,0.5
2023,101,43,3,1
2016,47,46,4,1
2017,0,44,0,1
2019,29,49,4,1
2016,105,43,4,0.75
2020,7,71,4,1
2022,0,33,1,1
2017,3,65,4,1
2018,37,71,2,1
2019,0,40,0,1
2022,3,82,3,1
2019,0,62,0,1
2022,109,53,4,1
2019,0,25,0,1
2023,31,12,3,1
2019,1,82,1,1
2016,0,40,0,0
2022,201,49,4,1
2016,39,49,3,1
2017,159,47,3,1
2013,47,13,2,0.25
2021,117,44,3,1
2017,13,71,4,1
2017,49,67,4,1
2021,71,71,4,1
2020,65,71,4,1
2019,0,53,1,1
2017,87,71,4,1
2016,3,65,4,0.75
2016,0,62,3,1
2020,109,53,4,1
2021,0,22,0,0.5
2016,125,23,4,1
2021,75,71,2,1
2022,0,32,1,1
2019,0,41,0,0
2023,0,49,0,1
2022,0,61,1,1
2022,95,43,4,1
2021,3,65,4,1
2014,103,43,4,0.25
2019,39,12,3,1
2022,67,47,4,1
2019,85,14,3,1
2020,0,23,1,1
2022,55,35,4,1
2021,37,71,3,1
2022,55,35,2,1
2017,157,49,4,1
2016,81,13,2,1
2023,99,71,4,1
2022,0,14,0,0
2020,47,13,2,1
2023,0,61,3,1
2021,0,13,2,0
2016,9,1,3,1
2023,61,71,3,1
2018,0,25,0,1
2022,0,44,0,1
2015,95,34,4,0.25
2019,510,40,2,1
2021,0,56,1,0.5
2022,0,49,1,1
2016,37,12,3,1
2021,1,71,4,1
2022,3,14,3,1
2015,21,14,4,0.75
2023,0,13,3,0
2018,0,49,4,0
2016,0,2,3,1
2023,0,72,0,1
2019,31,65,4,0
2022,0,67,0,1
2018,59,71,4,1
2022,0,4,2,1
2017,51,48,4,1
2022,0,49,3,1
2018,111,43,4,1
2018,5,52,3,1
2021,3,65,4,1
2016,0,25,1,0.5
2018,183,47,3,1
2014,17,24,3,0.25
2016,0,6,4,1
2013,105,22,4,0.25
2021,31,21,3,1
2023,35,24,3,1
2019,29,14,3,1
2020,31,21,4,1
2020,167,21,4,1
2022,13,61,3,1
2021,119,42,4,1
2022,451,49,4,1
2016,0,62,4,0.75
2016,810,40,2,1
2021,0,33,0,1
2016,61,73,3,1
2017,139,49,3,1
2018,0,25,0,1
2021,105,43,4,1
2022,0,23,3,1
2018,31,21,3,1
2016,9,25,3,1
2021,89,21,3,1
2023,13,3,2,0.5
2021,43,14,4,1
2018,0,43,3,1
2023,453,49,4,1
2017,47,13,2,1
2019,479,49,4,1
2013,9,54,3,0.75
2017,0,47,0,1
2017,93,23,3,1
2023,5,72,3,1
2021,0,63,0,1
2019,47,13,2,0.75
2017,37,71,2,1
2018,61,49,4,1
2021,0,23,1,1
2018,7,71,3,1
2016,85,71,4,1
2021,0,41,3,1
2017,97,21,3,1
2019,0,3,3,1
2021,33,73,4,1
2020,141,49,4,1
2017,0,54,0,1
2017,0,40,3,1
2018,187,54,4,1
2022,37,54,2,1
2019,3,65,3,1
2022,17,3,3,1
2019,0,73,4,0
2023,29,71,4,1
2017,13,61,3,1
2022,47,13,2,1
2020,141,49,2,1
2020,0,23,0,1
2023,201,49,2,0.75
2017,3,1,2,0
2019,0,22,0,0.25
2017,113,43,3,1
2013,0,47,4,0.25
2017,0,71,1,1
2017,0,40,3,1
2019,0,14,0,1
2016,13,52,3,1
2019,103,13,3,1
2016,0,41,0,1
2022,157,22,4,1
2019,51,14,3,1
2019,0,72,1,1
2016,0,40,0,0.5
2020,0,24,4,1
2023,0,37,0,1
2023,33,73,4,1
2018,111,71,4,0.75
2014,0,54,0,0.25
2023,0,2,1,1
2022,0,13,0,1
2017,179,21,3,1
2019,33,43,4,1
2017,119,47,4,1
2022,381,49,4,1
2021,49,24,4,1
2022,0,44,0,1
2018,49,66,4,0.5
2019,73,41,4,1
2017,39,72,4,1
2023,13,71,3,1
2017,87,13,3,1
2021,0,63,0,1
2018,83,71,4,1
2019,0,21,4,1
2017,0,43,3,1
2017,13,1,3,0
2021,29,14,3,1
2020,0,13,0,1
2022,0,2,3,1
2017,55,13,2,1
2020,0,62,2,1
2019,11,43,3,1
2022,113,49,3,1
2021,1,1,4,0
2020,97,22,4,1
2021,3,14,3,1
2013,0,23,1,0.75
2021,0,62,3,1
2021,67,44,3,1
2019,27,12,3,1
2023,157,49,4,1
2023,13,71,4,1
2020,0,48,4,1
2014,0,40,3,0.25
2018,13,61,2,1
2016,55,13,3,1
2022,0,47,3,1
2021,0,3,3,1
2020,37,33,3,1
2013,67,71,2,0.25
2019,5,45,3,1
2019,103,13,3,1
2015,0,23,4,0.25
2023,95,71,4,1
2022,113,49,4,1
2020,0,14,0,1
2013,0,49,0,0.75
2019,67,71,4,1
2023,49,14,4,1
2019,73,71,3,1
2022,59,71,4,1
2020,1,82,1,1
2023,17,24,3,0.75
2019,0,47,1,1
2020,59,13,3,0
2017,113,24,4,1
2018,0,47,1,1
2019,0,54,0,1
2020,141,22,4,0
2016,1,43,4,1
2022,121,49,4,1
2018,37,71,2,1
2019,0,46,1,1
2021,95,43,3,1
2020,0,71,1,1
2018,81,13,2,1
2022,339,49,4,1
2023,0,54,3,0
2020,53,33,4,1
2023,0,64,1,1
2020,0,42,0,1
2016,31,21,2,1
2022,39,71,3,1
2019,0,23,1,0.75
2023,65,71,3,0.5
2018,183,47,4,1
2021,31,21,4,0
2023,95,43,3,0
2013,41,40,3,0.25
2015,0,25,0,0.25
2017,25,52,3,1
2017,0,33,0,1
2016,65,71,3,1
2023,183,34,4,1
2016,0,47,0,1
2022,0,22,1,1
2016,31,21,3,1
2023,140,1,4,1
2021,99,43,3,1
2021,31,21,2,1
2022,0,32,1,1
2017,65,54,4,1
2018,0,25,1,1
2018,0,71,3,1
2014,65,71,3,0.75
2020,93,13,4,1
2022,0,21,0,1
2019,0,46,3,1
2023,103,45,4,1
2019,0,53,0,1
2016,71,71,3,1
2016,73,71,3,1
2021,45,44,3,1
2021,0,49,3,1
2021,0,32,0,1
2015,0,61,0,0.25
2016,3,22,4,1
2019,47,13,2,1
2016,0,62,2,1
2019,0,47,0,1
2017,0,49,1,1
2017,85,49,3,1
2018,19,61,4,1
2016,0,64,0,1
2022,21,12,3,1
2020,0,62,2,1
2021,9,1,3,1
2019,0,13,3,1
2016,81,13,2,1
2016,33,73,4,1
2016,61,13,2,0
2019,125,23,4,1
2019,81,13,2,1
2018,67,71,2,1
2023,31,52,4,1
2018,101,14,2,0.5
2023,0,62,3,1
2023,339,49,4,1
2021,0,46,3,1
2022,49,24,4,1
2016,0,24,1,1
2018,201,49,4,1
2021,53,73,3,0.75
2016,91,22,4,1
2021,19,61,4,1
2021,0,63,1,1
2020,113,24,3,1
2016,0,25,1,1
2017,109,35,4,1
2020,0,34,1,1
2019,0,66,4,0
2017,135,44,3,1
2019,5,52,3,1
2018,0,48,0,0.25
2021,53,73,4,1
2023,61,73,3,1
2018,79,25,2,1
2021,19,43,3,1
2023,439,49,4,1
2022,101,43,3,1
2019,59,13,3,1
2018,49,14,4,1
2017,85,71,2,0.75
2017,91,14,3,1
2020,67,44,3,1
2023,0,63,3,1
2019,0,21,0,1
2022,0,49,0,1
2020,0,3,3,1
2020,0,23,4,1
2017,71,47,4,1
2019,0,49,0,1
2018,23,12,3,1
2019,25,3,2,1
2020,103,43,2,1
2021,57,67,4,1
2021,0,13,2,1
2016,39,22,4,0
2019,0,62,3,1
2021,31,43,2,1
2018,65,71,3,1
2017,0,48,0,0.75
2019,0,53,4,1
2020,0,23,1,0
2014,59,13,3,0
2020,510,52,2,1
2023,0,40,3,1
2022,0,40,0,1
2020,0,62,3,1
2016,0,62,3,1
2019,0,23,1,1
2019,111,51,4,1
2023,109,13,4,1
2022,95,43,3,1
2022,0,25,1,1
2016,59,71,4,1
2018,89,22,3,1
2018,201,49,3,1
2019,25,12,3,1
2020,33,52,3,1
2021,423,49,4,1
2021,53,73,4,1
2021,33,73,4,0.5
2020,125,23,4,1
2018,21,52,4,1
2020,29,49,4,1
2023,97,22,4,0
2023,13,61,4,1
2022,67,71,3,1
2021,3,82,3,1
2017,0,23,1,1
2019,183,49,4,1
2023,71,71,3,1
2018,0,53,3,1
2018,3,82,2,0
2022,31,21,2,1
2016,3,52,3,0
2021,0,24,1,1
2018,201,49,4,1
2018,11,67,4,1
2019,0,21,1,1
2016,97,22,4,1
2018,0,24,4,1
2022,27,3,2,0
2023,209,49,4,0
2018,0,13,3,1
2017,0,73,0,1
2017,105,43,4,1
2020,3,1,3,1
2020,0,53,1,0
2017,95,34,4,1
2019,37,71,2,1
2013,37,71,3,0.25
2016,13,61,2,1
2017,0,33,0,1
2018,29,71,4,0
2023,95,43,3,1
2019,0,3,2,1
2021,201,49,3,1
2018,9,5,3,1
2021,87,71,4,1
2022,0,14,0,1
2017,0,44,0,1
2021,339,49,4,1
2017,31,21,2,1
2021,0,62,4,1
2021,700,40,2,1
2013,0,63,0,0.25
2021,17,24,3,1
2019,135,44,3,1
2019,37,71,2,1
2018,21,14,4,1
2019,3,5,4,1
2016,1,71,3,1
2022,51,72,2,1
2020,167,21,4,1
2018,0,81,0,1
2013,55,71,4,0
2020,0,48,0,1
2016,5,13,2,0.5
2018,0,47,1,1
2021,35,67,4,1
2017,0,43,3,0.5
2015,0,49,0,0
2016,0,23,4,1
2019,81,13,2,0
2020,125,23,4,1
2017,37,71,4,1
2016,67,44,3,1
2022,0,43,3,1
2019,43,21,4,1
2023,53,33,4,1
2022,0,22,1,1
2020,85,71,4,1
2019,153,24,3,1
2020,0,13,0,1
2018,0,32,4,1
2018,81,13,2,1
2021,53,33,4,1
2020,77,44,3,1
2018,73,71,4,1
2021,0,56,4,1
2018,35,24,3,1
2023,0,24,0,0
2021,115,23,4,1
2019,0,25,1,1
2021,0,22,1,0
2019,31,12,3,1
2021,97,41,4,1
2023,29,49,2,1
2019,1,43,4,1
2016,439,49,4,1
2022,71,14,3,1
2021,0,43,3,1
2018,83,71,4,1
2016,19,12,3,1
2018,37,71,2,1
2022,141,49,4,1
2017,119,47,4,0.75
2023,183,47,4,1
2021,0,40,3,1
2019,17,24,3,1
2020,197,21,3,1
2016,9,43,4,1
2021,111,51,4,1
2019,0,2,1,1
2023,0,13,3,1
2018,439,49,4,1
2022,71,71,4,1
2018,0,40,0,1
2016,0,23,1,1
2023,89,22,3,1
2019,0,31,0,1
2019,37,71,4,1
2017,0,25,0,0
2022,0,41,0,1
2016,0,40,3,1
2023,17,53,4,1
2020,0,64,0,1
2013,0,23,1,0.75
2021,63,73,4,1
2023,35,48,4,1
2022,0,42,0,1
2023,0,24,1,1
2022,0,62,4,1
2016,0,49,0,1
2021,31,52,4,1
2021,105,43,4,1
2018,133,24,3,0.25
2017,0,44,4,1
2017,29,49,4,1
2018,3,11,3,1
2022,0,43,3,1
2023,31,21,4,1
2019,0,44,3,1
2018,0,56,1,1
2022,59,71,4,1
2023,0,3,0,1
2016,47,13,2,1
2017,57,43,4,1
2019,0,33,1,1
2021,3,52,3,1
2018,103,31,4,0
2020,99,34,3,1
2022,0,33,1,1
2014,0,41,4,0
2016,73,71,4,1
2022,120,1,3,1
2019,0,25,1,1
2017,0,13,3,1
2020,0,22,3,1
2018,73,71,2,0
2018,0,54,0,1
2020,0,72,4,1
2022,0,21,4,1
2015,0,37,1,0.75
2022,121,49,3,1
2023,0,32,0,1
2019,0,40,0,1
2023,0,2,4,1
2023,5,52,3,1
2020,21,47,4,1
2019,37,71,3,1
2018,29,49,4,1
2017,0,41,4,0.75
2016,0,48,4,1
2016,0,31,2,1
2022,0,46,3,1
2020,13,61,4,1
2020,0,3,3,1
2018,33,73,2,0
2017,55,13,3,1
2020,157,54,2,0.75
2016,109,53,4,1
2018,83,48,3,1
2016,0,13,0,1
2018,67,71,3,1
2015,0,3,4,0
2018,0,42,0,1
2019,0,48,1,1
2019,0,56,1,1
2016,59,44,4,1
2016,0,62,2,1
2021,119,47,4,1
2020,11,43,3,1
2019,11,43,3,1
2014,0,46,0,0.25
2019,0,62,3,0.5
2023,21,47,4,1
2017,0,63,4,1
2019,25,71,4,1
2019,37,71,4,1
2022,0,54,0,1
2020,0,40,3,1
2018,0,47,3,0
2021,0,46,0,1
2019,125,23,4,1
2022,0,73,0,1
2018,3,52,3,1
2020,33,43,4,1
2019,0,3,3,1
2017,163,23,4,1
2021,0,51,0,1
2018,81,13,2,1
2019,31,52,4,1
2014,0,54,0,0
2016,0,21,1,1
2020,95,43,4,1
2013,123,33,2,0.25
2017,0,3,3,0
2017,7,12,3,1
2022,63,22,3,1
2018,37,71,4,1
2023,13,71,3,1
2022,21,12,4,0
2017,0,43,3,1
2019,0,35,0,1
2022,151,47,3,1
2018,0,48,4,1
2020,0,51,0,1
2021,0,14,1,1
2017,43,14,3,1
2019,97,22,4,1
2023,111,71,3,1
2022,121,44,4,1
2016,0,62,3,1
2016,139,23,3,1
2017,0,24,1,1
2016,11,43,3,1
2017,0,49,0,0.75
2018,161,23,3,1
2020,0,24,3,1
2017,53,33,3,1
2017,71,47,4,1
2018,0,64,1,1
2019,439,49,4,1
2013,0,14,0,0
2022,0,40,4,1
2019,439,49,4,1
2023,0,49,1,1
2013,37,71,4,0
2017,13,71,3,1
2017,63,44,3,0.25
2019,760,40,2,1
2017,31,21,2,1
2017,13,61,3,1
2016,201,49,4,1
2019,0,63,0,1
2021,29,71,4,1
2023,5,52,3,1
2014,0,44,0,0.75
2019,11,43,4,1
2019,439,49,3,1
2016,309,49,4,1
2022,1,82,1,1
2019,0,67,0,1
2023,59,71,4,1
2022,0,22,1,1
2015,0,54,0,0.25
2022,0,68,1,1
2021,0,44,2,1
2015,0,61,0,0.25
2017,103,13,3,1
2022,0,41,4,1
2020,0,41,1,1
2017,13,40,2,1
2022,57,67,4,1
2023,99,71,3,1
2019,75,71,2,1
2023,103,13,3,1
2018,0,24,3,1
2017,0,32,1,0.5
2013,11,43,4,0.25
2020,0,49,0,1
2016,119,47,4,0.5
2023,17,14,3,1
2023,0,61,4,1
2016,103,13,3,1
2017,79,25,2,1
2023,0,13,0,1
2019,0,2,3,0
2023,0,22,0,1
2019,61,71,3,1
2017,0,22,0,0.75
2019,0,44,0,1
2022,0,13,4,0.75
2022,0,54,4,1
2019,81,71,3,1
2021,0,34,4,1
2017,19,43,3,1
2021,0,73,4,1
2023,161,23,2,1
2018,0,22,3,1
2023,3,12,3,1
2016,0,49,0,1
2023,0,46,1,1
2018,27,12,3,1
2018,75,71,2,1
2023,31,21,2,1
2020,31,52,4,1
2022,0,61,3,1
2016,37,71,4,1
2023,0,31,1,1
2021,61,71,4,1
2023,0,14,4,1
2023,0,68,1,1
2023,0,25,0,1
2017,0,53,0,1
2019,0,3,3,1
2015,87,40,3,0
2019,37,71,2,1
2022,13,40,2,1
2019,99,34,3,1
2016,85,71,2,1
2019,0,33,0,0.75
2016,0,25,0,1
2016,91,22,4,1
2017,105,43,4,1
2021,99,23,3,1
2013,0,36,0,0
2018,0,54,4,1
2020,95,22,4,0
2020,79,25,2,1
2022,89,24,3,1
2022,37,71,3,1
2017,0,14,1,1
2020,0,49,0,1
2022,0,43,3,1
2021,0,62,1,1
2018,81,13,2,1
2023,0,64,1,1
2017,0,4,1,1
2016,0,43,3,0.75
2017,0,32,0,1
2021,13,61,3,1
2021,81,13,2,1
2021,0,56,1,0.75
2021,9,1,3,1
2020,0,3,3,0
2022,37,12,3,1
2023,0,31,0,1
2016,71,13,3,1
2018,81,13,2,1
2023,37,71,4,1
2018,0,54,4,1
2021,139,23,3,1
2019,5,52,3,1
2017,31,21,2,1
2022,91,14,3,1
2022,5,72,3,1
2017,189,34,3,1
2017,13,61,3,1
2021,0,54,0,0.25
2023,17,14,3,1
2018,19,61,4,1
2021,191,47,4,1
2013,29,49,2,0.25
2017,121,49,3,1
2020,71,14,3,1
2023,0,71,1,1
2022,29,14,3,1
2017,59,13,3,1
2022,0,46,0,1
2019,0,32,1,1
2017,117,41,4,1
2014,117,44,3,0.75
2021,197,21,3,1
2013,145,33,4,0
2021,0,40,0,1
2021,47,71,4,1
2022,65,54,4,1
2020,37,71,4,1
2020,123,33,3,0
2022,99,23,3,1
2022,0,52,0,1
2019,0,40,4,1
2023,0,51,0,1
2019,23,12,4,0
2018,0,23,1,1
2017,163,31,4,1
2023,0,3,0,1
2022,375,49,4,1
2023,810,40,2,1
2020,97,71,4,1
2019,91,32,3,1
2017,29,71,4,1
2019,31,43,4,1
2021,139,23,3,1
2022,125,23,3,1
2021,0,51,0,1
2013,0,51,0,0.25
2023,3,11,3,1
2023,453,49,4,1
2013,97,43,4,0.25
2017,1,98,2,1
2021,3,65,4,1
2017,103,24,3,1
2018,19,61,4,1
2016,0,24,3,1
2021,17,14,3,1
2017,0,5,3,1
2023,91,32,4,1
2015,760,40,2,0.25
2020,73,71,2,1
2017,0,21,0,0
2014,0,33,0,0.25
2017,81,13,2,1
2019,121,49,4,1
2018,89,22,4,1
2015,37,71,2,0.25
2018,0,63,4,1
2019,0,34,0,1
2019,163,23,2,1
2017,37,71,4,1
2016,165,54,3,1
2021,0,73,0,1
2016,0,14,4,0
2019,0,24,4,1
2018,113,49,4,1
2019,0,67,0,1
2022,59,71,4,1
2019,201,49,3,1
2019,0,22,3,1
2020,0,67,0,1
2021,95,71,3,1
2016,0,43,3,1
2016,0,36,0,1
2017,0,44,4,1
2020,121,23,4,0
2018,31,52,3,1
2018,0,51,0,1
2023,59,13,3,1
2020,0,32,1,1
2017,0,32,0,1
2019,13,61,2,1
2019,61,49,4,1
2017,19,21,4,1
2017,0,13,0,1
2022,73,71,4,1
2023,0,43,4,1
2015,0,32,0,0.75
2021,0,3,3,1
2023,79,25,3,1
2020,0,22,3,1
2022,0,53,1,0.5
2023,0,44,0,1
2022,55,35,4,1
2016,0,34,1,0
2018,0,48,4,0.5
2022,81,13,2,1
2023,0,42,1,1
2022,439,49,4,0
2019,0,13,3,1
2021,37,54,2,1
2020,0,47,1,1
2016,37,71,2,1
2019,67,47,4,1
2023,0,43,1,1
2022,227,51,4,1
2019,57,24,3,0
2023,27,14,4,1
2014,33,73,2,0.75
2022,0,67,0,0
2021,49,24,4,1
2021,19,72,1,1
2018,13,61,4,0.5
2023,143,53,4,1
2016,95,71,4,1
2022,73,71,4,0.5
2022,0,73,0,1
2020,73,71,2,1
2017,37,33,3,1
2018,0,43,3,1
2019,17,12,2,1
2021,0,62,0,1
2022,190,1,3,0
2020,65,71,3,1
2018,73,71,3,1
2022,0,41,0,1
2021,33,73,4,1
2022,0,71,1,1
2017,0,41,1,1
2014,0,61,0,0
2018,105,25,4,1
2022,61,49,4,1
2021,23,12,4,1
2023,125,23,3,0.5
2020,13,61,3,1
2023,0,64,4,1
2018,29,49,4,1
2022,63,44,3,1
2022,117,44,3,1
2020,0,47,0,1
2023,21,47,4,1
2016,67,71,2,1
2022,133,25,4,1
2018,1,71,4,0
2021,0,13,0,1
2021,0,51,1,1
2019,73,71,4,1
2018,0,41,1,1
2020,3,82,3,0
2022,0,41,1,1
2021,7,5,3,1
2023,0,54,4,0
2020,39,71,4,1
2022,485,49,4,1
2023,209,49,4,1
2020,19,14,3,1
2016,0,32,1,1
2023,37,71,3,1
2018,33,73,3,1
2018,0,2,3,1
2021,0,73,0,1
2019,0,51,0,1
2023,37,71,3,1
2023,0,40,3,1
2022,73,71,4,1
2023,173,24,3,1
2022,0,24,0,0
2017,41,12,3,1
2019,0,43,3,1
2022,59,71,4,1
2023,251,49,3,1
2022,3,14,3,1
2019,73,71,4,1
2021,0,44,3,1
2022,63,73,4,1
2023,13,61,4,1
2016,0,40,3,1
2020,0,37,4,1
2018,103,43,2,1
2016,31,21,2,1
2021,121,49,3,1
2021,37,71,3,1
2018,165,24,3,1
2019,0,22,3,1
2018,59,71,4,1
2023,31,12,3,1
2023,3,14,3,1
2021,5,13,2,1
2016,0,14,3,1
2020,0,51,0,1
2022,0,33,1,0
2023,0,41,4,1
2021,0,49,1,1
2021,59,71,3,1
2017,33,43,4,1
2022,167,49,4,1
2020,0,62,4,1
2023,61,71,3,1
2016,61,13,2,1
2018,25,25,4,0
2018,0,49,0,0.5
2018,13,61,3,1
2022,0,23,0,1
2019,61,13,2,1
2020,29,24,1,1
2018,0,34,1,1
2019,0,63,4,1
2023,35,67,4,1
2017,91,49,4,1
2016,43,21,3,1
2022,7,12,3,1
2017,117,43,4,1
2021,47,72,4,1
2021,0,54,0,1
2019,23,12,3,1
2016,0,44,4,1
2022,251,49,3,1
2020,0,43,3,1
2023,0,49,0,0.5
2020,0,71,1,1
2019,163,22,4,1
2019,11,43,3,1
2014,215,49,3,0.25
2019,103,43,4,1
2018,0,45,0,0.75
2020,0,62,4,1
2021,0,40,4,1
2017,103,13,3,1
2021,0,44,1,1
2017,0,13,4,1
2021,0,46,3,1
2020,0,73,0,1
2017,0,62,2,0
2016,510,52,2,1
2020,0,47,1,1
2018,0,44,0,1
2023,3,48,3,1
2016,0,40,0,1
2023,0,61,0,1
2020,31,21,3,1
2022,41,12,3,1
2018,85,71,4,1
2022,0,65,1,1
2018,0,23,1,1
2019,19,12,3,1
2017,309,49,4,0.5
2023,1,71,4,1
2019,1,1,4,1
2017,43,21,4,1
2017,0,34,4,1
2019,157,49,4,1
2018,0,67,1,1
2021,81,13,2,1
2016,0,25,3,1
2017,41,49,4,1
2022,0,44,0,1
2018,67,71,4,1
2020,0,14,1,1
2018,57,44,3,1
2016,0,73,0,1
2022,39,72,4,1
2021,0,33,0,1
2022,0,34,1,1
2022,170,1,3,1
2017,61,13,2,1
2021,0,4,0,1
2017,0,45,3,1
2020,31,52,4,1
2021,63,44,3,1
2021,0,43,0,0
2020,29,14,3,1
2014,145,23,4,0
2020,0,67,0,1
2021,0,41,1,1
2020,161,23,4,1
2016,59,13,3,1
2021,55,71,4,1
2020,25,12,3,1
2022,0,24,1,1
2021,3,82,2,1
2019,141,49,2,1
2017,0,3,3,0
2015,453,49,2,0.75
2021,113,71,3,1
2015,0,63,0,0
2023,61,73,3,1
2020,63,13,3,0
2020,27,12,3,1
2022,13,52,3,1
2017,65,71,3,1
2014,3,52,3,0.25
2020,43,21,3,1
2017,21,52,3,1
2019,0,52,4,1
2019,0,23,1,0
2020,107,71,4,1
2017,215,49,3,1
2017,0,34,0,1
2016,11,43,3,1
2022,163,33,3,1
2022,0,53,1,1
2020,9,5,3,1
2020,0,14,4,0
2021,0,53,0,1
2020,97,22,4,0.5
2018,55,13,3,1
2023,0,31,1,0.25
2020,0,53,1,0
2017,0,37,1,0.75
2018,0,3,3,1
2020,65,71,3,1
2017,0,25,3,1
2019,37,71,4,1
2022,0,24,0,1
2020,37,71,4,1
2017,0,13,0,1
2013,0,48,1,0.25
2020,0,3,3,1
2019,37,71,2,1
2022,339,49,4,1
2023,89,44,4,1
2021,51,72,2,1
2015,0,46,1,0.75
2019,103,13,3,1
2020,0,37,4,1
2016,71,14,3,1
2016,0,13,0,1
2017,0,40,4,1
2020,33,46,3,1
2022,71,13,3,1
2013,453,49,4,0
2019,0,45,0,0.75
2020,111,71,3,1
2023,29,71,4,1
2017,0,13,0,1
2023,0,24,1,1
2019,37,71,3,1
2020,109,35,4,1
2017,0,3,3,1
2016,0,34,3,1
2016,0,40,0,1
2016,37,71,3,1
2018,0,21,0,1
2021,0,48,3,1
2019,109,35,4,1
2022,31,21,2,1
2021,113,49,2,0
2013,59,71,4,0.75
2017,167,49,3,0.75
2018,0,22,1,1
2020,11,14,3,1
2021,0,48,0,1
2021,125,23,3,1
2020,0,54,0,0
2019,0,31,1,1
2017,0,51,1,1
2016,73,44,3,1
2017,33,73,4,1
2019,355,49,2,1
2021,51,44,4,1
2021,11,43,3,1
2016,151,47,3,1
2018,41,71,4,0
2020,79,25,2,1
2018,19,61,4,1
2022,47,13,2,1
2013,31,21,2,0.25
2016,85,47,1,1
2022,11,43,3,1
2017,85,49,2,1
2021,0,65,0,1
2013,125,23,3,0.25
2017,0,33,0,1
2019,0,67,0,0
2019,3,1,3,1
2017,0,61,1,1
2016,183,49,4,1
2017,187,54,4,1
2021,117,43,3,0.75
2023,103,13,3,1
2021,0,43,3,1
2022,3,12,3,1
2023,127,22,3,0.5
2017,91,32,3,1
2019,19,71,4,1
2019,0,73,1,1
2017,77,71,4,1
2021,37,54,2,1
2018,59,71,4,1
2019,29,49,2,0.75
2016,29,72,4,0.5
2017,65,71,3,1
2016,73,71,3,1
2019,0,40,3,1
2018,0,24,1,0.5
2019,0,24,4,1
2022,183,47,4,1
2014,0,33,1,0
2019,0,43,4,1
2013,0,25,4,0.25
2018,71,45,2,1
2022,0,47,0,1
2019,0,47,0,0.75
2016,59,71,4,0
2021,0,53,2,1
2021,111,51,4,1
2021,73,71,4,1
2019,107,40,3,1
2019,9,1,3,1
2021,0,41,3,1
2019,19,21,4,1
2020,73,71,4,1
2020,111,71,4,1
2023,0,25,0,1
2016,510,52,2,1
2018,0,33,1,1
2023,0,34,1,1
2023,129,14,3,1
2022,0,37,1,0
2020,0,62,0,1
2021,19,61,4,1
2019,0,13,3,1
2017,33,52,3,1
2017,105,25,4,1
2018,29,12,3,1
2014,0,34,0,0.75
2018,167,21,4,1
2023,49,24,4,1
2023,0,48,4,0.25
2018,0,23,1,1
2020,149,54,4,1
2019,0,3,2,1
2017,5,1,1,1
2021,47,72,4,1
2014,0,62,4,0.25
2019,47,13,2,1
2019,29,49,2,1
2016,0,43,0,1
2016,197,21,3,1
2021,107,71,4,1
2018,3,65,4,0.5
2021,0,3,3,1
2017,0,44,3,1
2021,31,21,4,1
2018,13,66,4,1
2021,215,49,4,0
2016,0,43,0,0.25
2022,31,43,2,1
2016,31,21,3,1
2022,0,54,3,0.5
2023,97,71,4,1
2020,37,33,4,1
2014,201,49,4,0.25
2017,3,33,3,1
2020,17,12,3,1
2019,59,71,4,1
2019,103,13,3,1
2021,151,44,3,1
2021,453,49,2,0
2022,83,48,4,0.5
2020,0,62,4,1
2022,3,3,4,1
2018,0,34,0,1
2019,31,12,3,1
2018,51,48,4,1
2021,0,53,3,1
2014,0,13,1,0.25
2017,0,43,4,1
2019,0,48,3,1
2020,19,2,4,1
2016,1,11,4,1
2022,81,13,2,1
2021,0,47,1,1
2018,510,52,2,0
2015,73,71,4,0
2022,113,49,4,1
2020,0,49,0,0.5
2018,71,71,4,1
2016,57,43,4,1
2017,67,71,4,0.5
2020,73,71,4,1
2016,51,48,4,1
2019,31,52,4,1
2019,491,49,3,1
2022,17,71,3,1
2016,113,49,4,1
2021,0,13,0,1
2021,31,21,2,1
2020,0,13,3,1
2023,5,3,3,1
2022,0,23,1,1
2020,0,13,4,1
2023,0,36,1,1
2022,0,56,4,1
2023,71,71,4,1
2016,3,14,4,1
2013,85,71,4,0
2019,0,34,1,1
2017,0,34,0,1
2020,0,3,3,1
2023,0,42,0,1
2015,0,49,1,0.25
2016,0,48,4,0
2014,19,71,3,0.75
2023,1,98,2,1
2019,0,62,3,1
2019,37,71,4,1
2022,121,44,2,1
2023,1,71,4,1
2018,0,62,3,1
2022,0,64,1,1
2021,1,1,4,1
2018,0,71,4,0.25
2019,31,43,2,0.75
2022,0,34,0,1
2023,0,54,1,1
2016,0,56,0,1
2019,85,71,4,1
2019,0,65,1,1
2022,71,43,3,1
2018,0,41,4,1
2021,37,71,4,1
2017,103,43,4,0.75
2017,113,49,2,1
2016,0,41,4,1
2019,107,71,3,1
2018,0,41,4,1
2022,89,21,3,1
2016,81,13,2,0.5
2015,0,23,1,0.25
2017,19,71,4,1
2022,65,71,3,1
2023,65,71,4,0
2019,223,44,3,1
2018,0,62,3,1
2019,0,47,0,1
2019,3,11,3,1
2018,25,3,3,1
2019,439,49,4,1
2018,117,41,4,1
2017,73,71,4,0.75
2018,0,61,0,1
2023,3,65,4,1
2021,0,46,0,1
2019,51,72,4,1
2019,13,61,4,1
2023,39,49,3,1
2016,95,71,4,1
2022,63,44,3,1
2013,3,12,3,0.25
2022,0,4,0,1
2016,103,43,4,1
2016,453,49,4,1
2021,0,41,4,0.75
2023,67,71,3,1
2021,0,33,0,1
2023,0,63,4,1
2014,17,14,3,0
2021,0,13,0,0
2015,113,24,3,0.75
2018,0,44,3,1
2018,31,21,3,1
2019,0,62,3,1
2017,0,24,3,1
2023,71,45,2,1
2018,183,47,4,1
2023,0,44,0,1
2018,157,49,4,1
2020,107,40,3,1
2021,33,52,3,1
2023,1,47,4,0
2018,37,71,4,1
2021,0,2,3,1
2019,0,43,0,1
2017,0,42,1,1
2021,97,41,4,1
2023,143,21,4,1
2017,0,36,0,1
2020,439,49,4,1
2019,163,33,3,1
2017,9,25,3,1
2016,121,23,4,0
2021,0,21,0,0.5
2016,0,71,1,1
2021,133,14,3,1
2019,85,49,3,1
2016,27,52,4,1
2022,0,73,4,1
2019,93,24,3,0
2015,97,71,4,0
2022,0,53,1,1
2018,95,22,4,1
2021,0,49,0,1
2016,0,63,4,1
2022,19,43,3,0.5
2019,67,71,4,0.75
2021,9,43,4,1
2021,0,23,4,1
2019,5,13,2,1
2016,85,13,2,1
2019,0,43,3,0
2021,0,43,4,1
2022,185,44,4,1
2020,71,71,3,1
2016,0,40,0,1
2016,163,23,2,1
2020,0,33,0,1
2021,113,49,4,1
2021,157,49,4,1
2016,0,47,0,1
2021,35,73,4,1
2023,0,40,1,1
2021,67,71,4,1
2022,67,44,4,1
2022,0,53,0,1
2016,119,47,4,1
2021,51,72,4,1
2019,0,33,0,1
2023,23,24,4,1
2014,37,71,2,0.25
2018,31,52,3,1
2015,37,71,2,0.75
2018,17,14,3,1
2021,51,72,2,0.75
2021,0,25,0,1
2016,7,5,3,0
2017,0,52,4,1
2017,37,71,4,1
2022,59,13,3,1
2017,85,14,3,1
2020,0,14,3,1
2023,3,65,4,1
2020,0,53,4,1
2019,31,43,2,1
2022,0,23,0,1
2023,81,43,4,1
2015,0,54,0,0.75
2021,37,71,3,1
2022,19,12,3,0
2017,163,23,4,1
2017,0,40,4,1
2020,113,49,4,1
2017,103,43,3,1
2022,81,13,2,1
2021,0,48,4,1
2014,0,43,0,0.25
2021,0,21,3,1
2023,49,24,4,1
2018,105,43,4,1
2022,49,67,4,1
2014,0,54,1,0.25
2022,25,12,3,1
2016,113,49,2,1
2019,0,41,4,1
2022,0,46,0,1
2018,37,71,2,0.75
2018,0,46,0,1
2019,31,21,3,1
2016,0,44,4,1
2018,13,61,3,1
2020,0,13,1,1
2023,0,53,1,1
2022,451,49,4,1
2023,3,65,4,1
2017,103,13,3,1
2019,0,48,0,1
2022,67,71,4,1
2017,67,71,4,1
2019,1,1,4,1
2023,0,6,0,1
2017,5,13,2,1
2021,99,71,4,0
2019,0,34,4,1
2019,0,41,1,1
2016,71,71,4,1
2019,45,32,4,1
2021,0,40,0,1
2018,73,71,2,1
2017,43,21,4,1
2017,0,45,4,0
2022,0,71,4,1
2019,113,49,4,1
2019,0,49,0,1
2021,81,23,4,1
2019,71,71,4,1
2018,33,73,3,1
2020,17,12,4,1
2018,37,71,3,1
2020,0,43,3,1
2014,0,54,0,0.75
2017,71,71,3,1
2020,0,62,4,1
2023,0,72,4,1
2013,0,47,0,0.75
2023,61,13,2,1
2021,11,43,3,1
2016,439,49,3,1
2016,0,47,4,1
2014,491,49,3,0.75
2019,5,12,3,1
2016,0,14,3,1
2021,0,4,1,1
2018,0,25,3,1
2016,103,43,4,1
2018,183,47,4,1
2020,37,71,2,1
2023,0,54,3,0.5
2022,1,98,2,1
2020,3,1,4,1
2018,37,71,3,1
2018,53,33,3,1
2020,0,73,4,1
2017,23,12,3,1
2018,0,54,4,0.75
2023,0,40,3,1
2016,339,49,4,1
2016,0,6,1,1
2017,1,82,1,1
2021,0,66,1,1
2020,0,22,1,0
2017,0,73,4,1
2023,45,14,3,1
2017,3,14,3,1
2016,73,71,3,1
2019,0,41,4,1
2023,0,14,0,1
2019,0,72,4,1
2018,85,71,3,1
2017,115,21,4,1
2019,81,23,4,1
2022,201,49,4,1
2022,0,49,1,0
2015,129,14,3,0.75
2018,491,49,4,1
2019,25,52,3,1
2022,13,61,3,1
2021,5,45,3,1
2018,19,21,4,1
2018,13,71,4,1
2017,0,73,0,1
2019,27,12,3,1
2016,103,45,3,1
2020,19,61,4,1
2021,71,71,2,1
2017,99,71,3,1
2023,0,13,0,1
2016,0,44,1,0
2023,23,12,4,0
2018,109,53,4,1
2023,0,53,0,1
2019,760,40,2,1
2020,179,21,3,1
2016,0,43,3,1
2018,37,54,4,1
2022,201,49,4,1
2022,89,44,3,1
2020,23,12,3,1
2019,0,71,1,1
2022,31,21,2,1
2018,29,49,4,1
2020,183,34,3,1
2022,0,40,4,1
2018,29,12,3,1
2015,143,21,4,0.25
2018,5,11,3,0
2019,37,71,3,0.75
2023,103,13,3,1
2021,0,62,4,1
2017,29,49,4,1
2022,95,34,2,1
2020,0,42,1,1
2022,1,98,2,1
2015,139,49,3,0.25
2017,37,71,2,1
2021,0,41,0,0.75
2019,0,47,3,1
2017,25,25,4,0
2019,59,71,4,1
2023,0,21,0,1
2023,163,23,3,1
2020,29,49,4,1
2018,0,49,1,1
2016,167,22,4,1
2023,0,51,3,1
2018,0,33,1,1
2022,95,71,3,1
2021,59,71,4,1
2017,0,73,0,1
2016,0,13,0,1
2022,31,21,3,1
2022,93,54,4,1
2020,0,45,0,1
2019,67,44,3,1
2014,0,32,1,0.25
2016,0,40,3,1
2017,0,37,1,1
2017,0,49,0,1
2021,0,43,4,1
2023,0,49,3,1
2018,55,35,4,1
2013,21,14,4,0.25
2022,45,48,4,1
2016,59,71,4,0.75
2021,0,24,1,1
2022,11,43,4,1
2016,0,44,0,1
2020,81,71,3,1
2020,0,46,4,1
2018,71,71,4,1
2017,0,44,3,1
2016,25,3,2,1
2023,0,23,1,1
2020,27,53,4,1
2022,439,49,4,1
2016,0,24,4,1
2020,59,71,4,1
2019,99,23,3,1
2023,0,44,0,1
2021,91,32,4,1
2018,0,25,3,1
2017,43,21,3,1
2016,23,12,4,1
2018,47,71,3,1
2017,201,49,4,1
2019,439,49,4,0.75
2016,0,43,4,1
2016,3,12,3,1
2018,13,66,4,1
2023,85,71,4,1
2021,0,54,4,1
2017,31,52,4,1
2017,13,61,4,1
2020,5,13,2,0
2014,0,51,0,0
2022,19,71,4,1
2020,0,13,1,0.5
2018,21,47,4,1
2022,0,35,1,1
2020,29,13,4,1
2023,23,3,3,0
2017,163,23,4,0.75
2016,13,61,4,1
2020,29,72,4,0
2023,89,21,4,1
2016,109,33,4,1
2019,0,40,0,1
2018,27,53,4,1
2017,103,43,4,1
2019,0,24,1,1
2018,11,1,4,1
2022,0,40,4,1
2022,27,53,3,0
2016,1,1,4,0
2021,0,4,3,1
2022,21,3,3,1
2022,0,71,1,1
2021,0,3,2,1
2023,0,37,0,0.5
2023,81,23,2,1
2022,53,67,4,0.75
2016,59,71,4,1
2016,49,67,3,1
2019,0,32,1,1
2015,0,49,0,0.75
2016,27,12,3,1
2017,0,45,0,1
2016,59,71,3,1
2016,29,12,3,1
2021,53,73,2,1
2020,31,65,4,1
2021,47,13,2,1
2021,0,62,4,1
2017,99,43,3,1
2022,59,71,4,1
2016,510,52,2,0.5
2020,439,49,4,1
2016,1,71,3,1
2015,0,43,4,0.75
2013,17,72,4,0.75
2021,0,22,0,1
2018,0,34,4,1
2014,0,71,1,0.25
2020,0,56,1,0.75
2022,0,52,4,1
2016,81,47,4,1
2018,71,13,3,1
2022,0,62,4,1
2022,37,71,4,1
2022,103,24,3,1
2020,0,23,1,1
2019,0,40,3,1
2016,0,13,3,1
2018,3,65,3,1
2021,65,71,2,1
2021,99,23,3,1
2016,61,13,2,1
2016,0,34,0,1
2023,0,40,0,1
2019,201,49,4,1
2021,303,49,2,1
2017,163,23,2,0.25
2021,0,3,3,1
2013,439,49,4,0.25
2021,0,44,2,1
2016,31,43,2,1
2020,19,71,3,0
2019,59,13,3,1
2018,0,62,0,1
2016,0,3,3,1
2021,99,23,3,1
2016,183,47,3,1
2016,0,22,0,1
2020,0,42,0,1
2022,0,51,0,1
2023,0,44,0,1
2017,95,34,3,1
2019,0,56,1,0.25
2013,83,13,4,0
2021,167,21,4,1
2023,67,44,4,1
2016,35,24,3,1
2018,55,35,4,1
2017,35,67,3,1
2019,33,45,4,1
2019,0,34,4,1
2020,141,22,4,1
2021,67,71,2,1
2016,105,43,4,1
2022,491,49,4,1
2017,37,71,2,1
2020,9,1,2,1
2023,201,49,4,1
2022,0,32,4,1
2017,0,4,1,1
2020,85,71,4,1
2016,67,71,4,1
2020,3,82,3,1
2018,31,65,4,1
2016,61,49,4,1
2023,5,52,3,1
2022,73,71,4,1
2021,479,49,4,1
2022,0,24,3,1
2017,61,71,3,1
2017,0,35,0,0
2019,1,98,2,1
2019,0,73,0,1
2018,59,71,3,0.75
2021,103,13,3,1
2019,0,25,0,1
2022,51,72,2,1
2020,5,12,3,1
2018,0,43,4,1
2023,37,71,3,1
2021,19,71,3,1
2020,0,54,0,0.5
2016,35,47,4,0
2020,0,43,2,0.75
2020,0,25,0,1
2013,0,51,0,0.25
2022,67,72,4,0
2022,59,13,3,1
2022,61,13,2,1
2016,0,43,4,1
2023,439,49,3,0
2022,0,47,1,1
2016,113,31,4,1
2014,0,23,3,0.75
2013,139,24,4,0
2021,109,53,4,1
2022,11,73,4,1
2019,5,52,3,0.5
2018,0,49,0,0.5
2019,0,48,3,1
2016,0,44,4,1
2020,97,21,3,1
2017,0,22,3,0.75
2016,0,54,0,1
2022,29,49,4,1
2018,81,71,4,1
2021,0,62,4,1
2018,19,71,3,1
2021,0,32,1,1
2020,37,71,3,1
2016,61,24,4,1
2018,0,49,0,1
2014,0,23,4,0.25
2022,29,49,4,1
2022,103,13,3,1
2019,0,44,0,1
2020,0,13,0,1
2017,0,31,4,1
2017,37,71,2,1
2018,67,71,2,1
2023,0,31,1,1
2023,0,48,3,1
2017,67,47,4,1
2021,0,44,0,1
2023,29,49,2,0.75
2020,0,4,1,1
2021,133,14,4,1
2015,13,1,3,0
2016,0,43,3,1
2019,0,62,1,1
2022,0,40,3,1
2022,0,13,4,1
2023,17,14,3,1
2023,0,40,3,1
2023,59,71,4,1
2021,0,3,3,1
2017,31,43,2,1
2021,117,43,4,1
2018,89,22,4,1
2018,0,47,0,1
2021,0,31,0,1
2021,0,40,3,1
2020,3,14,3,1
2018,0,35,0,1
2020,0,23,1,1
2021,47,13,2,1
2020,37,71,2,1
2023,0,25,4,1
2021,163,31,4,1
2014,67,44,3,0.25
2021,0,61,3,1
2023,9,25,3,1
2019,37,33,3,1
2023,37,71,4,1
2017,0,22,0,0.5
2016,37,71,2,1
2019,45,14,3,1
2021,99,43,4,1
2016,0,56,1,1
2014,0,40,3,0.75
2021,201,49,4,1
2019,3,82,2,1
2016,31,52,4,1
2020,85,13,2,1
2017,29,14,3,1
2015,0,34,4,0.75
2017,13,61,3,1
2022,810,40,2,1
2021,81,47,4,1
2023,25,12,3,1
2018,89,22,3,1
2018,67,51,2,1
2023,0,47,4,1
2018,3,1,4,1
2016,37,71,3,1
2016,19,61,4,0
2016,0,24,4,1
2020,83,71,4,0.75
2018,31,21,2,1
2018,0,4,1,1
2020,73,71,4,1
2013,33,52,3,0.75
2022,53,73,4,1
2023,59,13,3,1
2021,439,49,4,0
2020,169,24,1,1
2023,183,47,4,1
2016,31,21,2,1
2016,0,3,3,1
2017,0,73,0,1
2021,31,21,4,1
2023,33,45,4,1
2022,55,71,4,1
2019,179,54,4,0
2022,27,3,3,1
2021,0,81,1,1
2022,0,43,4,1
2023,33,73,3,1
2021,163,23,3,1
2023,0,33,0,1
2017,0,22,3,1
2023,0,2,3,1
2018,0,54,0,1
2021,189,34,3,1
2016,15,1,3,1
2017,1,1,3,1
2022,93,21,3,1
2020,135,47,4,1
2018,13,61,4,1
2020,13,61,2,1
2023,0,72,0,1
2021,13,52,3,1
2020,117,51,3,0
2018,29,13,3,1
2018,0,3,2,1
2020,0,32,4,1
2019,0,48,4,1
2017,439,49,4,0.75
2023,130,1,4,1
2022,439,49,4,1
2020,0,41,0,1
2018,87,13,3,1
2017,0,33,0,1
2020,79,25,4,0
2018,91,48,3,1
2023,0,49,0,1
2022,140,1,2,1
2020,65,54,4,1
2019,31,52,3,1
2019,35,67,4,1
2018,59,71,4,1
2022,119,13,3,1
2022,5,23,1,1
2017,25,3,2,1
2017,0,40,0,1
2017,183,47,4,1
2017,37,71,2,0.75
2023,3,11,4,1
2017,0,48,3,1
2018,0,37,0,1
2019,61,13,2,1
2022,0,40,0,1
2022,17,3,3,1
2016,37,71,2,0
2022,0,61,4,0
2018,37,54,2,1
2018,0,22,3,1
2016,103,43,2,1
2021,89,24,3,1
2017,77,71,3,1
2021,0,72,4,1
2017,145,23,4,1
2021,109,53,4,1
2017,81,23,4,0.5
2021,183,47,4,1
2018,0,23,1,1
2016,37,33,3,1
2023,0,61,4,1
2023,39,71,3,1
2017,13,31,4,0.75
2021,63,13,3,1
2023,87,71,4,1
2023,183,49,4,1
2013,0,37,4,0.25
2017,0,72,0,1
2021,99,43,4,1
2018,1,71,4,1
2020,61,71,4,1
2017,71,43,4,1
2018,0,47,0,1
2022,81,13,2,0.75
2014,0,53,0,0
2016,31,21,2,1
2018,201,49,4,0.5
2017,139,44,4,1
2017,3,82,3,1
2017,179,21,3,1
2023,59,71,4,0.5
2021,0,51,0,1
2021,113,49,4,1
2022,0,25,0,1
2019,29,13,3,1
2018,0,3,3,1
2020,67,71,3,1
2015,47,72,4,0.75
2022,0,24,0,1
2018,139,49,3,1
2022,0,13,0,1
2023,0,67,1,1
2022,1,47,4,1
2023,67,71,4,1
2021,0,33,4,1
2022,23,12,3,1
2023,33,52,3,1
2023,0,12,4,1
2020,0,44,2,1
2018,133,25,3,1
2019,0,42,0,1
2022,3,65,4,1
2021,109,53,4,0
2016,19,71,3,0.5
2017,119,21,3,1
2020,59,71,2,1
2019,0,24,3,1
2022,3,82,4,1
2016,49,24,2,1
2020,83,48,3,1
2023,55,35,4,1
2023,157,49,3,1
2019,0,40,3,1
2013,67,71,3,0.75
2018,71,14,3,0
2019,141,49,4,1
2020,75,71,2,1
2022,83,71,4,1
2019,0,54,4,1
2019,13,61,2,1
2018,189,34,3,1
2018,31,43,4,0.75
2018,1,71,4,1
2022,0,48,4,1
2013,13,1,3,0
2019,0,62,3,1
2019,103,45,3,1
2021,81,13,2,1
2018,0,36,0,1
2017,87,71,4,1
2016,63,73,4,0.25
2016,37,71,4,1
2018,13,61,3,1
2017,27,14,4,1
2022,0,22,3,1
2016,201,49,4,1
2018,81,43,4,0
2019,85,43,3,1
2023,57,43,3,1
2020,0,41,4,1
2023,97,41,3,1
2018,85,49,3,1
2020,0,14,3,1
2016,117,44,3,1
2017,453,49,4,1
2017,0,62,4,1
2021,0,47,1,1
2016,63,73,4,1
2019,0,13,0,1
2016,5,12,3,1
2017,57,24,3,1
2019,0,24,1,1
2020,61,13,2,0
2020,31,21,2,0.25
2018,91,13,3,0.5
2023,0,53,1,1
2016,0,62,4,1
2019,11,14,3,1
2016,0,63,4,1
2015,47,13,2,0.25
2022,0,41,4,1
2023,85,49,2,1
2017,0,73,4,0.75
2019,75,14,4,1
2021,99,43,4,1
2016,0,40,0,0
2021,113,49,4,1
2018,45,14,3,1
2021,91,14,3,1
2018,31,21,2,1
2018,37,71,3,1
2017,29,13,3,1
2023,0,47,0,1
2016,0,14,0,0.25
2017,0,81,1,1
2018,13,61,4,1
2022,143,53,4,1
2022,121,49,4,1
2021,0,66,4,1
2016,0,63,3,1
2017,111,43,4,1
2018,0,24,1,1
2013,0,48,1,0.75
2021,3,1,3,1
2020,125,23,3,1
2023,85,71,2,1
2017,0,2,3,1
2021,85,47,1,1
2022,59,71,4,1
2022,0,64,4,1
2020,0,23,1,1
2013,201,49,4,0.25
2016,67,47,4,1
2018,0,65,0,0
2022,121,44,2,1
2021,5,72,3,1
2017,61,73,3,1
2017,0,13,3,1
2018,37,71,4,1
2018,37,71,3,1
2017,35,67,3,1
2016,0,62,4,1
2023,0,62,3,1
2016,37,71,4,1
2023,133,14,4,1
2022,0,24,0,1
2023,127,43,4,0
2021,1,71,4,1
2019,59,71,4,1
2017,57,44,3,1
2022,45,48,4,1
2019,73,73,4,1
2023,25,61,4,1
2022,3,14,3,1
2022,153,24,4,1
2018,0,6,1,1
2023,3,5,4,1
2021,73,44,3,1
2020,375,49,4,0.75
2018,0,47,3,1
2020,5,52,3,1
2023,0,48,4,1
2019,73,71,3,1
2023,83,43,4,1
2020,23,12,3,1
2020,3,11,3,1
2022,13,52,3,1
2020,9,25,3,1
2020,65,71,3,1
2021,439,49,4,1
2018,85,49,2,1
2020,125,23,4,1
2013,113,71,3,0
